#ifndef BEAR320X240_01_H
#define BEAR320X240_01_H

#define BEAR320x240_01_WIDTH (320)
#define BEAR320x240_01_HEIGHT (240)
#define BEAR320x240_01_COMPONENTS (1)

const uint8_t BEAR320x240_01_map[] = {
  0xf9, 0xf3, 0xb9, 0xff,   /*Color of index 0*/
  0xf9, 0xee, 0xb5, 0xff,   /*Color of index 1*/
  0xf9, 0xf1, 0x9e, 0xff,   /*Color of index 2*/
  0xf6, 0xed, 0x99, 0xff,   /*Color of index 3*/
  0xf9, 0xe9, 0xa3, 0xff,   /*Color of index 4*/
  0xf2, 0xe8, 0xa0, 0xff,   /*Color of index 5*/
  0xf4, 0xe8, 0x8d, 0xff,   /*Color of index 6*/
  0xee, 0xe8, 0x88, 0xff,   /*Color of index 7*/
  0xf4, 0xe3, 0x9b, 0xff,   /*Color of index 8*/
  0xf3, 0xde, 0x99, 0xff,   /*Color of index 9*/
  0xf1, 0xe3, 0x87, 0xff,   /*Color of index 10*/
  0xf1, 0xde, 0x86, 0xff,   /*Color of index 11*/
  0xeb, 0xdf, 0x92, 0xff,   /*Color of index 12*/
  0xeb, 0xe1, 0x83, 0xff,   /*Color of index 13*/
  0xe9, 0xe0, 0x7e, 0xff,   /*Color of index 14*/
  0xe9, 0xdc, 0x7c, 0xff,   /*Color of index 15*/
  0xf1, 0xd7, 0x91, 0xff,   /*Color of index 16*/
  0xe9, 0xd6, 0x97, 0xff,   /*Color of index 17*/
  0xec, 0xd7, 0x7d, 0xff,   /*Color of index 18*/
  0xe7, 0xd6, 0x7a, 0xff,   /*Color of index 19*/
  0xef, 0xce, 0x87, 0xff,   /*Color of index 20*/
  0xe8, 0xce, 0x8f, 0xff,   /*Color of index 21*/
  0xe8, 0xd0, 0x76, 0xff,   /*Color of index 22*/
  0xe8, 0xcb, 0x75, 0xff,   /*Color of index 23*/
  0xe3, 0xd5, 0x7f, 0xff,   /*Color of index 24*/
  0xe2, 0xcf, 0x83, 0xff,   /*Color of index 25*/
  0xe2, 0xd2, 0x73, 0xff,   /*Color of index 26*/
  0xe1, 0xce, 0x71, 0xff,   /*Color of index 27*/
  0xe3, 0xca, 0x82, 0xff,   /*Color of index 28*/
  0xe3, 0xca, 0x6f, 0xff,   /*Color of index 29*/
  0xdd, 0xca, 0x7c, 0xff,   /*Color of index 30*/
  0xdd, 0xc9, 0x6d, 0xff,   /*Color of index 31*/
  0xeb, 0xc3, 0x7f, 0xff,   /*Color of index 32*/
  0xe6, 0xc3, 0x71, 0xff,   /*Color of index 33*/
  0xe3, 0xc2, 0x78, 0xff,   /*Color of index 34*/
  0xe1, 0xc5, 0x7a, 0xff,   /*Color of index 35*/
  0xe1, 0xbf, 0x71, 0xff,   /*Color of index 36*/
  0xdd, 0xc5, 0x77, 0xff,   /*Color of index 37*/
  0xdd, 0xbf, 0x7b, 0xff,   /*Color of index 38*/
  0xdc, 0xc3, 0x69, 0xff,   /*Color of index 39*/
  0xdd, 0xbd, 0x69, 0xff,   /*Color of index 40*/
  0xe4, 0xb9, 0x6f, 0xff,   /*Color of index 41*/
  0xde, 0xb8, 0x6a, 0xff,   /*Color of index 42*/
  0xdc, 0xb8, 0x6e, 0xff,   /*Color of index 43*/
  0xdb, 0xb7, 0x65, 0xff,   /*Color of index 44*/
  0xe2, 0xb1, 0x6d, 0xff,   /*Color of index 45*/
  0xdd, 0xb1, 0x66, 0xff,   /*Color of index 46*/
  0xdb, 0xb1, 0x68, 0xff,   /*Color of index 47*/
  0xdb, 0xb0, 0x62, 0xff,   /*Color of index 48*/
  0xd7, 0xc1, 0x6f, 0xff,   /*Color of index 49*/
  0xd7, 0xbb, 0x6f, 0xff,   /*Color of index 50*/
  0xd7, 0xb6, 0x71, 0xff,   /*Color of index 51*/
  0xd7, 0xb5, 0x62, 0xff,   /*Color of index 52*/
  0xce, 0xbd, 0x6f, 0xff,   /*Color of index 53*/
  0xcd, 0xb7, 0x6b, 0xff,   /*Color of index 54*/
  0xc7, 0xb4, 0x6f, 0xff,   /*Color of index 55*/
  0xd5, 0xb0, 0x6f, 0xff,   /*Color of index 56*/
  0xd6, 0xb0, 0x61, 0xff,   /*Color of index 57*/
  0xd5, 0xb0, 0x5f, 0xff,   /*Color of index 58*/
  0xd5, 0xad, 0x5e, 0xff,   /*Color of index 59*/
  0xc7, 0xb0, 0x74, 0xff,   /*Color of index 60*/
  0xc9, 0xaf, 0x5f, 0xff,   /*Color of index 61*/
  0xb1, 0xaf, 0x82, 0xff,   /*Color of index 62*/
  0xb4, 0xaf, 0x6e, 0xff,   /*Color of index 63*/
  0xde, 0xa9, 0x66, 0xff,   /*Color of index 64*/
  0xd9, 0xa9, 0x61, 0xff,   /*Color of index 65*/
  0xd8, 0xaa, 0x60, 0xff,   /*Color of index 66*/
  0xd7, 0xa6, 0x5f, 0xff,   /*Color of index 67*/
  0xd4, 0xa9, 0x66, 0xff,   /*Color of index 68*/
  0xd4, 0xa8, 0x5e, 0xff,   /*Color of index 69*/
  0xd4, 0xa8, 0x5c, 0xff,   /*Color of index 70*/
  0xd3, 0xa8, 0x5a, 0xff,   /*Color of index 71*/
  0xd3, 0xa4, 0x59, 0xff,   /*Color of index 72*/
  0xd8, 0xa1, 0x61, 0xff,   /*Color of index 73*/
  0xd6, 0xa1, 0x59, 0xff,   /*Color of index 74*/
  0xd3, 0xa1, 0x5a, 0xff,   /*Color of index 75*/
  0xd6, 0x9c, 0x5f, 0xff,   /*Color of index 76*/
  0xd4, 0x9c, 0x57, 0xff,   /*Color of index 77*/
  0xd1, 0xa0, 0x5b, 0xff,   /*Color of index 78*/
  0xd1, 0x9f, 0x56, 0xff,   /*Color of index 79*/
  0xd1, 0x9b, 0x58, 0xff,   /*Color of index 80*/
  0xd1, 0x9b, 0x54, 0xff,   /*Color of index 81*/
  0xca, 0xaa, 0x6b, 0xff,   /*Color of index 82*/
  0xca, 0xa4, 0x65, 0xff,   /*Color of index 83*/
  0xca, 0xa5, 0x57, 0xff,   /*Color of index 84*/
  0xc8, 0xa1, 0x56, 0xff,   /*Color of index 85*/
  0xca, 0x9c, 0x5e, 0xff,   /*Color of index 86*/
  0xcb, 0x9c, 0x55, 0xff,   /*Color of index 87*/
  0xce, 0x9b, 0x53, 0xff,   /*Color of index 88*/
  0xc5, 0x9c, 0x52, 0xff,   /*Color of index 89*/
  0xb7, 0xaa, 0x64, 0xff,   /*Color of index 90*/
  0xb7, 0xa2, 0x5e, 0xff,   /*Color of index 91*/
  0xae, 0xa8, 0x68, 0xff,   /*Color of index 92*/
  0xad, 0xa2, 0x5d, 0xff,   /*Color of index 93*/
  0xb9, 0x9c, 0x5d, 0xff,   /*Color of index 94*/
  0xbb, 0x9b, 0x52, 0xff,   /*Color of index 95*/
  0xaf, 0x9c, 0x58, 0xff,   /*Color of index 96*/
  0xaa, 0x9b, 0x57, 0xff,   /*Color of index 97*/
  0xd4, 0x94, 0x5b, 0xff,   /*Color of index 98*/
  0xcf, 0x94, 0x56, 0xff,   /*Color of index 99*/
  0xcd, 0x96, 0x54, 0xff,   /*Color of index 100*/
  0xcd, 0x91, 0x54, 0xff,   /*Color of index 101*/
  0xc9, 0x95, 0x56, 0xff,   /*Color of index 102*/
  0xc9, 0x94, 0x4f, 0xff,   /*Color of index 103*/
  0xc9, 0x8f, 0x53, 0xff,   /*Color of index 104*/
  0xc7, 0x8f, 0x4d, 0xff,   /*Color of index 105*/
  0xcf, 0x8a, 0x56, 0xff,   /*Color of index 106*/
  0xc9, 0x8a, 0x51, 0xff,   /*Color of index 107*/
  0xc5, 0x8b, 0x4f, 0xff,   /*Color of index 108*/
  0xc5, 0x87, 0x4e, 0xff,   /*Color of index 109*/
  0xcd, 0x81, 0x53, 0xff,   /*Color of index 110*/
  0xc8, 0x81, 0x4f, 0xff,   /*Color of index 111*/
  0xc4, 0x81, 0x4d, 0xff,   /*Color of index 112*/
  0xba, 0x95, 0x64, 0xff,   /*Color of index 113*/
  0xba, 0x95, 0x50, 0xff,   /*Color of index 114*/
  0xbf, 0x8a, 0x50, 0xff,   /*Color of index 115*/
  0xb5, 0x8b, 0x58, 0xff,   /*Color of index 116*/
  0xad, 0x95, 0x53, 0xff,   /*Color of index 117*/
  0xa6, 0x94, 0x52, 0xff,   /*Color of index 118*/
  0xab, 0x8a, 0x51, 0xff,   /*Color of index 119*/
  0xa2, 0x8b, 0x4d, 0xff,   /*Color of index 120*/
  0xc0, 0x83, 0x4c, 0xff,   /*Color of index 121*/
  0xb9, 0x83, 0x4d, 0xff,   /*Color of index 122*/
  0xc0, 0x7e, 0x4a, 0xff,   /*Color of index 123*/
  0xb9, 0x7e, 0x4a, 0xff,   /*Color of index 124*/
  0xaa, 0x84, 0x4f, 0xff,   /*Color of index 125*/
  0xaa, 0x7e, 0x4e, 0xff,   /*Color of index 126*/
  0x9d, 0x83, 0x4a, 0xff,   /*Color of index 127*/
  0x9c, 0x7e, 0x48, 0xff,   /*Color of index 128*/
  0xc7, 0x78, 0x4d, 0xff,   /*Color of index 129*/
  0xbf, 0x78, 0x49, 0xff,   /*Color of index 130*/
  0xc8, 0x6f, 0x4b, 0xff,   /*Color of index 131*/
  0xc1, 0x6f, 0x47, 0xff,   /*Color of index 132*/
  0xb5, 0x78, 0x48, 0xff,   /*Color of index 133*/
  0xb5, 0x74, 0x45, 0xff,   /*Color of index 134*/
  0xb7, 0x6e, 0x43, 0xff,   /*Color of index 135*/
  0xb0, 0x6e, 0x42, 0xff,   /*Color of index 136*/
  0xc4, 0x67, 0x47, 0xff,   /*Color of index 137*/
  0xc3, 0x63, 0x45, 0xff,   /*Color of index 138*/
  0xc2, 0x5e, 0x44, 0xff,   /*Color of index 139*/
  0xc2, 0x5a, 0x43, 0xff,   /*Color of index 140*/
  0xb8, 0x67, 0x41, 0xff,   /*Color of index 141*/
  0xaf, 0x67, 0x3f, 0xff,   /*Color of index 142*/
  0xb5, 0x60, 0x3e, 0xff,   /*Color of index 143*/
  0xb5, 0x5a, 0x3d, 0xff,   /*Color of index 144*/
  0xa5, 0x78, 0x4a, 0xff,   /*Color of index 145*/
  0xa5, 0x72, 0x49, 0xff,   /*Color of index 146*/
  0xa5, 0x6d, 0x45, 0xff,   /*Color of index 147*/
  0xa4, 0x69, 0x42, 0xff,   /*Color of index 148*/
  0x98, 0x77, 0x48, 0xff,   /*Color of index 149*/
  0x98, 0x70, 0x48, 0xff,   /*Color of index 150*/
  0x99, 0x6b, 0x44, 0xff,   /*Color of index 151*/
  0x8f, 0x6a, 0x3f, 0xff,   /*Color of index 152*/
  0xa5, 0x63, 0x3e, 0xff,   /*Color of index 153*/
  0x9b, 0x63, 0x3d, 0xff,   /*Color of index 154*/
  0xa4, 0x5c, 0x3b, 0xff,   /*Color of index 155*/
  0x9a, 0x5c, 0x3a, 0xff,   /*Color of index 156*/
  0x94, 0x62, 0x3c, 0xff,   /*Color of index 157*/
  0x93, 0x5b, 0x38, 0xff,   /*Color of index 158*/
  0x8a, 0x62, 0x3a, 0xff,   /*Color of index 159*/
  0x87, 0x5b, 0x37, 0xff,   /*Color of index 160*/
  0xc0, 0x55, 0x41, 0xff,   /*Color of index 161*/
  0xba, 0x54, 0x3d, 0xff,   /*Color of index 162*/
  0xbd, 0x4e, 0x3e, 0xff,   /*Color of index 163*/
  0xb9, 0x4d, 0x3b, 0xff,   /*Color of index 164*/
  0xb3, 0x53, 0x3a, 0xff,   /*Color of index 165*/
  0xb2, 0x4c, 0x38, 0xff,   /*Color of index 166*/
  0xa3, 0x55, 0x38, 0xff,   /*Color of index 167*/
  0xa3, 0x4e, 0x35, 0xff,   /*Color of index 168*/
  0xb8, 0x49, 0x3a, 0xff,   /*Color of index 169*/
  0xb3, 0x48, 0x38, 0xff,   /*Color of index 170*/
  0xb4, 0x44, 0x37, 0xff,   /*Color of index 171*/
  0xb1, 0x43, 0x35, 0xff,   /*Color of index 172*/
  0xad, 0x47, 0x34, 0xff,   /*Color of index 173*/
  0xad, 0x41, 0x33, 0xff,   /*Color of index 174*/
  0xa5, 0x46, 0x32, 0xff,   /*Color of index 175*/
  0xa5, 0x41, 0x30, 0xff,   /*Color of index 176*/
  0x94, 0x56, 0x37, 0xff,   /*Color of index 177*/
  0x92, 0x51, 0x35, 0xff,   /*Color of index 178*/
  0x8a, 0x55, 0x34, 0xff,   /*Color of index 179*/
  0x8b, 0x50, 0x32, 0xff,   /*Color of index 180*/
  0x8f, 0x4c, 0x31, 0xff,   /*Color of index 181*/
  0x88, 0x4c, 0x2f, 0xff,   /*Color of index 182*/
  0x91, 0x45, 0x2e, 0xff,   /*Color of index 183*/
  0x87, 0x46, 0x2d, 0xff,   /*Color of index 184*/
  0x7f, 0x53, 0x31, 0xff,   /*Color of index 185*/
  0x7e, 0x4c, 0x2e, 0xff,   /*Color of index 186*/
  0x80, 0x48, 0x2d, 0xff,   /*Color of index 187*/
  0x77, 0x48, 0x2b, 0xff,   /*Color of index 188*/
  0x81, 0x43, 0x2b, 0xff,   /*Color of index 189*/
  0x7c, 0x42, 0x2b, 0xff,   /*Color of index 190*/
  0x74, 0x42, 0x29, 0xff,   /*Color of index 191*/
  0xad, 0x3d, 0x31, 0xff,   /*Color of index 192*/
  0xa9, 0x3c, 0x30, 0xff,   /*Color of index 193*/
  0xa5, 0x3c, 0x2f, 0xff,   /*Color of index 194*/
  0x9f, 0x3b, 0x2d, 0xff,   /*Color of index 195*/
  0xa3, 0x37, 0x2e, 0xff,   /*Color of index 196*/
  0xa0, 0x34, 0x2c, 0xff,   /*Color of index 197*/
  0x9b, 0x35, 0x2c, 0xff,   /*Color of index 198*/
  0x9b, 0x31, 0x2b, 0xff,   /*Color of index 199*/
  0x8f, 0x3a, 0x2a, 0xff,   /*Color of index 200*/
  0x90, 0x35, 0x29, 0xff,   /*Color of index 201*/
  0x95, 0x31, 0x2a, 0xff,   /*Color of index 202*/
  0x8b, 0x31, 0x28, 0xff,   /*Color of index 203*/
  0x7e, 0x3d, 0x29, 0xff,   /*Color of index 204*/
  0x78, 0x3c, 0x29, 0xff,   /*Color of index 205*/
  0x7e, 0x35, 0x26, 0xff,   /*Color of index 206*/
  0x7f, 0x31, 0x26, 0xff,   /*Color of index 207*/
  0x95, 0x2d, 0x28, 0xff,   /*Color of index 208*/
  0x8e, 0x2b, 0x26, 0xff,   /*Color of index 209*/
  0x8a, 0x2b, 0x25, 0xff,   /*Color of index 210*/
  0x89, 0x26, 0x23, 0xff,   /*Color of index 211*/
  0x84, 0x2d, 0x24, 0xff,   /*Color of index 212*/
  0x85, 0x28, 0x23, 0xff,   /*Color of index 213*/
  0x84, 0x25, 0x21, 0xff,   /*Color of index 214*/
  0x84, 0x22, 0x20, 0xff,   /*Color of index 215*/
  0x7d, 0x2d, 0x24, 0xff,   /*Color of index 216*/
  0x7d, 0x2a, 0x23, 0xff,   /*Color of index 217*/
  0x7f, 0x27, 0x21, 0xff,   /*Color of index 218*/
  0x79, 0x27, 0x21, 0xff,   /*Color of index 219*/
  0x7f, 0x24, 0x20, 0xff,   /*Color of index 220*/
  0x7a, 0x24, 0x1f, 0xff,   /*Color of index 221*/
  0x7b, 0x21, 0x1d, 0xff,   /*Color of index 222*/
  0x74, 0x3b, 0x28, 0xff,   /*Color of index 223*/
  0x6e, 0x3b, 0x26, 0xff,   /*Color of index 224*/
  0x71, 0x37, 0x25, 0xff,   /*Color of index 225*/
  0x6c, 0x37, 0x24, 0xff,   /*Color of index 226*/
  0x70, 0x34, 0x23, 0xff,   /*Color of index 227*/
  0x6b, 0x33, 0x22, 0xff,   /*Color of index 228*/
  0x6e, 0x2f, 0x21, 0xff,   /*Color of index 229*/
  0x71, 0x2a, 0x1f, 0xff,   /*Color of index 230*/
  0x65, 0x36, 0x21, 0xff,   /*Color of index 231*/
  0x64, 0x32, 0x1f, 0xff,   /*Color of index 232*/
  0x64, 0x30, 0x1f, 0xff,   /*Color of index 233*/
  0x5d, 0x30, 0x1c, 0xff,   /*Color of index 234*/
  0x62, 0x2d, 0x1c, 0xff,   /*Color of index 235*/
  0x5c, 0x2c, 0x1b, 0xff,   /*Color of index 236*/
  0x56, 0x2b, 0x1a, 0xff,   /*Color of index 237*/
  0x50, 0x2a, 0x18, 0xff,   /*Color of index 238*/
  0x73, 0x26, 0x1f, 0xff,   /*Color of index 239*/
  0x73, 0x24, 0x1e, 0xff,   /*Color of index 240*/
  0x73, 0x23, 0x1d, 0xff,   /*Color of index 241*/
  0x6b, 0x25, 0x1c, 0xff,   /*Color of index 242*/
  0x59, 0x26, 0x18, 0xff,   /*Color of index 243*/
  0x6e, 0x20, 0x1a, 0xff,   /*Color of index 244*/
  0x6b, 0x1d, 0x18, 0xff,   /*Color of index 245*/
  0x5d, 0x1e, 0x16, 0xff,   /*Color of index 246*/
  0x56, 0x18, 0x13, 0xff,   /*Color of index 247*/
  0x4d, 0x26, 0x16, 0xff,   /*Color of index 248*/
  0x4b, 0x20, 0x15, 0xff,   /*Color of index 249*/
  0x42, 0x21, 0x13, 0xff,   /*Color of index 250*/
  0x40, 0x1e, 0x12, 0xff,   /*Color of index 251*/
  0x4f, 0x18, 0x12, 0xff,   /*Color of index 252*/
  0x4f, 0x14, 0x10, 0xff,   /*Color of index 253*/
  0x44, 0x1a, 0x12, 0xff,   /*Color of index 254*/
  0x3d, 0x1b, 0x10, 0xff,   /*Color of index 255*/

  0x94, 0x99, 0x99, 0x99, 0x94, 0x99, 0x94, 0x93, 0x8e, 0x8e, 0x88, 0x88, 0x86, 0x86, 0x88, 0x88, 0x88, 0x88, 0x88, 0x86, 0x86, 0x85, 0x85, 0x86, 0x88, 0x88, 0x88, 0x88, 0x88, 0x88, 0x8e, 0x88, 0x88, 0x8e, 0x88, 0x68, 0x2d, 0x38, 0x56, 0x7a, 0x85, 0x86, 0x87, 0x88, 0x88, 0x88, 0x86, 0x87, 0x88, 0x86, 0x88, 0x88, 0x87, 0x87, 0x87, 0x8e, 0x8e, 0x86, 0x62, 0x4c, 0x6f, 0x86, 0x87, 0x8e, 0x8e, 0x8e, 0x8e, 0x8e, 0x94, 0x8e, 0x99, 0x99, 0x99, 0x8e, 0x99, 0x8e, 0x8e, 0x8e, 0x99, 0x88, 0x86, 0x86, 0x88, 0x86, 0x85, 0x7c, 0x82, 0x82, 0x7b, 0x7b, 0x79, 0x79, 0x6c, 0x69, 0x69, 0x68, 0x69, 0x68, 0x65, 0x63, 0x63, 0x50, 0x4c, 0x4c, 0x62, 0x68, 0x73, 0x79, 0x7c, 0x7a, 0x79, 0x7a, 0x7c, 0x79, 0x68, 0x63, 0x65, 0x6d, 0x79, 0x6d, 0x79, 0x79, 0x6b, 0x65, 0x65, 0x65, 0x68, 0x6b, 0x6b, 0x70, 0x7b, 0x7b, 0x7b, 0x82, 0x70, 0x7b, 0x7b, 0x7b, 0x79, 0x68, 0x66, 0x6c, 0x64, 0x50, 0x64, 0x64, 0x64, 0x67, 0x67, 0x64, 0x4d, 0x49, 0x40, 0x40, 0x40, 0x50, 0x64, 0x50, 0x64, 0x64, 0x58, 0x67, 0x67, 0x67, 0x64, 0x50, 0x65, 0x68, 0x68, 0x6d, 0x79, 0x6d, 0x6b, 0x79, 0x7b, 0x7b, 0x6d, 0x65, 0x6b, 0x6d, 0x6b, 0x65, 0x63, 0x63, 0x65, 0x65, 0x6d, 0x7c, 0x7b, 0x79, 0x7c, 0x79, 0x79, 0x70, 0x70, 0x6d, 0x6b, 0x6d, 0x6c, 0x68, 0x6b, 0x68, 0x68, 0x6d, 0x6c, 0x6d, 0x7b, 0x79, 0x6d, 0x6c, 0x6d, 0x6c, 0x68, 0x65, 0x65, 0x50, 0x4f, 0x4e, 0x2f, 0x1c, 0x10, 0x15, 0x38, 0x85, 0x8e, 0x90, 0xa7, 0xa6, 0xaf, 0xc3, 0xca, 0xd2, 0xd4, 0xd5, 0xd7, 0xd7, 0xd7, 0xd7, 0xd7, 0xdc, 0xdc, 0xdc, 0xdc, 0xdc, 0xda, 0xd5, 0xd2, 0xc3, 0x90, 0x81, 0x49, 0x2d, 0x62, 0x6d, 0x7b, 0x7b, 0x7b, 0x82, 0x7b, 0x7c, 0x7c, 0x7b, 0x81, 0x84, 0x82, 0x82, 0x82, 0x7b, 0x6e, 0x6a, 0x6a, 0x6e, 0x82, 0x82, 0x82, 0x6f, 0x6b, 0x70, 0x70, 0x79, 0x70, 0x6d, 0x6b, 0x65, 0x65, 0x68, 0x6a, 0x6b, 0x6b, 0x68, 0x62, 0x4c, 0x40, 0x4c, 0x68, 0x6c, 0x6c, 0x6c, 0x65, 0x69, 0x69, 0x57, 0x45, 0x44, 0x44, 0x57, 0x64, 0x63, 0x63, 0x50, 0x40, 0x40, 0x4c, 0x64, 0x64, 0x50, 0x63, 0x65, 0x63, 0x68,
  0x8e, 0x99, 0x99, 0x99, 0x88, 0x99, 0x99, 0x94, 0x88, 0x88, 0x88, 0x88, 0x88, 0x86, 0x88, 0x86, 0x85, 0x85, 0x85, 0x85, 0x85, 0x85, 0x85, 0x86, 0x88, 0x86, 0x85, 0x86, 0x85, 0x86, 0x88, 0x86, 0x86, 0x86, 0x85, 0x56, 0x20, 0x14, 0x38, 0x53, 0x66, 0x7a, 0x7c, 0x85, 0x7c, 0x7c, 0x82, 0x82, 0x82, 0x86, 0x88, 0x88, 0x87, 0x84, 0x8e, 0x87, 0x87, 0x82, 0x62, 0x49, 0x6a, 0x82, 0x88, 0x88, 0x8e, 0x88, 0x86, 0x88, 0x88, 0x8e, 0x8e, 0x8e, 0x88, 0x8e, 0x88, 0x86, 0x87, 0x88, 0x88, 0x86, 0x82, 0x85, 0x88, 0x86, 0x7b, 0x7b, 0x7b, 0x82, 0x82, 0x7b, 0x6d, 0x6b, 0x50, 0x4c, 0x50, 0x50, 0x64, 0x68, 0x66, 0x64, 0x66, 0x64, 0x50, 0x63, 0x68, 0x68, 0x68, 0x73, 0x73, 0x73, 0x73, 0x73, 0x79, 0x6d, 0x6c, 0x6c, 0x6d, 0x6d, 0x6d, 0x79, 0x7c, 0x79, 0x6c, 0x68, 0x65, 0x65, 0x68, 0x6b, 0x70, 0x7b, 0x82, 0x82, 0x82, 0x7b, 0x7b, 0x7b, 0x70, 0x6f, 0x79, 0x6c, 0x68, 0x69, 0x63, 0x63, 0x65, 0x64, 0x50, 0x51, 0x51, 0x4d, 0x4d, 0x49, 0x40, 0x40, 0x4c, 0x50, 0x4c, 0x4d, 0x64, 0x4d, 0x4d, 0x51, 0x58, 0x51, 0x50, 0x64, 0x69, 0x69, 0x65, 0x6c, 0x6d, 0x65, 0x62, 0x69, 0x79, 0x79, 0x65, 0x65, 0x65, 0x65, 0x68, 0x63, 0x49, 0x49, 0x4c, 0x62, 0x65, 0x79, 0x79, 0x7b, 0x7c, 0x7c, 0x7b, 0x7b, 0x70, 0x6b, 0x6b, 0x6d, 0x6c, 0x6b, 0x68, 0x65, 0x65, 0x6b, 0x68, 0x68, 0x79, 0x7b, 0x6d, 0x65, 0x68, 0x6c, 0x69, 0x68, 0x50, 0x4d, 0x58, 0x45, 0x24, 0x14, 0x09, 0x10, 0x2d, 0x79, 0x87, 0x8d, 0xa5, 0xa5, 0xa5, 0xad, 0xc3, 0xd1, 0xd5, 0xd6, 0xd7, 0xd7, 0xd7, 0xd7, 0xd7, 0xdc, 0xdc, 0xdc, 0xdc, 0xdc, 0xdc, 0xda, 0xd5, 0xcb, 0xaf, 0x8d, 0x62, 0x2d, 0x40, 0x62, 0x6b, 0x6d, 0x79, 0x7b, 0x79, 0x7b, 0x7b, 0x70, 0x6f, 0x81, 0x81, 0x81, 0x7b, 0x7b, 0x6f, 0x6a, 0x6a, 0x6e, 0x82, 0x82, 0x7b, 0x6f, 0x6b, 0x6d, 0x79, 0x7b, 0x6d, 0x6b, 0x63, 0x4c, 0x4c, 0x65, 0x65, 0x63, 0x65, 0x68, 0x4c, 0x2d, 0x2d, 0x40, 0x4c, 0x69, 0x68, 0x65, 0x68, 0x68, 0x64, 0x40, 0x29, 0x20, 0x22, 0x40, 0x49, 0x4c, 0x63, 0x4c, 0x41, 0x49, 0x50, 0x50, 0x4c, 0x63, 0x65, 0x63, 0x63, 0x68,
  0x88, 0x88, 0x8e, 0x88, 0x88, 0x94, 0x99, 0x99, 0x8e, 0x88, 0x88, 0x88, 0x88, 0x86, 0x86, 0x7c, 0x79, 0x79, 0x7c, 0x7c, 0x85, 0x85, 0x85, 0x86, 0x86, 0x85, 0x7c, 0x7c, 0x7b, 0x7c, 0x85, 0x85, 0x85, 0x7c, 0x7a, 0x56, 0x20, 0x09, 0x11, 0x26, 0x38, 0x56, 0x73, 0x73, 0x73, 0x79, 0x7c, 0x85, 0x86, 0x87, 0x86, 0x86, 0x87, 0x87, 0x87, 0x82, 0x7b, 0x86, 0x7b, 0x6a, 0x6f, 0x88, 0x8e, 0x87, 0x88, 0x88, 0x88, 0x8e, 0x99, 0x99, 0x8e, 0x8e, 0x88, 0x88, 0x82, 0x6a, 0x6b, 0x70, 0x7b, 0x7b, 0x7b, 0x86, 0x86, 0x82, 0x70, 0x70, 0x7b, 0x7b, 0x7b, 0x79, 0x6b, 0x62, 0x40, 0x2d, 0x40, 0x49, 0x50, 0x66, 0x67, 0x64, 0x66, 0x66, 0x64, 0x64, 0x68, 0x6c, 0x68, 0x65, 0x65, 0x68, 0x6c, 0x6d, 0x6b, 0x68, 0x6d, 0x6d, 0x6d, 0x6c, 0x68, 0x6d, 0x79, 0x7c, 0x73, 0x65, 0x63, 0x65, 0x65, 0x6b, 0x79, 0x7b, 0x7b, 0x82, 0x82, 0x70, 0x70, 0x6d, 0x6a, 0x62, 0x6b, 0x69, 0x69, 0x65, 0x63, 0x63, 0x65, 0x63, 0x4d, 0x4d, 0x4d, 0x4d, 0x4d, 0x4d, 0x49, 0x40, 0x4c, 0x4c, 0x4c, 0x49, 0x4b, 0x4d, 0x51, 0x4a, 0x4a, 0x4f, 0x64, 0x50, 0x50, 0x64, 0x68, 0x6c, 0x65, 0x62, 0x63, 0x69, 0x69, 0x69, 0x69, 0x69, 0x68, 0x65, 0x65, 0x63, 0x49, 0x40, 0x49, 0x62, 0x62, 0x6b, 0x79, 0x79, 0x7c, 0x7c, 0x7b, 0x70, 0x6f, 0x6b, 0x6a, 0x68, 0x68, 0x65, 0x63, 0x62, 0x63, 0x68, 0x68, 0x65, 0x69, 0x6d, 0x6c, 0x68, 0x68, 0x68, 0x67, 0x67, 0x4d, 0x51, 0x69, 0x4e, 0x22, 0x10, 0x09, 0x10, 0x2d, 0x6b, 0x84, 0x89, 0x8f, 0xa5, 0xad, 0xad, 0xaf, 0xc6, 0xd1, 0xd3, 0xd3, 0xd3, 0xd6, 0xd6, 0xd7, 0xdc, 0xdc, 0xdc, 0xdc, 0xdc, 0xdc, 0xdc, 0xdc, 0xd5, 0xc8, 0xa5, 0x6e, 0x2d, 0x20, 0x2d, 0x49, 0x65, 0x6b, 0x6b, 0x6d, 0x79, 0x7c, 0x7b, 0x6f, 0x6f, 0x6f, 0x70, 0x70, 0x70, 0x7b, 0x6f, 0x6f, 0x70, 0x7b, 0x70, 0x7b, 0x7b, 0x70, 0x79, 0x7b, 0x7b, 0x6d, 0x65, 0x49, 0x40, 0x4c, 0x62, 0x62, 0x62, 0x62, 0x62, 0x49, 0x2d, 0x2d, 0x2d, 0x49, 0x50, 0x4c, 0x63, 0x69, 0x68, 0x4b, 0x29, 0x20, 0x14, 0x20, 0x2d, 0x4c, 0x50, 0x64, 0x4e, 0x49, 0x49, 0x4c, 0x50, 0x64, 0x64, 0x64, 0x69, 0x69, 0x65,
  0x88, 0x88, 0x88, 0x88, 0x88, 0x86, 0x88, 0x88, 0x85, 0x86, 0x88, 0x88, 0x86, 0x85, 0x7c, 0x6b, 0x6d, 0x6d, 0x6d, 0x79, 0x79, 0x7a, 0x7a, 0x7c, 0x7c, 0x79, 0x7b, 0x7b, 0x79, 0x79, 0x7b, 0x79, 0x7c, 0x7b, 0x73, 0x53, 0x20, 0x04, 0x04, 0x09, 0x11, 0x26, 0x52, 0x56, 0x56, 0x73, 0x7a, 0x7c, 0x85, 0x82, 0x82, 0x7b, 0x82, 0x86, 0x82, 0x7b, 0x70, 0x7b, 0x7b, 0x79, 0x7b, 0x86, 0x8e, 0x8e, 0x88, 0x86, 0x88, 0x8e, 0x99, 0x8e, 0x88, 0x88, 0x88, 0x7c, 0x6a, 0x49, 0x62, 0x62, 0x6f, 0x7b, 0x70, 0x70, 0x7b, 0x70, 0x70, 0x70, 0x70, 0x6d, 0x6d, 0x6b, 0x68, 0x4c, 0x2d, 0x29, 0x29, 0x2d, 0x41, 0x50, 0x4e, 0x4e, 0x50, 0x57, 0x50, 0x50, 0x63, 0x68, 0x65, 0x63, 0x62, 0x50, 0x63, 0x65, 0x63, 0x63, 0x69, 0x68, 0x63, 0x68, 0x68, 0x68, 0x6c, 0x79, 0x68, 0x63, 0x63, 0x65, 0x68, 0x6d, 0x79, 0x6d, 0x79, 0x7b, 0x7b, 0x79, 0x6b, 0x63, 0x62, 0x4c, 0x62, 0x63, 0x65, 0x63, 0x4d, 0x4d, 0x63, 0x4d, 0x4d, 0x51, 0x51, 0x50, 0x4d, 0x4a, 0x4d, 0x4c, 0x4c, 0x50, 0x4e, 0x43, 0x41, 0x4b, 0x4d, 0x4a, 0x4f, 0x51, 0x51, 0x4d, 0x4a, 0x50, 0x63, 0x65, 0x63, 0x68, 0x63, 0x63, 0x64, 0x64, 0x69, 0x69, 0x65, 0x62, 0x4c, 0x4c, 0x49, 0x40, 0x4c, 0x63, 0x65, 0x68, 0x6d, 0x79, 0x79, 0x7c, 0x6d, 0x6b, 0x6d, 0x6b, 0x65, 0x63, 0x63, 0x63, 0x50, 0x50, 0x65, 0x68, 0x69, 0x69, 0x69, 0x6c, 0x69, 0x69, 0x6c, 0x69, 0x69, 0x67, 0x51, 0x51, 0x64, 0x4e, 0x24, 0x10, 0x08, 0x10, 0x2d, 0x70, 0x87, 0x8d, 0x89, 0x8b, 0xa2, 0xa2, 0xaa, 0xb0, 0xca, 0xd1, 0xd3, 0xd3, 0xd7, 0xd7, 0xd7, 0xdc, 0xdc, 0xdc, 0xdc, 0xde, 0xdc, 0xdc, 0xdc, 0xde, 0xd4, 0xc8, 0x8f, 0x62, 0x2d, 0x29, 0x29, 0x40, 0x64, 0x68, 0x68, 0x73, 0x79, 0x79, 0x70, 0x70, 0x6f, 0x70, 0x6d, 0x6d, 0x6f, 0x7b, 0x82, 0x70, 0x70, 0x70, 0x6d, 0x6b, 0x6b, 0x6c, 0x6d, 0x6b, 0x68, 0x62, 0x40, 0x40, 0x4c, 0x49, 0x4c, 0x63, 0x50, 0x4c, 0x49, 0x49, 0x40, 0x40, 0x4e, 0x64, 0x50, 0x69, 0x65, 0x63, 0x49, 0x29, 0x14, 0x14, 0x20, 0x2d, 0x4c, 0x4d, 0x50, 0x4e, 0x49, 0x50, 0x50, 0x4c, 0x50, 0x50, 0x50, 0x65, 0x6c, 0x65,
  0x86, 0x86, 0x88, 0x86, 0x85, 0x85, 0x88, 0x85, 0x7b, 0x82, 0x86, 0x86, 0x86, 0x85, 0x79, 0x6b, 0x6d, 0x6d, 0x6d, 0x79, 0x6c, 0x6c, 0x6c, 0x68, 0x73, 0x73, 0x79, 0x79, 0x79, 0x79, 0x79, 0x73, 0x79, 0x79, 0x73, 0x53, 0x1c, 0x04, 0x01, 0x01, 0x04, 0x09, 0x15, 0x20, 0x38, 0x53, 0x66, 0x73, 0x7c, 0x7b, 0x82, 0x82, 0x82, 0x82, 0x7b, 0x7b, 0x70, 0x70, 0x6d, 0x7b, 0x85, 0x86, 0x8e, 0x88, 0x86, 0x88, 0x99, 0x8e, 0x88, 0x8e, 0x88, 0x88, 0x86, 0x6d, 0x62, 0x40, 0x4c, 0x6a, 0x6f, 0x70, 0x70, 0x70, 0x6f, 0x6d, 0x70, 0x70, 0x6d, 0x6b, 0x68, 0x68, 0x63, 0x4e, 0x40, 0x20, 0x20, 0x2d, 0x49, 0x4e, 0x43, 0x43, 0x4e, 0x50, 0x50, 0x50, 0x50, 0x63, 0x63, 0x64, 0x50, 0x4c, 0x4c, 0x4d, 0x50, 0x51, 0x64, 0x63, 0x63, 0x68, 0x6c, 0x68, 0x69, 0x73, 0x66, 0x4c, 0x50, 0x63, 0x63, 0x6c, 0x6d, 0x6b, 0x68, 0x6d, 0x79, 0x79, 0x68, 0x62, 0x49, 0x49, 0x62, 0x62, 0x63, 0x63, 0x50, 0x4d, 0x4d, 0x4d, 0x4d, 0x51, 0x58, 0x51, 0x4b, 0x4a, 0x50, 0x51, 0x49, 0x49, 0x49, 0x43, 0x43, 0x43, 0x4f, 0x58, 0x58, 0x58, 0x51, 0x4f, 0x58, 0x64, 0x4d, 0x50, 0x63, 0x65, 0x4d, 0x4a, 0x4d, 0x51, 0x64, 0x64, 0x50, 0x4c, 0x4c, 0x4c, 0x4d, 0x4c, 0x50, 0x50, 0x64, 0x6c, 0x6c, 0x6c, 0x73, 0x7c, 0x6d, 0x6b, 0x70, 0x6b, 0x65, 0x63, 0x66, 0x65, 0x68, 0x67, 0x67, 0x64, 0x67, 0x69, 0x6c, 0x6c, 0x68, 0x68, 0x69, 0x6d, 0x6d, 0x67, 0x51, 0x4d, 0x50, 0x4e, 0x33, 0x1c, 0x09, 0x14, 0x40, 0x6b, 0x82, 0x84, 0x89, 0x89, 0x8a, 0x8c, 0xa3, 0xaa, 0xc5, 0xd1, 0xd3, 0xd6, 0xd7, 0xd7, 0xd6, 0xdc, 0xdc, 0xdc, 0xdc, 0xde, 0xde, 0xda, 0xdc, 0xda, 0xdc, 0xd4, 0xa8, 0x82, 0x40, 0x20, 0x20, 0x29, 0x41, 0x4e, 0x64, 0x66, 0x6c, 0x6c, 0x6b, 0x6f, 0x70, 0x70, 0x6d, 0x6c, 0x6d, 0x70, 0x79, 0x6d, 0x6d, 0x65, 0x63, 0x65, 0x68, 0x69, 0x6c, 0x68, 0x68, 0x62, 0x49, 0x49, 0x40, 0x40, 0x49, 0x50, 0x50, 0x50, 0x4c, 0x4c, 0x49, 0x49, 0x4e, 0x64, 0x64, 0x63, 0x65, 0x50, 0x4b, 0x2f, 0x20, 0x20, 0x2d, 0x4b, 0x4c, 0x49, 0x50, 0x64, 0x4b, 0x4e, 0x57, 0x4e, 0x43, 0x4d, 0x50, 0x4c, 0x64, 0x64,
  0x85, 0x86, 0x86, 0x86, 0x85, 0x86, 0x86, 0x86, 0x85, 0x86, 0x86, 0x86, 0x7c, 0x7c, 0x7b, 0x79, 0x79, 0x6b, 0x6c, 0x6c, 0x4c, 0x49, 0x56, 0x66, 0x66, 0x73, 0x79, 0x6c, 0x69, 0x6c, 0x6c, 0x6c, 0x68, 0x68, 0x66, 0x53, 0x26, 0x04, 0x04, 0x01, 0x04, 0x04, 0x04, 0x08, 0x15, 0x20, 0x33, 0x56, 0x73, 0x73, 0x6f, 0x70, 0x7b, 0x7b, 0x7b, 0x7b, 0x6d, 0x6d, 0x79, 0x79, 0x7b, 0x7c, 0x86, 0x86, 0x85, 0x86, 0x88, 0x86, 0x86, 0x86, 0x85, 0x86, 0x7c, 0x6d, 0x65, 0x62, 0x62, 0x6b, 0x6d, 0x70, 0x7b, 0x70, 0x70, 0x65, 0x65, 0x6a, 0x68, 0x68, 0x65, 0x64, 0x50, 0x4e, 0x43, 0x2d, 0x29, 0x41, 0x4b, 0x43, 0x43, 0x4e, 0x4b, 0x4b, 0x4b, 0x4e, 0x50, 0x50, 0x4e, 0x49, 0x49, 0x49, 0x4b, 0x50, 0x4d, 0x4d, 0x4d, 0x4d, 0x50, 0x64, 0x64, 0x68, 0x66, 0x67, 0x64, 0x50, 0x50, 0x50, 0x63, 0x64, 0x65, 0x63, 0x63, 0x65, 0x6c, 0x6c, 0x63, 0x50, 0x49, 0x49, 0x50, 0x4c, 0x4c, 0x4d, 0x4d, 0x51, 0x51, 0x51, 0x4d, 0x4f, 0x4f, 0x4f, 0x4a, 0x4a, 0x4d, 0x50, 0x49, 0x40, 0x40, 0x41, 0x43, 0x41, 0x4b, 0x58, 0x58, 0x4f, 0x4b, 0x4b, 0x58, 0x67, 0x64, 0x51, 0x50, 0x50, 0x50, 0x4a, 0x4a, 0x4d, 0x51, 0x50, 0x50, 0x4e, 0x50, 0x50, 0x4a, 0x4a, 0x51, 0x64, 0x67, 0x6c, 0x6c, 0x69, 0x69, 0x79, 0x6d, 0x6c, 0x6d, 0x68, 0x65, 0x50, 0x66, 0x67, 0x67, 0x68, 0x67, 0x50, 0x50, 0x64, 0x50, 0x63, 0x63, 0x65, 0x65, 0x68, 0x69, 0x68, 0x64, 0x50, 0x64, 0x56, 0x44, 0x26, 0x09, 0x20, 0x56, 0x70, 0x81, 0x83, 0x8a, 0x89, 0x89, 0x8b, 0xa1, 0xa4, 0xb0, 0xca, 0xd3, 0xd3, 0xd6, 0xd7, 0xdc, 0xdc, 0xd6, 0xd5, 0xd5, 0xdc, 0xde, 0xdc, 0xd5, 0xcb, 0xd5, 0xd5, 0xb7, 0x9b, 0x6a, 0x29, 0x14, 0x20, 0x22, 0x2d, 0x4e, 0x57, 0x69, 0x6c, 0x68, 0x6d, 0x6b, 0x6b, 0x6c, 0x68, 0x6c, 0x6b, 0x63, 0x63, 0x68, 0x63, 0x63, 0x63, 0x4d, 0x64, 0x65, 0x68, 0x65, 0x63, 0x50, 0x49, 0x43, 0x43, 0x41, 0x43, 0x64, 0x64, 0x50, 0x49, 0x40, 0x49, 0x50, 0x67, 0x67, 0x64, 0x67, 0x69, 0x4e, 0x40, 0x41, 0x45, 0x4e, 0x57, 0x4a, 0x4a, 0x50, 0x51, 0x4f, 0x57, 0x57, 0x43, 0x41, 0x49, 0x4d, 0x4a, 0x51, 0x64,
  0x85, 0x86, 0x86, 0x88, 0x86, 0x86, 0x86, 0x85, 0x82, 0x82, 0x85, 0x7b, 0x79, 0x79, 0x79, 0x79, 0x7c, 0x68, 0x50, 0x49, 0x29, 0x29, 0x2d, 0x44, 0x56, 0x66, 0x58, 0x58, 0x69, 0x69, 0x67, 0x66, 0x64, 0x50, 0x56, 0x56, 0x26, 0x11, 0x09, 0x05, 0x05, 0x05, 0x05, 0x08, 0x08, 0x08, 0x10, 0x26, 0x53, 0x66, 0x65, 0x6f, 0x70, 0x70, 0x70, 0x70, 0x6c, 0x6b, 0x6c, 0x69, 0x68, 0x68, 0x79, 0x7c, 0x7b, 0x7b, 0x7b, 0x7b, 0x7b, 0x7b, 0x79, 0x7b, 0x79, 0x6b, 0x6b, 0x6b, 0x68, 0x63, 0x68, 0x6d, 0x79, 0x6c, 0x68, 0x65, 0x65, 0x68, 0x65, 0x67, 0x64, 0x4e, 0x4e, 0x43, 0x4e, 0x44, 0x2f, 0x45, 0x45, 0x41, 0x45, 0x45, 0x45, 0x48, 0x46, 0x45, 0x43, 0x41, 0x41, 0x43, 0x43, 0x43, 0x4b, 0x43, 0x43, 0x4a, 0x4a, 0x4a, 0x43, 0x49, 0x4a, 0x4c, 0x4b, 0x4e, 0x49, 0x4c, 0x4c, 0x4c, 0x4d, 0x50, 0x50, 0x50, 0x50, 0x50, 0x64, 0x64, 0x64, 0x50, 0x49, 0x49, 0x41, 0x40, 0x41, 0x49, 0x49, 0x4d, 0x58, 0x51, 0x4a, 0x4a, 0x4a, 0x43, 0x41, 0x43, 0x4a, 0x4b, 0x41, 0x2d, 0x2d, 0x40, 0x4e, 0x4f, 0x4b, 0x4f, 0x4f, 0x4b, 0x48, 0x4a, 0x51, 0x58, 0x50, 0x4a, 0x51, 0x50, 0x4a, 0x4a, 0x4a, 0x4a, 0x4a, 0x43, 0x4b, 0x4e, 0x4b, 0x4b, 0x4a, 0x4a, 0x4d, 0x58, 0x67, 0x67, 0x73, 0x6c, 0x69, 0x6c, 0x6d, 0x6d, 0x6d, 0x65, 0x65, 0x50, 0x63, 0x64, 0x64, 0x64, 0x64, 0x50, 0x50, 0x49, 0x49, 0x49, 0x40, 0x4c, 0x62, 0x4c, 0x62, 0x63, 0x65, 0x50, 0x66, 0x66, 0x53, 0x26, 0x10, 0x20, 0x66, 0x82, 0x82, 0x84, 0x84, 0x89, 0x83, 0x89, 0x8b, 0xa2, 0xad, 0xc3, 0xd1, 0xd3, 0xd6, 0xd6, 0xd6, 0xdc, 0xd6, 0xd2, 0xd5, 0xdc, 0xdc, 0xdc, 0xda, 0xd4, 0xda, 0xdc, 0xcb, 0xb7, 0x86, 0x49, 0x14, 0x10, 0x14, 0x24, 0x46, 0x57, 0x67, 0x68, 0x6b, 0x6d, 0x65, 0x63, 0x6c, 0x65, 0x63, 0x63, 0x50, 0x63, 0x64, 0x50, 0x51, 0x4d, 0x4a, 0x51, 0x50, 0x63, 0x63, 0x64, 0x50, 0x4b, 0x4b, 0x4e, 0x43, 0x4b, 0x57, 0x67, 0x4b, 0x40, 0x40, 0x40, 0x4a, 0x67, 0x69, 0x67, 0x67, 0x69, 0x50, 0x41, 0x57, 0x59, 0x4f, 0x4b, 0x4a, 0x4d, 0x4a, 0x4a, 0x58, 0x58, 0x4b, 0x40, 0x40, 0x43, 0x4d, 0x4d, 0x67, 0x69,
  0x85, 0x85, 0x86, 0x86, 0x86, 0x85, 0x82, 0x82, 0x7b, 0x7b, 0x7b, 0x7b, 0x79, 0x6d, 0x65, 0x6b, 0x79, 0x6d, 0x50, 0x2d, 0x20, 0x20, 0x20, 0x29, 0x44, 0x56, 0x43, 0x58, 0x69, 0x69, 0x64, 0x64, 0x66, 0x66, 0x66, 0x56, 0x33, 0x15, 0x08, 0x0c, 0x19, 0x19, 0x19, 0x19, 0x0c, 0x04, 0x04, 0x09, 0x26, 0x56, 0x68, 0x6b, 0x70, 0x6d, 0x6d, 0x6d, 0x6d, 0x65, 0x63, 0x4d, 0x49, 0x4e, 0x64, 0x69, 0x6b, 0x6c, 0x79, 0x7b, 0x7b, 0x79, 0x79, 0x6d, 0x6c, 0x6b, 0x6b, 0x6d, 0x68, 0x62, 0x64, 0x68, 0x68, 0x65, 0x63, 0x65, 0x69, 0x6c, 0x67, 0x51, 0x51, 0x4f, 0x4b, 0x43, 0x41, 0x2f, 0x2f, 0x39, 0x42, 0x39, 0x2e, 0x2a, 0x2e, 0x30, 0x2e, 0x2a, 0x2a, 0x2a, 0x2e, 0x45, 0x48, 0x48, 0x45, 0x42, 0x42, 0x4a, 0x4a, 0x4a, 0x4a, 0x43, 0x43, 0x41, 0x40, 0x41, 0x41, 0x41, 0x43, 0x40, 0x40, 0x4a, 0x4d, 0x4d, 0x50, 0x50, 0x4e, 0x50, 0x64, 0x50, 0x49, 0x49, 0x40, 0x41, 0x43, 0x41, 0x43, 0x43, 0x4f, 0x4a, 0x4a, 0x4f, 0x46, 0x30, 0x30, 0x43, 0x4a, 0x4b, 0x41, 0x2d, 0x2d, 0x40, 0x4e, 0x57, 0x4f, 0x48, 0x4f, 0x4f, 0x48, 0x48, 0x4f, 0x4f, 0x43, 0x49, 0x64, 0x50, 0x49, 0x41, 0x41, 0x41, 0x41, 0x41, 0x43, 0x40, 0x2e, 0x41, 0x4a, 0x4a, 0x4a, 0x4a, 0x4d, 0x58, 0x67, 0x69, 0x68, 0x68, 0x68, 0x69, 0x6b, 0x65, 0x65, 0x4c, 0x4e, 0x50, 0x4c, 0x49, 0x40, 0x49, 0x49, 0x40, 0x49, 0x4c, 0x40, 0x40, 0x40, 0x40, 0x49, 0x49, 0x4c, 0x4c, 0x68, 0x66, 0x53, 0x33, 0x15, 0x22, 0x66, 0x82, 0x84, 0x82, 0x81, 0x83, 0x83, 0x83, 0x89, 0x8c, 0xa5, 0xaf, 0xca, 0xd1, 0xd3, 0xd3, 0xd5, 0xdc, 0xdc, 0xd6, 0xdc, 0xdc, 0xdc, 0xdc, 0xdc, 0xdc, 0xdc, 0xdc, 0xd4, 0xb7, 0x99, 0x73, 0x29, 0x14, 0x14, 0x17, 0x39, 0x57, 0x66, 0x66, 0x63, 0x63, 0x62, 0x62, 0x63, 0x50, 0x4d, 0x50, 0x50, 0x64, 0x64, 0x4a, 0x4a, 0x51, 0x51, 0x4d, 0x4a, 0x4c, 0x4c, 0x50, 0x4e, 0x4b, 0x48, 0x46, 0x48, 0x57, 0x67, 0x58, 0x4a, 0x41, 0x40, 0x40, 0x4a, 0x58, 0x64, 0x64, 0x67, 0x64, 0x58, 0x4e, 0x4e, 0x4f, 0x4e, 0x43, 0x4a, 0x4a, 0x4d, 0x50, 0x58, 0x4e, 0x41, 0x2d, 0x2e, 0x41, 0x4f, 0x58, 0x67, 0x69,
  0x85, 0x82, 0x85, 0x86, 0x86, 0x86, 0x82, 0x7b, 0x7b, 0x7b, 0x7b, 0x70, 0x6d, 0x6b, 0x63, 0x63, 0x68, 0x68, 0x64, 0x49, 0x2d, 0x29, 0x20, 0x2d, 0x53, 0x57, 0x58, 0x67, 0x58, 0x58, 0x67, 0x67, 0x67, 0x67, 0x66, 0x53, 0x33, 0x15, 0x04, 0x11, 0x35, 0x37, 0x35, 0x35, 0x1e, 0x15, 0x0c, 0x09, 0x14, 0x38, 0x63, 0x65, 0x6d, 0x6b, 0x6b, 0x6c, 0x69, 0x65, 0x64, 0x50, 0x2d, 0x2d, 0x49, 0x64, 0x64, 0x63, 0x6c, 0x7b, 0x7b, 0x6d, 0x6d, 0x6c, 0x68, 0x6c, 0x6c, 0x6c, 0x68, 0x63, 0x64, 0x64, 0x64, 0x50, 0x66, 0x66, 0x4e, 0x50, 0x51, 0x4a, 0x4b, 0x4f, 0x45, 0x41, 0x2f, 0x2f, 0x2f, 0x2f, 0x2a, 0x29, 0x21, 0x22, 0x20, 0x20, 0x20, 0x20, 0x20, 0x20, 0x21, 0x24, 0x2a, 0x2a, 0x2f, 0x3b, 0x42, 0x40, 0x41, 0x43, 0x43, 0x43, 0x43, 0x43, 0x41, 0x40, 0x43, 0x4b, 0x41, 0x40, 0x2d, 0x2d, 0x40, 0x49, 0x50, 0x64, 0x4e, 0x4c, 0x4e, 0x49, 0x49, 0x49, 0x43, 0x4b, 0x43, 0x40, 0x2e, 0x41, 0x43, 0x46, 0x48, 0x4f, 0x43, 0x30, 0x30, 0x43, 0x48, 0x4b, 0x41, 0x40, 0x2d, 0x2d, 0x40, 0x4b, 0x4e, 0x48, 0x4f, 0x48, 0x48, 0x48, 0x4f, 0x4f, 0x4b, 0x4e, 0x50, 0x50, 0x4d, 0x43, 0x46, 0x43, 0x43, 0x43, 0x43, 0x2d, 0x2d, 0x2d, 0x43, 0x4f, 0x4d, 0x4a, 0x4b, 0x50, 0x4e, 0x50, 0x64, 0x64, 0x4d, 0x50, 0x68, 0x63, 0x50, 0x40, 0x40, 0x2d, 0x20, 0x20, 0x2d, 0x40, 0x49, 0x4c, 0x63, 0x73, 0x6b, 0x62, 0x49, 0x4c, 0x40, 0x2d, 0x40, 0x4c, 0x63, 0x66, 0x56, 0x38, 0x14, 0x20, 0x66, 0x85, 0x87, 0x82, 0x6e, 0x81, 0x83, 0x83, 0x89, 0x8b, 0xa2, 0xa6, 0xc3, 0xca, 0xd3, 0xd3, 0xd6, 0xd7, 0xdc, 0xdc, 0xdc, 0xda, 0xd5, 0xd4, 0xd5, 0xd5, 0xd5, 0xdc, 0xd4, 0xb7, 0xb2, 0x86, 0x44, 0x20, 0x14, 0x12, 0x24, 0x47, 0x57, 0x66, 0x68, 0x62, 0x63, 0x50, 0x4a, 0x4d, 0x4d, 0x4d, 0x4a, 0x4d, 0x4f, 0x4a, 0x4a, 0x4d, 0x4a, 0x41, 0x41, 0x43, 0x49, 0x49, 0x40, 0x40, 0x48, 0x48, 0x48, 0x58, 0x67, 0x67, 0x4f, 0x41, 0x40, 0x4a, 0x4d, 0x51, 0x51, 0x64, 0x69, 0x67, 0x64, 0x4f, 0x4b, 0x57, 0x57, 0x4b, 0x4a, 0x4a, 0x50, 0x64, 0x64, 0x4e, 0x40, 0x2e, 0x41, 0x43, 0x58, 0x64, 0x69, 0x69,
  0x82, 0x82, 0x86, 0x82, 0x7b, 0x82, 0x7b, 0x6f, 0x70, 0x7c, 0x79, 0x6b, 0x65, 0x6b, 0x68, 0x65, 0x63, 0x64, 0x50, 0x49, 0x49, 0x40, 0x40, 0x49, 0x4e, 0x50, 0x58, 0x58, 0x58, 0x57, 0x58, 0x67, 0x69, 0x67, 0x57, 0x56, 0x52, 0x1c, 0x09, 0x15, 0x35, 0x37, 0x37, 0x52, 0x52, 0x35, 0x1e, 0x10, 0x14, 0x2b, 0x41, 0x50, 0x67, 0x67, 0x67, 0x69, 0x69, 0x66, 0x57, 0x44, 0x22, 0x20, 0x26, 0x38, 0x56, 0x66, 0x66, 0x68, 0x6b, 0x69, 0x6c, 0x69, 0x69, 0x69, 0x64, 0x67, 0x67, 0x50, 0x4b, 0x50, 0x4e, 0x4b, 0x4e, 0x4e, 0x41, 0x43, 0x4e, 0x45, 0x42, 0x45, 0x30, 0x2f, 0x2e, 0x2f, 0x30, 0x2b, 0x22, 0x20, 0x20, 0x20, 0x20, 0x14, 0x20, 0x14, 0x14, 0x14, 0x20, 0x14, 0x20, 0x20, 0x20, 0x22, 0x2b, 0x2b, 0x2f, 0x44, 0x45, 0x43, 0x43, 0x43, 0x43, 0x43, 0x43, 0x4e, 0x2f, 0x22, 0x20, 0x20, 0x2f, 0x43, 0x4b, 0x50, 0x4e, 0x4e, 0x4e, 0x4b, 0x4e, 0x4c, 0x43, 0x41, 0x40, 0x29, 0x2d, 0x41, 0x43, 0x43, 0x43, 0x43, 0x46, 0x41, 0x2e, 0x41, 0x41, 0x43, 0x43, 0x40, 0x30, 0x2e, 0x43, 0x43, 0x42, 0x39, 0x34, 0x34, 0x3b, 0x4e, 0x48, 0x45, 0x4e, 0x57, 0x57, 0x49, 0x43, 0x43, 0x43, 0x43, 0x43, 0x43, 0x40, 0x2d, 0x29, 0x2d, 0x40, 0x4b, 0x50, 0x4e, 0x4b, 0x4b, 0x4e, 0x50, 0x4d, 0x51, 0x4d, 0x4f, 0x58, 0x50, 0x40, 0x2d, 0x2d, 0x20, 0x20, 0x2d, 0x4c, 0x6a, 0x82, 0x87, 0x8e, 0x9b, 0x9b, 0x88, 0x81, 0x81, 0x6a, 0x4c, 0x4c, 0x49, 0x4c, 0x4c, 0x4c, 0x40, 0x29, 0x20, 0x4c, 0x85, 0x86, 0x82, 0x81, 0x6f, 0x81, 0x83, 0x89, 0x89, 0x8a, 0xa2, 0xae, 0xc6, 0xd1, 0xd3, 0xd3, 0xd3, 0xd6, 0xd7, 0xdc, 0xdc, 0xd6, 0xd6, 0xd5, 0xd2, 0xd5, 0xd6, 0xcb, 0xc9, 0xb7, 0x99, 0x68, 0x29, 0x14, 0x14, 0x1c, 0x2b, 0x54, 0x55, 0x59, 0x56, 0x4e, 0x4b, 0x4a, 0x4a, 0x4f, 0x4f, 0x4a, 0x43, 0x41, 0x4a, 0x43, 0x41, 0x43, 0x41, 0x43, 0x40, 0x40, 0x40, 0x41, 0x41, 0x48, 0x4f, 0x57, 0x67, 0x67, 0x64, 0x4d, 0x4a, 0x49, 0x4a, 0x4d, 0x58, 0x64, 0x64, 0x69, 0x67, 0x51, 0x51, 0x4f, 0x4f, 0x4f, 0x4d, 0x4a, 0x4a, 0x4d, 0x51, 0x4d, 0x4f, 0x48, 0x4a, 0x4a, 0x4a, 0x4f, 0x69, 0x67, 0x67,
  0x82, 0x82, 0x82, 0x7b, 0x70, 0x70, 0x6d, 0x6d, 0x79, 0x6d, 0x68, 0x65, 0x68, 0x68, 0x6b, 0x62, 0x62, 0x63, 0x50, 0x50, 0x4c, 0x50, 0x50, 0x50, 0x50, 0x51, 0x58, 0x58, 0x4f, 0x4a, 0x58, 0x67, 0x67, 0x64, 0x50, 0x56, 0x53, 0x26, 0x10, 0x10, 0x1e, 0x35, 0x37, 0x3d, 0x54, 0x52, 0x25, 0x10, 0x10, 0x20, 0x2d, 0x49, 0x57, 0x64, 0x67, 0x69, 0x67, 0x58, 0x4e, 0x2f, 0x20, 0x10, 0x14, 0x22, 0x44, 0x56, 0x4e, 0x4e, 0x63, 0x67, 0x69, 0x69, 0x67, 0x51, 0x4b, 0x50, 0x51, 0x4e, 0x4b, 0x4a, 0x43, 0x41, 0x41, 0x41, 0x2e, 0x41, 0x3b, 0x30, 0x39, 0x39, 0x2e, 0x2a, 0x29, 0x29, 0x29, 0x22, 0x22, 0x20, 0x20, 0x22, 0x22, 0x22, 0x29, 0x29, 0x29, 0x29, 0x22, 0x14, 0x14, 0x20, 0x14, 0x14, 0x20, 0x22, 0x22, 0x2b, 0x44, 0x42, 0x42, 0x43, 0x43, 0x41, 0x4b, 0x45, 0x29, 0x14, 0x14, 0x20, 0x29, 0x2e, 0x49, 0x4b, 0x4b, 0x4e, 0x50, 0x50, 0x50, 0x4b, 0x43, 0x41, 0x2e, 0x2d, 0x2e, 0x2e, 0x41, 0x4b, 0x4b, 0x41, 0x30, 0x2e, 0x2e, 0x40, 0x2e, 0x41, 0x41, 0x2e, 0x2e, 0x42, 0x42, 0x30, 0x2e, 0x2e, 0x2a, 0x2b, 0x2f, 0x45, 0x4e, 0x4e, 0x4e, 0x4f, 0x4f, 0x4b, 0x43, 0x48, 0x46, 0x43, 0x43, 0x43, 0x41, 0x2d, 0x29, 0x2d, 0x40, 0x43, 0x49, 0x43, 0x49, 0x50, 0x50, 0x50, 0x4d, 0x4a, 0x51, 0x4f, 0x4e, 0x41, 0x20, 0x20, 0x2d, 0x40, 0x62, 0x6f, 0x87, 0x9b, 0xa8, 0xb7, 0xb7, 0xc8, 0xb7, 0xb7, 0xa8, 0xa8, 0x9b, 0x82, 0x6f, 0x62, 0x4c, 0x4c, 0x50, 0x4c, 0x2d, 0x20, 0x4c, 0x7a, 0x85, 0x81, 0x6f, 0x6e, 0x6f, 0x84, 0x84, 0x83, 0x83, 0x8c, 0xa6, 0xc2, 0xd0, 0xd3, 0xd3, 0xd3, 0xd6, 0xd6, 0xdc, 0xdc, 0xdc, 0xdc, 0xd6, 0xd5, 0xd5, 0xd5, 0xcb, 0xc8, 0xb7, 0xa8, 0x85, 0x49, 0x20, 0x10, 0x14, 0x22, 0x34, 0x45, 0x4e, 0x56, 0x4e, 0x4b, 0x4a, 0x4f, 0x4f, 0x4a, 0x4a, 0x43, 0x41, 0x43, 0x4a, 0x41, 0x41, 0x30, 0x40, 0x2d, 0x2d, 0x2f, 0x41, 0x43, 0x4f, 0x4f, 0x58, 0x67, 0x67, 0x58, 0x50, 0x51, 0x4d, 0x4a, 0x4d, 0x51, 0x58, 0x67, 0x69, 0x64, 0x51, 0x51, 0x4b, 0x4a, 0x4a, 0x4a, 0x4a, 0x51, 0x58, 0x58, 0x4d, 0x4f, 0x48, 0x4b, 0x4b, 0x43, 0x43, 0x4d, 0x51, 0x51,
  0x82, 0x70, 0x6f, 0x6a, 0x6a, 0x6a, 0x62, 0x6a, 0x6d, 0x68, 0x62, 0x63, 0x68, 0x68, 0x6b, 0x62, 0x62, 0x63, 0x63, 0x63, 0x50, 0x50, 0x51, 0x51, 0x58, 0x58, 0x58, 0x64, 0x4d, 0x4d, 0x58, 0x64, 0x64, 0x51, 0x51, 0x56, 0x45, 0x2b, 0x14, 0x10, 0x14, 0x25, 0x36, 0x54, 0x54, 0x36, 0x25, 0x10, 0x09, 0x10, 0x22, 0x2f, 0x43, 0x4e, 0x58, 0x64, 0x64, 0x57, 0x4e, 0x2a, 0x20, 0x10, 0x10, 0x14, 0x22, 0x38, 0x4e, 0x4e, 0x4b, 0x58, 0x58, 0x58, 0x67, 0x58, 0x4b, 0x4b, 0x4f, 0x4b, 0x4b, 0x43, 0x40, 0x2e, 0x2d, 0x2d, 0x2e, 0x2f, 0x2f, 0x2c, 0x2c, 0x2e, 0x2a, 0x2e, 0x29, 0x29, 0x2d, 0x2f, 0x49, 0x4e, 0x44, 0x49, 0x63, 0x63, 0x65, 0x68, 0x68, 0x68, 0x4c, 0x40, 0x2d, 0x2d, 0x20, 0x14, 0x10, 0x14, 0x14, 0x20, 0x22, 0x2a, 0x3b, 0x47, 0x45, 0x30, 0x43, 0x42, 0x22, 0x14, 0x14, 0x20, 0x20, 0x2d, 0x49, 0x4b, 0x4b, 0x50, 0x50, 0x50, 0x58, 0x58, 0x4f, 0x4b, 0x43, 0x2e, 0x40, 0x43, 0x48, 0x4b, 0x4b, 0x41, 0x2e, 0x2e, 0x2e, 0x2e, 0x2d, 0x2d, 0x2e, 0x2d, 0x2a, 0x29, 0x29, 0x2e, 0x2e, 0x2f, 0x2f, 0x2a, 0x2f, 0x42, 0x4e, 0x4e, 0x43, 0x4b, 0x4f, 0x4e, 0x4b, 0x4b, 0x4b, 0x4b, 0x43, 0x43, 0x43, 0x40, 0x2d, 0x40, 0x43, 0x43, 0x41, 0x40, 0x43, 0x50, 0x4e, 0x4b, 0x4f, 0x43, 0x43, 0x4b, 0x41, 0x29, 0x20, 0x29, 0x4c, 0x6f, 0x87, 0x9b, 0xa8, 0xc3, 0xc8, 0xc9, 0xc8, 0xc9, 0xcb, 0xcb, 0xcb, 0xc9, 0xc8, 0xa8, 0x90, 0x82, 0x6a, 0x62, 0x65, 0x66, 0x49, 0x29, 0x49, 0x6d, 0x7b, 0x6f, 0x6e, 0x6a, 0x6e, 0x81, 0x81, 0x83, 0x89, 0x8c, 0xa4, 0xae, 0xca, 0xd1, 0xd3, 0xd3, 0xd6, 0xd6, 0xd6, 0xd6, 0xd6, 0xd6, 0xd6, 0xd6, 0xd6, 0xd5, 0xcb, 0xc9, 0xc8, 0xb7, 0x99, 0x73, 0x2d, 0x14, 0x09, 0x14, 0x24, 0x2f, 0x44, 0x4e, 0x4e, 0x4e, 0x4a, 0x4a, 0x43, 0x43, 0x4a, 0x43, 0x41, 0x43, 0x43, 0x41, 0x41, 0x2e, 0x2e, 0x2d, 0x29, 0x2d, 0x40, 0x42, 0x48, 0x4f, 0x57, 0x67, 0x64, 0x51, 0x51, 0x4a, 0x4a, 0x4d, 0x51, 0x4d, 0x51, 0x67, 0x58, 0x4d, 0x4d, 0x4d, 0x4a, 0x4a, 0x43, 0x4a, 0x4b, 0x4d, 0x50, 0x51, 0x58, 0x4f, 0x48, 0x4b, 0x48, 0x43, 0x40, 0x2d, 0x43, 0x58,
  0x7b, 0x6d, 0x6a, 0x62, 0x62, 0x63, 0x62, 0x62, 0x65, 0x68, 0x62, 0x62, 0x63, 0x68, 0x68, 0x63, 0x4c, 0x4c, 0x63, 0x63, 0x64, 0x58, 0x58, 0x58, 0x58, 0x4f, 0x4f, 0x4b, 0x57, 0x64, 0x58, 0x51, 0x63, 0x63, 0x65, 0x57, 0x45, 0x2b, 0x14, 0x10, 0x10, 0x23, 0x3d, 0x54, 0x53, 0x36, 0x25, 0x10, 0x09, 0x10, 0x22, 0x2b, 0x41, 0x43, 0x4b, 0x4b, 0x4b, 0x4f, 0x48, 0x2a, 0x22, 0x10, 0x08, 0x09, 0x14, 0x26, 0x3d, 0x45, 0x39, 0x46, 0x48, 0x4f, 0x58, 0x4f, 0x4f, 0x48, 0x48, 0x48, 0x42, 0x2e, 0x2d, 0x2a, 0x29, 0x29, 0x2a, 0x2a, 0x2a, 0x28, 0x24, 0x21, 0x21, 0x20, 0x29, 0x40, 0x50, 0x6c, 0x7a, 0x7c, 0x7c, 0x7b, 0x86, 0x8e, 0x87, 0x87, 0x8e, 0x8e, 0x87, 0x82, 0x6a, 0x62, 0x44, 0x26, 0x20, 0x14, 0x14, 0x10, 0x14, 0x20, 0x24, 0x39, 0x3b, 0x39, 0x45, 0x46, 0x2f, 0x21, 0x20, 0x29, 0x2e, 0x41, 0x4a, 0x4a, 0x43, 0x4a, 0x50, 0x50, 0x64, 0x67, 0x58, 0x4f, 0x48, 0x30, 0x43, 0x58, 0x4f, 0x4b, 0x48, 0x48, 0x46, 0x42, 0x30, 0x2d, 0x29, 0x29, 0x29, 0x21, 0x21, 0x21, 0x21, 0x2a, 0x2e, 0x39, 0x3b, 0x39, 0x2f, 0x30, 0x46, 0x48, 0x42, 0x46, 0x4b, 0x4b, 0x48, 0x4b, 0x4b, 0x4e, 0x4e, 0x4b, 0x43, 0x41, 0x40, 0x41, 0x43, 0x4b, 0x43, 0x40, 0x4b, 0x4e, 0x41, 0x43, 0x43, 0x43, 0x41, 0x42, 0x2f, 0x20, 0x29, 0x4c, 0x7c, 0x88, 0x8f, 0xa8, 0xaf, 0xb0, 0xc6, 0xd0, 0xc6, 0xc3, 0xca, 0xca, 0xca, 0xd0, 0xd1, 0xc9, 0xc9, 0xa8, 0x82, 0x6b, 0x6b, 0x6b, 0x4c, 0x2d, 0x49, 0x6d, 0x82, 0x81, 0x6e, 0x6a, 0x6a, 0x6e, 0x6e, 0x81, 0x8a, 0xa1, 0xa4, 0xad, 0xc3, 0xd0, 0xd0, 0xd2, 0xd6, 0xd6, 0xd6, 0xd6, 0xd6, 0xdc, 0xd6, 0xdc, 0xdc, 0xd5, 0xd5, 0xd5, 0xc8, 0xb7, 0xa7, 0x86, 0x4e, 0x20, 0x10, 0x0b, 0x17, 0x2c, 0x3b, 0x45, 0x45, 0x48, 0x43, 0x41, 0x43, 0x43, 0x41, 0x30, 0x2e, 0x2e, 0x2e, 0x41, 0x46, 0x42, 0x30, 0x2d, 0x2d, 0x40, 0x43, 0x48, 0x48, 0x4b, 0x4f, 0x58, 0x50, 0x4d, 0x51, 0x4d, 0x4a, 0x4a, 0x4d, 0x4a, 0x51, 0x51, 0x4d, 0x4a, 0x4d, 0x4d, 0x4d, 0x4a, 0x43, 0x4a, 0x4b, 0x4b, 0x4b, 0x4b, 0x4b, 0x48, 0x46, 0x4b, 0x48, 0x42, 0x41, 0x2d, 0x4a, 0x58,
  0x7c, 0x79, 0x6d, 0x62, 0x63, 0x65, 0x63, 0x65, 0x68, 0x68, 0x63, 0x64, 0x65, 0x50, 0x50, 0x4c, 0x49, 0x49, 0x50, 0x64, 0x64, 0x50, 0x58, 0x59, 0x59, 0x48, 0x45, 0x43, 0x4e, 0x66, 0x50, 0x50, 0x63, 0x65, 0x63, 0x4d, 0x43, 0x2f, 0x24, 0x1c, 0x0b, 0x1c, 0x32, 0x3d, 0x54, 0x3d, 0x32, 0x14, 0x10, 0x14, 0x22, 0x2f, 0x39, 0x43, 0x48, 0x43, 0x43, 0x45, 0x42, 0x2f, 0x23, 0x06, 0x03, 0x03, 0x09, 0x10, 0x1c, 0x32, 0x2c, 0x39, 0x3b, 0x55, 0x55, 0x47, 0x47, 0x42, 0x30, 0x30, 0x30, 0x2f, 0x2e, 0x29, 0x24, 0x21, 0x24, 0x21, 0x21, 0x21, 0x17, 0x20, 0x20, 0x29, 0x41, 0x68, 0x7c, 0x86, 0x86, 0x8e, 0x8e, 0x8d, 0x8f, 0xa7, 0x90, 0xa5, 0xa7, 0xa7, 0xa7, 0xa7, 0x8e, 0x88, 0x85, 0x73, 0x56, 0x38, 0x20, 0x10, 0x10, 0x10, 0x14, 0x24, 0x39, 0x45, 0x47, 0x45, 0x42, 0x30, 0x2d, 0x2e, 0x41, 0x40, 0x43, 0x43, 0x40, 0x4a, 0x51, 0x4b, 0x4d, 0x51, 0x4f, 0x48, 0x30, 0x2e, 0x41, 0x42, 0x48, 0x48, 0x48, 0x46, 0x41, 0x42, 0x2e, 0x29, 0x21, 0x21, 0x21, 0x21, 0x24, 0x21, 0x21, 0x2c, 0x2a, 0x39, 0x39, 0x39, 0x30, 0x30, 0x46, 0x46, 0x42, 0x2e, 0x30, 0x43, 0x43, 0x4e, 0x4b, 0x4b, 0x4f, 0x4e, 0x4e, 0x43, 0x41, 0x41, 0x40, 0x41, 0x41, 0x41, 0x4b, 0x4b, 0x41, 0x40, 0x40, 0x41, 0x42, 0x2f, 0x22, 0x20, 0x40, 0x73, 0x88, 0x8f, 0x90, 0xa5, 0x90, 0xad, 0xad, 0xc2, 0xc4, 0xc3, 0xc7, 0xd0, 0xc7, 0xd0, 0xd1, 0xd3, 0xd2, 0xc3, 0xa8, 0x8e, 0x7b, 0x6b, 0x62, 0x40, 0x4c, 0x7b, 0x87, 0x84, 0x6e, 0x6a, 0x6a, 0x6e, 0x6e, 0x81, 0x89, 0x8c, 0xa4, 0xa6, 0xad, 0xc3, 0xca, 0xd1, 0xd5, 0xd6, 0xd6, 0xd6, 0xdc, 0xdc, 0xdc, 0xd6, 0xdc, 0xd5, 0xd5, 0xd5, 0xc9, 0xc3, 0xa7, 0x88, 0x6c, 0x2d, 0x14, 0x10, 0x14, 0x28, 0x3a, 0x39, 0x3b, 0x42, 0x42, 0x48, 0x48, 0x46, 0x42, 0x2e, 0x2d, 0x2d, 0x29, 0x2d, 0x30, 0x30, 0x30, 0x41, 0x40, 0x41, 0x4e, 0x4b, 0x4f, 0x4f, 0x4b, 0x4f, 0x4f, 0x4f, 0x4f, 0x51, 0x58, 0x4b, 0x4d, 0x4d, 0x58, 0x4d, 0x4d, 0x4a, 0x51, 0x51, 0x4a, 0x4d, 0x4d, 0x4a, 0x4a, 0x4a, 0x48, 0x4b, 0x43, 0x41, 0x42, 0x46, 0x41, 0x2e, 0x41, 0x4a, 0x67, 0x67,
  0x7c, 0x79, 0x79, 0x68, 0x65, 0x63, 0x63, 0x65, 0x65, 0x50, 0x4c, 0x4c, 0x50, 0x50, 0x4c, 0x4c, 0x4c, 0x4c, 0x50, 0x57, 0x50, 0x4e, 0x45, 0x45, 0x44, 0x2b, 0x2b, 0x2f, 0x45, 0x4e, 0x57, 0x50, 0x50, 0x63, 0x64, 0x50, 0x4e, 0x45, 0x2f, 0x22, 0x10, 0x14, 0x25, 0x39, 0x54, 0x54, 0x3d, 0x24, 0x14, 0x20, 0x22, 0x2f, 0x39, 0x42, 0x45, 0x41, 0x41, 0x42, 0x3a, 0x39, 0x17, 0x06, 0x03, 0x08, 0x0c, 0x09, 0x10, 0x1c, 0x31, 0x28, 0x2c, 0x47, 0x47, 0x3b, 0x3b, 0x30, 0x30, 0x30, 0x2f, 0x2a, 0x29, 0x21, 0x21, 0x22, 0x21, 0x17, 0x20, 0x20, 0x14, 0x20, 0x40, 0x63, 0x79, 0x86, 0x87, 0x8e, 0x8e, 0x9b, 0x90, 0x90, 0xa5, 0x90, 0x90, 0x90, 0x90, 0xa5, 0xa5, 0xa8, 0xa5, 0x9b, 0x9b, 0x8e, 0x86, 0x79, 0x49, 0x20, 0x10, 0x09, 0x14, 0x1c, 0x23, 0x2b, 0x39, 0x39, 0x42, 0x45, 0x41, 0x41, 0x43, 0x2e, 0x40, 0x4a, 0x43, 0x4b, 0x51, 0x4b, 0x4f, 0x51, 0x58, 0x4f, 0x48, 0x42, 0x43, 0x42, 0x42, 0x43, 0x48, 0x42, 0x2e, 0x2e, 0x29, 0x21, 0x17, 0x29, 0x24, 0x17, 0x21, 0x21, 0x21, 0x2a, 0x34, 0x39, 0x39, 0x39, 0x42, 0x46, 0x46, 0x42, 0x42, 0x30, 0x2e, 0x30, 0x41, 0x46, 0x46, 0x48, 0x43, 0x46, 0x46, 0x42, 0x30, 0x41, 0x41, 0x42, 0x41, 0x41, 0x43, 0x48, 0x42, 0x30, 0x41, 0x41, 0x2f, 0x22, 0x10, 0x14, 0x44, 0x7a, 0x88, 0x8e, 0x8f, 0x8f, 0x90, 0xa5, 0xa6, 0xad, 0xb0, 0xc2, 0xc5, 0xc5, 0xc7, 0xd0, 0xd1, 0xd1, 0xd1, 0xca, 0xc8, 0xa8, 0x8d, 0x81, 0x6a, 0x62, 0x6a, 0x81, 0x84, 0x83, 0x6e, 0x6e, 0x81, 0x6f, 0x81, 0x84, 0x8a, 0x8b, 0xa1, 0xa5, 0xa6, 0xad, 0xc3, 0xd1, 0xd5, 0xd2, 0xd6, 0xdc, 0xdc, 0xdc, 0xd5, 0xd2, 0xd6, 0xd5, 0xd5, 0xd3, 0xd2, 0xaf, 0xa7, 0x8e, 0x79, 0x2f, 0x14, 0x10, 0x0b, 0x17, 0x2c, 0x34, 0x34, 0x30, 0x46, 0x42, 0x46, 0x42, 0x30, 0x30, 0x2e, 0x2a, 0x29, 0x29, 0x2a, 0x2c, 0x2f, 0x2d, 0x2f, 0x43, 0x4b, 0x48, 0x4f, 0x4f, 0x4d, 0x4f, 0x58, 0x4f, 0x4f, 0x4b, 0x43, 0x4f, 0x4d, 0x4a, 0x4d, 0x4d, 0x4a, 0x40, 0x41, 0x4d, 0x4d, 0x4d, 0x4d, 0x4f, 0x43, 0x41, 0x43, 0x46, 0x42, 0x2e, 0x30, 0x42, 0x41, 0x41, 0x48, 0x58, 0x67, 0x67,
  0x7c, 0x79, 0x79, 0x6d, 0x6b, 0x65, 0x63, 0x65, 0x50, 0x4c, 0x4c, 0x4c, 0x50, 0x50, 0x4c, 0x50, 0x64, 0x50, 0x4e, 0x4e, 0x56, 0x53, 0x38, 0x33, 0x26, 0x1c, 0x22, 0x24, 0x2b, 0x44, 0x57, 0x66, 0x67, 0x67, 0x64, 0x49, 0x43, 0x4e, 0x39, 0x24, 0x14, 0x10, 0x14, 0x24, 0x3d, 0x3d, 0x45, 0x39, 0x29, 0x29, 0x2e, 0x42, 0x39, 0x39, 0x3b, 0x42, 0x2e, 0x2a, 0x2a, 0x2c, 0x23, 0x06, 0x03, 0x04, 0x05, 0x04, 0x04, 0x09, 0x14, 0x23, 0x32, 0x32, 0x34, 0x39, 0x2f, 0x2f, 0x2f, 0x30, 0x2c, 0x21, 0x17, 0x17, 0x12, 0x12, 0x17, 0x12, 0x14, 0x20, 0x29, 0x2d, 0x68, 0x85, 0x87, 0x8e, 0x8d, 0x8f, 0x90, 0x8f, 0x90, 0xa5, 0x90, 0x8f, 0x8b, 0x8b, 0x8d, 0x8d, 0x90, 0xa5, 0xa5, 0xa5, 0xa7, 0xa7, 0x8f, 0x8d, 0x82, 0x6d, 0x2d, 0x14, 0x10, 0x10, 0x10, 0x23, 0x2a, 0x39, 0x42, 0x43, 0x41, 0x43, 0x46, 0x41, 0x40, 0x43, 0x43, 0x4f, 0x4a, 0x4a, 0x51, 0x4f, 0x4f, 0x58, 0x4f, 0x48, 0x4f, 0x4f, 0x48, 0x42, 0x42, 0x42, 0x30, 0x2a, 0x29, 0x29, 0x29, 0x2a, 0x24, 0x21, 0x21, 0x17, 0x17, 0x24, 0x2c, 0x39, 0x39, 0x42, 0x47, 0x48, 0x47, 0x3b, 0x42, 0x30, 0x2e, 0x30, 0x41, 0x43, 0x4b, 0x48, 0x42, 0x43, 0x43, 0x42, 0x42, 0x43, 0x43, 0x48, 0x43, 0x41, 0x42, 0x46, 0x43, 0x43, 0x46, 0x42, 0x2b, 0x1c, 0x09, 0x10, 0x53, 0x7a, 0x86, 0x87, 0x8d, 0x8d, 0x8a, 0x8b, 0xa2, 0xa6, 0xad, 0xaf, 0xb0, 0xc2, 0xc6, 0xd1, 0xd1, 0xd1, 0xd1, 0xd2, 0xcb, 0xc8, 0xa8, 0x8f, 0x81, 0x6e, 0x6e, 0x81, 0x89, 0x89, 0x83, 0x81, 0x84, 0x81, 0x81, 0x83, 0x89, 0x8a, 0x8c, 0xa2, 0xa6, 0xa6, 0xb0, 0xc9, 0xd2, 0xd5, 0xdc, 0xdc, 0xdc, 0xd6, 0xd6, 0xd5, 0xd6, 0xd5, 0xd5, 0xd6, 0xd3, 0xc3, 0xa8, 0x9b, 0x7b, 0x40, 0x14, 0x10, 0x06, 0x12, 0x27, 0x34, 0x2c, 0x2a, 0x45, 0x30, 0x30, 0x3b, 0x45, 0x3b, 0x42, 0x2e, 0x2a, 0x29, 0x29, 0x2a, 0x2a, 0x29, 0x2f, 0x43, 0x41, 0x4b, 0x58, 0x51, 0x51, 0x50, 0x4b, 0x43, 0x46, 0x46, 0x30, 0x48, 0x4d, 0x4a, 0x4a, 0x4d, 0x4d, 0x4a, 0x4a, 0x58, 0x64, 0x51, 0x4d, 0x58, 0x43, 0x41, 0x2e, 0x2f, 0x2f, 0x30, 0x2e, 0x2d, 0x2d, 0x2e, 0x43, 0x4b, 0x58, 0x4f,
  0x79, 0x6d, 0x6d, 0x6c, 0x6c, 0x6c, 0x63, 0x4c, 0x50, 0x50, 0x4e, 0x49, 0x49, 0x49, 0x49, 0x4b, 0x4e, 0x4e, 0x42, 0x2f, 0x2f, 0x38, 0x26, 0x15, 0x10, 0x10, 0x14, 0x1c, 0x22, 0x44, 0x59, 0x67, 0x73, 0x67, 0x64, 0x49, 0x44, 0x54, 0x55, 0x3d, 0x1c, 0x10, 0x10, 0x1c, 0x2c, 0x39, 0x3b, 0x42, 0x2e, 0x40, 0x41, 0x4a, 0x3b, 0x39, 0x39, 0x42, 0x2a, 0x21, 0x22, 0x24, 0x23, 0x0b, 0x04, 0x04, 0x01, 0x01, 0x04, 0x04, 0x04, 0x10, 0x23, 0x32, 0x2b, 0x2f, 0x2f, 0x2b, 0x2d, 0x2f, 0x24, 0x17, 0x17, 0x16, 0x12, 0x12, 0x12, 0x0b, 0x14, 0x2d, 0x56, 0x68, 0x85, 0x88, 0x8e, 0x8f, 0x8f, 0x90, 0x90, 0x90, 0x90, 0x90, 0x8f, 0x8a, 0x8a, 0x89, 0x83, 0x89, 0x8a, 0xa2, 0xa5, 0xa5, 0xa6, 0xa5, 0x90, 0x90, 0x90, 0x8e, 0x6b, 0x38, 0x20, 0x09, 0x10, 0x14, 0x28, 0x2f, 0x42, 0x43, 0x43, 0x48, 0x46, 0x48, 0x4a, 0x43, 0x43, 0x51, 0x4a, 0x4a, 0x4a, 0x4f, 0x4f, 0x58, 0x4f, 0x48, 0x48, 0x58, 0x4f, 0x46, 0x30, 0x43, 0x42, 0x2d, 0x29, 0x2c, 0x2c, 0x28, 0x24, 0x2c, 0x2a, 0x17, 0x17, 0x24, 0x24, 0x2a, 0x2e, 0x42, 0x46, 0x42, 0x3b, 0x46, 0x30, 0x30, 0x2e, 0x42, 0x46, 0x4b, 0x4b, 0x46, 0x48, 0x46, 0x42, 0x30, 0x46, 0x46, 0x42, 0x46, 0x42, 0x42, 0x42, 0x46, 0x42, 0x46, 0x45, 0x44, 0x33, 0x1c, 0x09, 0x14, 0x44, 0x73, 0x7b, 0x82, 0x84, 0x84, 0x83, 0x83, 0x8b, 0x90, 0xa5, 0xad, 0xaf, 0xb0, 0xc6, 0xd0, 0xd1, 0xd1, 0xd1, 0xd5, 0xd2, 0xca, 0xc6, 0xaf, 0xa5, 0x84, 0x83, 0x8a, 0x8f, 0x8b, 0x89, 0x83, 0x89, 0x89, 0x83, 0x83, 0x89, 0x8b, 0x8b, 0xa2, 0xa6, 0xa6, 0xb0, 0xd1, 0xd2, 0xd5, 0xdc, 0xdc, 0xdc, 0xd6, 0xdc, 0xdc, 0xdc, 0xd5, 0xd5, 0xd6, 0xd3, 0xc6, 0xa8, 0x90, 0x85, 0x4e, 0x20, 0x14, 0x06, 0x0b, 0x17, 0x2c, 0x34, 0x2c, 0x30, 0x2f, 0x2e, 0x3b, 0x47, 0x46, 0x3b, 0x45, 0x39, 0x2a, 0x2a, 0x2c, 0x2a, 0x2b, 0x44, 0x44, 0x43, 0x43, 0x4f, 0x4a, 0x50, 0x4f, 0x43, 0x41, 0x2e, 0x46, 0x45, 0x45, 0x4b, 0x4a, 0x4a, 0x4d, 0x51, 0x4d, 0x4d, 0x4d, 0x50, 0x51, 0x4d, 0x4d, 0x43, 0x40, 0x2d, 0x2a, 0x2f, 0x2f, 0x2e, 0x29, 0x29, 0x2d, 0x2e, 0x41, 0x41, 0x30,
  0x6c, 0x66, 0x68, 0x65, 0x68, 0x68, 0x50, 0x49, 0x50, 0x49, 0x43, 0x41, 0x41, 0x44, 0x2f, 0x41, 0x41, 0x44, 0x2b, 0x22, 0x20, 0x15, 0x11, 0x04, 0x01, 0x01, 0x09, 0x14, 0x26, 0x44, 0x59, 0x66, 0x67, 0x66, 0x50, 0x4b, 0x41, 0x53, 0x5f, 0x55, 0x32, 0x14, 0x09, 0x10, 0x24, 0x2b, 0x3b, 0x45, 0x40, 0x40, 0x40, 0x40, 0x30, 0x2f, 0x30, 0x2e, 0x29, 0x24, 0x24, 0x24, 0x23, 0x0b, 0x08, 0x04, 0x01, 0x01, 0x04, 0x04, 0x04, 0x04, 0x10, 0x23, 0x26, 0x33, 0x38, 0x2b, 0x2b, 0x2a, 0x21, 0x17, 0x17, 0x16, 0x12, 0x0b, 0x0b, 0x16, 0x2b, 0x4e, 0x73, 0x85, 0x8e, 0x8e, 0x8f, 0x8f, 0x90, 0x90, 0x8b, 0x8b, 0x8b, 0x8a, 0x89, 0x89, 0x8a, 0x89, 0x83, 0x83, 0x89, 0x8b, 0xa2, 0xa2, 0xa5, 0xa5, 0xa5, 0xa5, 0xa5, 0xa7, 0x88, 0x73, 0x38, 0x14, 0x09, 0x0b, 0x17, 0x2a, 0x30, 0x48, 0x51, 0x4f, 0x46, 0x48, 0x4b, 0x4a, 0x4f, 0x58, 0x51, 0x4a, 0x4b, 0x4f, 0x58, 0x58, 0x4f, 0x48, 0x48, 0x48, 0x46, 0x46, 0x46, 0x42, 0x30, 0x2a, 0x2a, 0x2c, 0x2c, 0x2c, 0x28, 0x2c, 0x2c, 0x24, 0x24, 0x28, 0x28, 0x2a, 0x2a, 0x30, 0x30, 0x2a, 0x2e, 0x3b, 0x30, 0x2e, 0x30, 0x46, 0x48, 0x42, 0x42, 0x48, 0x48, 0x48, 0x30, 0x2e, 0x30, 0x30, 0x42, 0x42, 0x45, 0x46, 0x45, 0x42, 0x30, 0x42, 0x30, 0x2f, 0x2b, 0x19, 0x09, 0x10, 0x38, 0x68, 0x70, 0x70, 0x70, 0x6f, 0x81, 0x81, 0x83, 0x8a, 0x8f, 0xa5, 0xaf, 0xb0, 0xc3, 0xc7, 0xd1, 0xd2, 0xd2, 0xd2, 0xd2, 0xca, 0xca, 0xc9, 0xc3, 0xa5, 0x90, 0xa5, 0xa1, 0x8b, 0x89, 0x8a, 0x8a, 0x8a, 0x8a, 0x8a, 0x8a, 0x8b, 0x8b, 0xa1, 0xa5, 0xa5, 0xb0, 0xd1, 0xd2, 0xd5, 0xdc, 0xdc, 0xdc, 0xdc, 0xdc, 0xdc, 0xde, 0xdc, 0xd6, 0xd6, 0xd3, 0xc3, 0xad, 0xa5, 0x87, 0x68, 0x22, 0x14, 0x06, 0x0b, 0x16, 0x28, 0x2c, 0x3a, 0x2e, 0x2a, 0x30, 0x3b, 0x46, 0x46, 0x47, 0x47, 0x46, 0x39, 0x2f, 0x2a, 0x24, 0x2a, 0x2f, 0x41, 0x4e, 0x40, 0x41, 0x40, 0x43, 0x4b, 0x43, 0x41, 0x2e, 0x41, 0x48, 0x48, 0x4f, 0x51, 0x4b, 0x4f, 0x4a, 0x4a, 0x43, 0x43, 0x4a, 0x4a, 0x4d, 0x43, 0x30, 0x2e, 0x2e, 0x30, 0x2c, 0x2a, 0x2a, 0x2a, 0x2e, 0x2e, 0x2e, 0x2e, 0x29, 0x21,
  0x73, 0x66, 0x62, 0x65, 0x68, 0x63, 0x64, 0x64, 0x4e, 0x2f, 0x44, 0x44, 0x38, 0x32, 0x26, 0x32, 0x38, 0x2b, 0x20, 0x10, 0x11, 0x11, 0x05, 0x01, 0x00, 0x00, 0x04, 0x11, 0x26, 0x53, 0x57, 0x64, 0x67, 0x67, 0x43, 0x43, 0x45, 0x4e, 0x55, 0x55, 0x52, 0x1c, 0x10, 0x10, 0x1c, 0x32, 0x3a, 0x46, 0x42, 0x2f, 0x2f, 0x2f, 0x2f, 0x2f, 0x2f, 0x29, 0x24, 0x24, 0x28, 0x24, 0x25, 0x0b, 0x03, 0x05, 0x05, 0x05, 0x04, 0x08, 0x04, 0x04, 0x04, 0x11, 0x19, 0x26, 0x32, 0x31, 0x27, 0x27, 0x21, 0x21, 0x16, 0x0b, 0x0b, 0x10, 0x14, 0x2b, 0x44, 0x66, 0x7c, 0x87, 0x8f, 0xa5, 0x90, 0x8b, 0x8b, 0x8b, 0x8b, 0x89, 0x89, 0x89, 0x83, 0x89, 0x8b, 0x89, 0x89, 0x83, 0x83, 0x89, 0x89, 0x8a, 0x90, 0x90, 0xa5, 0xa5, 0xad, 0xad, 0xa5, 0x8d, 0x68, 0x29, 0x10, 0x10, 0x12, 0x24, 0x39, 0x47, 0x4f, 0x4a, 0x41, 0x43, 0x48, 0x4f, 0x4f, 0x4f, 0x4f, 0x4f, 0x57, 0x57, 0x4f, 0x4f, 0x4f, 0x48, 0x48, 0x48, 0x42, 0x42, 0x30, 0x39, 0x3b, 0x39, 0x2f, 0x2c, 0x2a, 0x2c, 0x2a, 0x28, 0x28, 0x28, 0x28, 0x34, 0x2c, 0x2a, 0x2c, 0x2e, 0x2c, 0x2c, 0x2c, 0x2c, 0x2c, 0x2a, 0x2a, 0x2c, 0x30, 0x2a, 0x2e, 0x3b, 0x46, 0x46, 0x30, 0x2c, 0x2a, 0x2a, 0x30, 0x3b, 0x46, 0x46, 0x46, 0x45, 0x39, 0x2a, 0x2a, 0x2a, 0x24, 0x18, 0x0c, 0x10, 0x26, 0x66, 0x79, 0x6d, 0x6f, 0x6e, 0x6e, 0x81, 0x83, 0x83, 0x89, 0x8f, 0xad, 0xaf, 0xb0, 0xc5, 0xd0, 0xd0, 0xd1, 0xd2, 0xd2, 0xd2, 0xd2, 0xd1, 0xd0, 0xc3, 0xad, 0xaa, 0xa2, 0x8c, 0x8c, 0xa2, 0x8c, 0x8a, 0x8a, 0x8a, 0x89, 0x8a, 0x8a, 0xa1, 0xa2, 0xa1, 0xaa, 0xc7, 0xd3, 0xd7, 0xdc, 0xdc, 0xdc, 0xdc, 0xdc, 0xdc, 0xde, 0xde, 0xdc, 0xdc, 0xd3, 0xc6, 0xaf, 0xa6, 0x8f, 0x6d, 0x2d, 0x10, 0x06, 0x0b, 0x23, 0x24, 0x2a, 0x2c, 0x2e, 0x2e, 0x30, 0x41, 0x42, 0x42, 0x46, 0x42, 0x42, 0x3b, 0x2a, 0x21, 0x22, 0x29, 0x2f, 0x41, 0x41, 0x2d, 0x2e, 0x2e, 0x41, 0x48, 0x45, 0x41, 0x40, 0x41, 0x4e, 0x4f, 0x4f, 0x4f, 0x4b, 0x48, 0x43, 0x43, 0x43, 0x41, 0x41, 0x43, 0x43, 0x41, 0x30, 0x30, 0x2c, 0x2c, 0x28, 0x21, 0x29, 0x2a, 0x2c, 0x34, 0x2a, 0x24, 0x20, 0x14,
  0x73, 0x66, 0x62, 0x65, 0x65, 0x63, 0x64, 0x50, 0x45, 0x38, 0x38, 0x33, 0x23, 0x1c, 0x1c, 0x23, 0x1c, 0x14, 0x15, 0x08, 0x04, 0x05, 0x01, 0x00, 0x00, 0x00, 0x01, 0x09, 0x26, 0x44, 0x4e, 0x69, 0x69, 0x64, 0x4f, 0x46, 0x48, 0x59, 0x5f, 0x5f, 0x52, 0x26, 0x11, 0x09, 0x15, 0x32, 0x39, 0x2f, 0x30, 0x42, 0x2f, 0x44, 0x41, 0x2e, 0x29, 0x29, 0x2a, 0x28, 0x28, 0x28, 0x21, 0x18, 0x08, 0x02, 0x08, 0x0c, 0x0c, 0x0c, 0x08, 0x02, 0x02, 0x04, 0x10, 0x1c, 0x26, 0x24, 0x17, 0x1f, 0x1d, 0x1d, 0x12, 0x0b, 0x0a, 0x10, 0x22, 0x44, 0x4c, 0x68, 0x85, 0x8e, 0x8f, 0xa5, 0x8c, 0x8b, 0x8c, 0x8c, 0x8b, 0x89, 0x8a, 0x8c, 0x8b, 0x8b, 0x8b, 0x8a, 0x8a, 0x89, 0x83, 0x83, 0x83, 0x83, 0x8b, 0x8f, 0x90, 0x90, 0xad, 0xad, 0xa8, 0xa7, 0x88, 0x4e, 0x14, 0x10, 0x10, 0x16, 0x2a, 0x30, 0x30, 0x41, 0x43, 0x42, 0x46, 0x4f, 0x46, 0x48, 0x48, 0x4f, 0x57, 0x57, 0x4b, 0x4b, 0x4b, 0x48, 0x42, 0x42, 0x42, 0x2e, 0x30, 0x39, 0x46, 0x46, 0x39, 0x2f, 0x2a, 0x24, 0x2a, 0x24, 0x21, 0x24, 0x28, 0x34, 0x28, 0x24, 0x29, 0x29, 0x29, 0x28, 0x2a, 0x28, 0x2a, 0x2a, 0x2a, 0x29, 0x2a, 0x2a, 0x29, 0x2a, 0x2c, 0x2e, 0x2c, 0x2e, 0x2a, 0x2a, 0x2a, 0x2e, 0x39, 0x3b, 0x30, 0x30, 0x2e, 0x29, 0x29, 0x29, 0x32, 0x1e, 0x06, 0x10, 0x33, 0x66, 0x6d, 0x6d, 0x6f, 0x6a, 0x6a, 0x6e, 0x81, 0x6e, 0x81, 0x89, 0x90, 0xad, 0xaf, 0xb0, 0xc2, 0xc6, 0xca, 0xc9, 0xc9, 0xd2, 0xd2, 0xd2, 0xd7, 0xd0, 0xc3, 0xc2, 0xa4, 0xa2, 0xa2, 0xa2, 0xa1, 0x89, 0x83, 0x83, 0x89, 0x8a, 0x89, 0x8b, 0x8b, 0x8b, 0xa3, 0xc7, 0xd3, 0xd3, 0xdc, 0xdc, 0xdc, 0xdc, 0xdc, 0xdc, 0xdc, 0xdc, 0xdc, 0xdc, 0xd6, 0xd0, 0xc3, 0xb0, 0xa7, 0x88, 0x56, 0x20, 0x10, 0x0b, 0x1c, 0x21, 0x2c, 0x2e, 0x30, 0x30, 0x41, 0x41, 0x2e, 0x2e, 0x30, 0x30, 0x3b, 0x30, 0x29, 0x29, 0x2a, 0x29, 0x30, 0x48, 0x41, 0x41, 0x41, 0x2e, 0x42, 0x45, 0x41, 0x41, 0x41, 0x43, 0x4f, 0x4b, 0x4a, 0x4b, 0x4a, 0x41, 0x48, 0x43, 0x43, 0x43, 0x41, 0x43, 0x41, 0x2e, 0x30, 0x30, 0x2a, 0x29, 0x21, 0x21, 0x29, 0x2a, 0x2a, 0x2c, 0x2a, 0x20, 0x14, 0x20,
  0x6c, 0x63, 0x62, 0x65, 0x65, 0x4e, 0x41, 0x44, 0x38, 0x26, 0x1c, 0x1c, 0x10, 0x10, 0x11, 0x10, 0x08, 0x04, 0x04, 0x04, 0x01, 0x01, 0x01, 0x00, 0x00, 0x00, 0x01, 0x08, 0x1c, 0x33, 0x44, 0x67, 0x58, 0x50, 0x4e, 0x43, 0x48, 0x55, 0x55, 0x52, 0x1e, 0x15, 0x09, 0x04, 0x09, 0x1c, 0x33, 0x2b, 0x30, 0x47, 0x42, 0x30, 0x2e, 0x2d, 0x29, 0x29, 0x2a, 0x2a, 0x28, 0x28, 0x28, 0x24, 0x0b, 0x02, 0x08, 0x19, 0x19, 0x19, 0x10, 0x08, 0x02, 0x04, 0x04, 0x10, 0x23, 0x24, 0x17, 0x1d, 0x1b, 0x12, 0x0a, 0x0b, 0x19, 0x24, 0x57, 0x68, 0x68, 0x6d, 0x86, 0x8e, 0x8f, 0x8b, 0x8a, 0x8b, 0xa1, 0xa2, 0x8c, 0x8b, 0x8b, 0xa2, 0xa1, 0x8b, 0x8b, 0x8c, 0x8f, 0x8a, 0x89, 0x83, 0x83, 0x83, 0x89, 0x90, 0x90, 0x90, 0xa5, 0xa5, 0xa5, 0xa8, 0x9b, 0x79, 0x2d, 0x14, 0x09, 0x0b, 0x21, 0x2c, 0x39, 0x42, 0x42, 0x42, 0x48, 0x48, 0x43, 0x48, 0x48, 0x4e, 0x57, 0x4e, 0x4b, 0x58, 0x4f, 0x43, 0x2e, 0x2e, 0x30, 0x2e, 0x42, 0x39, 0x39, 0x30, 0x39, 0x2f, 0x24, 0x21, 0x24, 0x24, 0x21, 0x24, 0x21, 0x24, 0x28, 0x24, 0x21, 0x21, 0x17, 0x21, 0x24, 0x28, 0x28, 0x2a, 0x28, 0x29, 0x29, 0x2a, 0x29, 0x2a, 0x2a, 0x29, 0x2a, 0x2e, 0x2a, 0x2a, 0x29, 0x2a, 0x2e, 0x30, 0x2e, 0x2a, 0x29, 0x2a, 0x2c, 0x2a, 0x34, 0x1e, 0x06, 0x09, 0x22, 0x56, 0x6d, 0x7b, 0x6f, 0x6a, 0x6a, 0x6a, 0x6e, 0x6a, 0x81, 0x84, 0x8b, 0xa6, 0xad, 0xad, 0xb0, 0xc3, 0xca, 0xd1, 0xd1, 0xd7, 0xd3, 0xd1, 0xd3, 0xd1, 0xd1, 0xca, 0xaf, 0xad, 0xa2, 0xa1, 0xa2, 0x8c, 0x8a, 0x8a, 0x8a, 0x8b, 0x8b, 0x8c, 0x8b, 0x8c, 0xaa, 0xc5, 0xd0, 0xd3, 0xdc, 0xde, 0xde, 0xde, 0xdc, 0xdc, 0xdc, 0xdc, 0xdc, 0xd6, 0xd3, 0xd3, 0xd0, 0xc9, 0xb7, 0x9c, 0x7a, 0x2b, 0x10, 0x08, 0x14, 0x24, 0x39, 0x39, 0x3b, 0x42, 0x42, 0x46, 0x42, 0x30, 0x42, 0x3b, 0x47, 0x3b, 0x2a, 0x2f, 0x2f, 0x2a, 0x45, 0x42, 0x2d, 0x41, 0x41, 0x41, 0x42, 0x42, 0x42, 0x41, 0x43, 0x4b, 0x4b, 0x4f, 0x4b, 0x48, 0x48, 0x43, 0x48, 0x42, 0x41, 0x42, 0x2e, 0x42, 0x45, 0x30, 0x2e, 0x2a, 0x2a, 0x2a, 0x2c, 0x2c, 0x29, 0x29, 0x29, 0x2a, 0x2f, 0x29, 0x22, 0x20,
  0x65, 0x62, 0x62, 0x65, 0x50, 0x4e, 0x45, 0x2b, 0x23, 0x15, 0x10, 0x09, 0x05, 0x05, 0x04, 0x04, 0x04, 0x01, 0x01, 0x01, 0x01, 0x01, 0x01, 0x00, 0x00, 0x00, 0x01, 0x09, 0x15, 0x24, 0x44, 0x4f, 0x4b, 0x4d, 0x4e, 0x48, 0x4e, 0x55, 0x36, 0x1e, 0x11, 0x08, 0x04, 0x01, 0x04, 0x09, 0x23, 0x2f, 0x3b, 0x46, 0x30, 0x30, 0x43, 0x2e, 0x29, 0x29, 0x2e, 0x2c, 0x28, 0x28, 0x28, 0x24, 0x12, 0x03, 0x02, 0x0c, 0x19, 0x1c, 0x16, 0x18, 0x0c, 0x03, 0x04, 0x08, 0x19, 0x23, 0x23, 0x23, 0x18, 0x0d, 0x06, 0x0b, 0x25, 0x53, 0x73, 0x79, 0x7b, 0x82, 0x87, 0x8f, 0x8f, 0x8a, 0x8b, 0xa1, 0x8c, 0xa1, 0xa1, 0x8b, 0x8b, 0x8c, 0xa1, 0xa1, 0x8b, 0x8c, 0xa5, 0x90, 0x8b, 0x8a, 0x83, 0x83, 0x83, 0x8a, 0x89, 0x89, 0x8c, 0x8c, 0xa5, 0xa8, 0x9b, 0x87, 0x6a, 0x2b, 0x10, 0x10, 0x12, 0x24, 0x3a, 0x47, 0x3b, 0x46, 0x48, 0x42, 0x46, 0x4b, 0x4f, 0x48, 0x48, 0x41, 0x43, 0x4f, 0x4f, 0x43, 0x2e, 0x2a, 0x2a, 0x2e, 0x2e, 0x30, 0x39, 0x30, 0x2c, 0x29, 0x2a, 0x2c, 0x2a, 0x21, 0x21, 0x21, 0x21, 0x21, 0x21, 0x21, 0x21, 0x17, 0x16, 0x17, 0x28, 0x28, 0x28, 0x28, 0x24, 0x24, 0x29, 0x2a, 0x24, 0x29, 0x2c, 0x2a, 0x30, 0x2c, 0x2a, 0x2a, 0x2a, 0x2a, 0x2a, 0x2c, 0x2c, 0x2a, 0x2a, 0x2a, 0x2c, 0x2c, 0x28, 0x1e, 0x0b, 0x09, 0x14, 0x44, 0x6c, 0x7b, 0x6f, 0x6a, 0x6a, 0x6a, 0x6a, 0x6a, 0x6e, 0x81, 0x8b, 0xa5, 0xa5, 0xa6, 0xaa, 0xad, 0xc2, 0xc6, 0xd1, 0xd3, 0xd3, 0xd3, 0xd1, 0xd1, 0xd1, 0xd0, 0xd0, 0xc3, 0xad, 0xa2, 0xa2, 0xa2, 0x8c, 0x8b, 0x8b, 0x8c, 0x8c, 0xa1, 0x8c, 0xa1, 0xaa, 0xc4, 0xc7, 0xd1, 0xd2, 0xd6, 0xdc, 0xdc, 0xdc, 0xdc, 0xde, 0xdc, 0xdc, 0xd5, 0xd1, 0xd7, 0xd3, 0xc9, 0xb7, 0xb5, 0x88, 0x44, 0x14, 0x08, 0x14, 0x24, 0x2c, 0x3b, 0x46, 0x30, 0x30, 0x42, 0x30, 0x30, 0x39, 0x30, 0x46, 0x3b, 0x2f, 0x2f, 0x2a, 0x2a, 0x46, 0x45, 0x30, 0x42, 0x42, 0x42, 0x39, 0x30, 0x30, 0x42, 0x42, 0x42, 0x42, 0x4f, 0x4f, 0x46, 0x42, 0x43, 0x43, 0x46, 0x43, 0x30, 0x2e, 0x30, 0x30, 0x2e, 0x2a, 0x2a, 0x2c, 0x2a, 0x30, 0x34, 0x2a, 0x2a, 0x2e, 0x39, 0x54, 0x45, 0x41, 0x2f,
  0x63, 0x65, 0x65, 0x62, 0x4c, 0x45, 0x44, 0x2b, 0x14, 0x09, 0x04, 0x04, 0x04, 0x04, 0x04, 0x01, 0x01, 0x01, 0x01, 0x01, 0x01, 0x01, 0x01, 0x00, 0x00, 0x00, 0x01, 0x05, 0x15, 0x2b, 0x44, 0x4f, 0x58, 0x64, 0x50, 0x46, 0x44, 0x33, 0x1c, 0x11, 0x05, 0x01, 0x01, 0x01, 0x01, 0x08, 0x23, 0x2f, 0x39, 0x46, 0x3b, 0x42, 0x43, 0x30, 0x2e, 0x2a, 0x2f, 0x30, 0x2c, 0x28, 0x28, 0x21, 0x0b, 0x08, 0x03, 0x06, 0x18, 0x1b, 0x1d, 0x1e, 0x18, 0x08, 0x04, 0x04, 0x10, 0x23, 0x23, 0x19, 0x18, 0x0c, 0x0b, 0x23, 0x44, 0x66, 0x6c, 0x7b, 0x86, 0x87, 0x8d, 0x8d, 0x8b, 0x8b, 0x8b, 0x8c, 0x8b, 0x8c, 0x8c, 0x8b, 0x8b, 0xa1, 0xa2, 0xa2, 0xa1, 0xa2, 0xa6, 0xa5, 0xa2, 0xa2, 0x8a, 0x83, 0x83, 0x83, 0x83, 0x83, 0x83, 0x89, 0xa5, 0xa5, 0x90, 0x8f, 0x84, 0x56, 0x20, 0x10, 0x0b, 0x16, 0x34, 0x3d, 0x46, 0x47, 0x48, 0x43, 0x46, 0x48, 0x4f, 0x4b, 0x43, 0x43, 0x41, 0x43, 0x4b, 0x43, 0x30, 0x2e, 0x29, 0x2e, 0x2e, 0x30, 0x39, 0x30, 0x2a, 0x29, 0x2a, 0x2c, 0x24, 0x17, 0x21, 0x24, 0x21, 0x17, 0x17, 0x21, 0x17, 0x14, 0x16, 0x17, 0x1d, 0x27, 0x27, 0x24, 0x24, 0x28, 0x28, 0x24, 0x24, 0x24, 0x2a, 0x2a, 0x2a, 0x2c, 0x39, 0x2c, 0x2c, 0x2a, 0x2a, 0x2a, 0x2a, 0x2c, 0x2c, 0x2a, 0x2a, 0x28, 0x31, 0x25, 0x18, 0x09, 0x10, 0x2d, 0x6c, 0x70, 0x6e, 0x6e, 0x6a, 0x6a, 0x62, 0x6a, 0x6a, 0x6e, 0x8a, 0x90, 0x8b, 0x8c, 0xa2, 0xa4, 0xad, 0xb0, 0xc6, 0xd1, 0xd1, 0xd1, 0xd1, 0xd1, 0xd1, 0xd1, 0xd3, 0xd1, 0xc3, 0xa6, 0xa2, 0xa2, 0xa1, 0x8c, 0x8b, 0x8b, 0x8c, 0x8c, 0xa1, 0xa3, 0xa9, 0xc2, 0xd1, 0xd1, 0xd1, 0xd5, 0xdc, 0xdc, 0xd6, 0xdc, 0xdc, 0xd7, 0xd6, 0xd5, 0xd1, 0xd3, 0xd3, 0xc9, 0xb7, 0xb2, 0x8e, 0x56, 0x22, 0x10, 0x0b, 0x24, 0x2c, 0x39, 0x3b, 0x30, 0x30, 0x42, 0x2e, 0x2e, 0x2e, 0x30, 0x3b, 0x3a, 0x3b, 0x2c, 0x2a, 0x2c, 0x3b, 0x3b, 0x42, 0x42, 0x42, 0x42, 0x39, 0x2e, 0x2e, 0x42, 0x30, 0x42, 0x42, 0x46, 0x4b, 0x48, 0x42, 0x42, 0x46, 0x48, 0x46, 0x41, 0x2e, 0x2a, 0x2a, 0x2a, 0x2a, 0x2a, 0x2e, 0x2a, 0x2a, 0x2c, 0x2a, 0x2e, 0x30, 0x48, 0x4f, 0x4f, 0x4f, 0x57,
  0x6b, 0x65, 0x63, 0x4c, 0x4a, 0x43, 0x2f, 0x24, 0x14, 0x08, 0x04, 0x04, 0x05, 0x04, 0x04, 0x04, 0x01, 0x04, 0x04, 0x04, 0x01, 0x01, 0x01, 0x01, 0x00, 0x00, 0x01, 0x05, 0x15, 0x26, 0x44, 0x4e, 0x58, 0x50, 0x50, 0x4b, 0x2b, 0x14, 0x09, 0x05, 0x01, 0x00, 0x00, 0x00, 0x01, 0x09, 0x26, 0x2f, 0x47, 0x48, 0x48, 0x47, 0x43, 0x41, 0x41, 0x45, 0x2e, 0x2e, 0x2c, 0x2a, 0x28, 0x22, 0x14, 0x06, 0x08, 0x06, 0x18, 0x1f, 0x27, 0x1b, 0x18, 0x0c, 0x03, 0x04, 0x09, 0x19, 0x19, 0x10, 0x0c, 0x03, 0x10, 0x38, 0x56, 0x73, 0x70, 0x82, 0x87, 0x8d, 0x8d, 0x8d, 0x8b, 0x8b, 0x8a, 0x8a, 0x8a, 0x8b, 0x8c, 0x8c, 0xa2, 0xa2, 0xa6, 0xa4, 0xa6, 0xad, 0xad, 0xb0, 0xad, 0xa6, 0xa5, 0xa1, 0x8a, 0x89, 0x83, 0x6e, 0x6e, 0x6e, 0x8a, 0x8f, 0x8f, 0x90, 0x8d, 0x70, 0x40, 0x20, 0x14, 0x12, 0x32, 0x34, 0x3b, 0x42, 0x42, 0x42, 0x42, 0x41, 0x4f, 0x4f, 0x48, 0x43, 0x43, 0x41, 0x41, 0x42, 0x42, 0x2e, 0x2e, 0x2e, 0x2e, 0x2e, 0x30, 0x30, 0x2c, 0x2a, 0x28, 0x21, 0x21, 0x21, 0x21, 0x28, 0x21, 0x17, 0x16, 0x17, 0x16, 0x12, 0x12, 0x16, 0x17, 0x1d, 0x24, 0x1d, 0x21, 0x17, 0x17, 0x21, 0x21, 0x24, 0x2a, 0x2a, 0x2a, 0x2c, 0x34, 0x2c, 0x2c, 0x2c, 0x2a, 0x2a, 0x2a, 0x2c, 0x2c, 0x2a, 0x21, 0x21, 0x25, 0x25, 0x19, 0x09, 0x10, 0x22, 0x68, 0x70, 0x6f, 0x6f, 0x6e, 0x6a, 0x6a, 0x62, 0x6a, 0x6e, 0x83, 0x89, 0x89, 0x8a, 0x8c, 0xa2, 0xa6, 0xb0, 0xc3, 0xc7, 0xd0, 0xd0, 0xd1, 0xd3, 0xd3, 0xd3, 0xd7, 0xd3, 0xd0, 0xc3, 0xad, 0xa4, 0x8c, 0x8c, 0x8c, 0x8c, 0x8c, 0x8c, 0xa3, 0xa3, 0xa4, 0xc1, 0xd0, 0xd3, 0xd3, 0xd5, 0xd5, 0xd5, 0xd6, 0xdc, 0xdc, 0xd7, 0xd6, 0xd5, 0xd2, 0xd2, 0xd1, 0xc9, 0xc8, 0xa8, 0x8e, 0x66, 0x22, 0x10, 0x10, 0x17, 0x2c, 0x3a, 0x3a, 0x42, 0x42, 0x3b, 0x2e, 0x29, 0x2a, 0x2c, 0x34, 0x46, 0x46, 0x3b, 0x34, 0x39, 0x39, 0x3b, 0x3b, 0x2e, 0x2e, 0x2a, 0x2a, 0x30, 0x39, 0x39, 0x30, 0x3b, 0x46, 0x46, 0x46, 0x46, 0x48, 0x42, 0x2e, 0x42, 0x46, 0x2e, 0x29, 0x21, 0x21, 0x29, 0x2a, 0x2c, 0x2a, 0x2a, 0x2a, 0x2c, 0x30, 0x30, 0x30, 0x48, 0x4f, 0x4b, 0x4f, 0x50,
  0x6c, 0x65, 0x4d, 0x4c, 0x4e, 0x48, 0x39, 0x2b, 0x1c, 0x08, 0x04, 0x04, 0x04, 0x01, 0x02, 0x04, 0x01, 0x01, 0x02, 0x02, 0x02, 0x02, 0x02, 0x04, 0x01, 0x01, 0x01, 0x04, 0x10, 0x23, 0x2f, 0x43, 0x4b, 0x4a, 0x4d, 0x4f, 0x2b, 0x14, 0x09, 0x01, 0x00, 0x00, 0x00, 0x01, 0x01, 0x11, 0x26, 0x3d, 0x54, 0x4f, 0x48, 0x4b, 0x4b, 0x4f, 0x4f, 0x46, 0x42, 0x30, 0x2c, 0x2a, 0x2a, 0x32, 0x14, 0x08, 0x02, 0x0c, 0x18, 0x31, 0x27, 0x1d, 0x1d, 0x1e, 0x0c, 0x04, 0x05, 0x0c, 0x0c, 0x08, 0x0c, 0x10, 0x23, 0x44, 0x66, 0x79, 0x70, 0x82, 0x84, 0x84, 0x84, 0x8d, 0x8b, 0x8b, 0x89, 0x8a, 0x90, 0x90, 0xa1, 0xa2, 0xa2, 0xa2, 0xa5, 0xa6, 0xad, 0xad, 0xb0, 0xc3, 0xc3, 0xaf, 0xa6, 0xa6, 0xa2, 0x8b, 0x83, 0x6e, 0x6a, 0x62, 0x6e, 0x81, 0x89, 0x90, 0xa5, 0x8e, 0x6a, 0x20, 0x10, 0x12, 0x1f, 0x2c, 0x3b, 0x46, 0x48, 0x48, 0x48, 0x48, 0x4b, 0x4f, 0x48, 0x43, 0x41, 0x41, 0x41, 0x41, 0x2e, 0x29, 0x2e, 0x30, 0x30, 0x30, 0x30, 0x2e, 0x2a, 0x2a, 0x28, 0x21, 0x17, 0x21, 0x24, 0x24, 0x1d, 0x13, 0x16, 0x16, 0x12, 0x0b, 0x12, 0x13, 0x12, 0x16, 0x1d, 0x17, 0x17, 0x16, 0x16, 0x14, 0x17, 0x28, 0x2c, 0x34, 0x34, 0x34, 0x2c, 0x2a, 0x2c, 0x2a, 0x2a, 0x2a, 0x2a, 0x2a, 0x2a, 0x2a, 0x28, 0x28, 0x24, 0x25, 0x1c, 0x10, 0x10, 0x20, 0x56, 0x7b, 0x82, 0x6f, 0x6a, 0x6a, 0x6e, 0x6a, 0x6a, 0x81, 0x83, 0x83, 0x83, 0x89, 0x8c, 0xa2, 0xa6, 0xaf, 0xc3, 0xc3, 0xca, 0xd0, 0xca, 0xd1, 0xd2, 0xd3, 0xd7, 0xd6, 0xd6, 0xd1, 0xc3, 0xad, 0xa4, 0xa1, 0xa3, 0xa3, 0xa3, 0xa3, 0xa3, 0xa3, 0xa4, 0xac, 0xc4, 0xd1, 0xd3, 0xd5, 0xd3, 0xd6, 0xd7, 0xd7, 0xd7, 0xd7, 0xd7, 0xd6, 0xd3, 0xd2, 0xcb, 0xc9, 0xc8, 0xa8, 0x8d, 0x63, 0x22, 0x14, 0x0b, 0x0b, 0x17, 0x34, 0x30, 0x42, 0x2e, 0x2e, 0x2e, 0x2a, 0x2a, 0x21, 0x2a, 0x47, 0x47, 0x47, 0x3a, 0x39, 0x2c, 0x34, 0x2e, 0x29, 0x21, 0x29, 0x2a, 0x3a, 0x47, 0x30, 0x39, 0x3b, 0x46, 0x42, 0x2e, 0x2a, 0x42, 0x46, 0x2e, 0x2e, 0x42, 0x30, 0x2a, 0x21, 0x21, 0x24, 0x2c, 0x2c, 0x2a, 0x2f, 0x2e, 0x2e, 0x46, 0x30, 0x2e, 0x4b, 0x4a, 0x4d, 0x4d, 0x51,
  0x69, 0x64, 0x4d, 0x4a, 0x4b, 0x41, 0x2f, 0x29, 0x1c, 0x09, 0x04, 0x04, 0x04, 0x02, 0x02, 0x02, 0x02, 0x02, 0x02, 0x02, 0x02, 0x02, 0x02, 0x05, 0x08, 0x05, 0x05, 0x05, 0x11, 0x23, 0x2f, 0x45, 0x4f, 0x4d, 0x50, 0x4b, 0x24, 0x15, 0x05, 0x01, 0x00, 0x00, 0x00, 0x00, 0x01, 0x09, 0x26, 0x53, 0x55, 0x55, 0x4e, 0x4e, 0x43, 0x4f, 0x4f, 0x48, 0x42, 0x2a, 0x21, 0x2a, 0x2a, 0x25, 0x19, 0x08, 0x02, 0x0c, 0x18, 0x25, 0x31, 0x1d, 0x1d, 0x25, 0x18, 0x02, 0x04, 0x04, 0x04, 0x04, 0x10, 0x26, 0x44, 0x56, 0x66, 0x70, 0x7b, 0x82, 0x84, 0x84, 0x84, 0x84, 0x8a, 0x8a, 0x89, 0x8d, 0x90, 0x90, 0x90, 0x90, 0x90, 0x8b, 0x90, 0xa6, 0xa6, 0xad, 0xc2, 0xc6, 0xc3, 0xae, 0xb0, 0xc3, 0xad, 0xa2, 0x89, 0x81, 0x6a, 0x4c, 0x62, 0x6e, 0x83, 0x8a, 0x90, 0x90, 0x7b, 0x2d, 0x14, 0x0b, 0x16, 0x28, 0x46, 0x48, 0x48, 0x4f, 0x4f, 0x4f, 0x4f, 0x57, 0x4f, 0x43, 0x43, 0x43, 0x43, 0x30, 0x2e, 0x2a, 0x2a, 0x30, 0x42, 0x3b, 0x30, 0x2c, 0x29, 0x28, 0x28, 0x28, 0x2a, 0x2c, 0x24, 0x1d, 0x1b, 0x12, 0x12, 0x13, 0x12, 0x12, 0x16, 0x16, 0x16, 0x16, 0x16, 0x16, 0x16, 0x17, 0x17, 0x17, 0x17, 0x2c, 0x39, 0x2a, 0x2c, 0x2c, 0x28, 0x28, 0x28, 0x28, 0x28, 0x28, 0x28, 0x24, 0x28, 0x2a, 0x28, 0x28, 0x31, 0x31, 0x25, 0x14, 0x10, 0x20, 0x49, 0x70, 0x86, 0x82, 0x81, 0x6e, 0x6e, 0x6e, 0x6e, 0x81, 0x83, 0x89, 0x8b, 0x8c, 0x8c, 0x8c, 0xa1, 0xa6, 0xc2, 0xc3, 0xc6, 0xca, 0xca, 0xd2, 0xd5, 0xd5, 0xd6, 0xd7, 0xd3, 0xd3, 0xd0, 0xc4, 0xac, 0xa9, 0xa3, 0xa1, 0xa3, 0xa3, 0xa3, 0xa3, 0xa3, 0xa9, 0xc4, 0xd1, 0xd2, 0xd3, 0xd7, 0xd7, 0xd7, 0xd7, 0xd7, 0xd7, 0xd7, 0xd7, 0xd7, 0xd3, 0xd2, 0xc6, 0xaf, 0xa7, 0x8d, 0x63, 0x21, 0x14, 0x0b, 0x06, 0x0b, 0x24, 0x2c, 0x30, 0x2e, 0x2a, 0x2a, 0x21, 0x14, 0x20, 0x24, 0x34, 0x3b, 0x3a, 0x2c, 0x2c, 0x2a, 0x2a, 0x2a, 0x29, 0x21, 0x24, 0x2a, 0x2c, 0x30, 0x30, 0x30, 0x30, 0x30, 0x30, 0x30, 0x2e, 0x30, 0x42, 0x46, 0x47, 0x42, 0x2e, 0x2a, 0x28, 0x28, 0x28, 0x2c, 0x2c, 0x2e, 0x30, 0x42, 0x46, 0x47, 0x30, 0x30, 0x48, 0x4f, 0x4d, 0x63, 0x64,
  0x65, 0x63, 0x50, 0x4c, 0x49, 0x40, 0x2a, 0x24, 0x1c, 0x09, 0x04, 0x04, 0x02, 0x02, 0x02, 0x02, 0x02, 0x03, 0x03, 0x06, 0x06, 0x0b, 0x0b, 0x0b, 0x19, 0x15, 0x08, 0x08, 0x10, 0x23, 0x2f, 0x42, 0x4b, 0x4a, 0x4a, 0x40, 0x22, 0x10, 0x04, 0x01, 0x00, 0x00, 0x00, 0x01, 0x08, 0x15, 0x33, 0x53, 0x57, 0x57, 0x4e, 0x57, 0x67, 0x58, 0x4f, 0x4f, 0x4f, 0x2e, 0x21, 0x21, 0x2b, 0x31, 0x19, 0x08, 0x04, 0x08, 0x15, 0x19, 0x25, 0x1d, 0x1d, 0x1e, 0x0c, 0x08, 0x04, 0x04, 0x04, 0x08, 0x1c, 0x2b, 0x4e, 0x66, 0x65, 0x70, 0x82, 0x87, 0x8d, 0x89, 0x83, 0x83, 0x89, 0x8a, 0x8a, 0x8a, 0x8a, 0x8b, 0x8c, 0x90, 0x90, 0x8b, 0x8b, 0x8b, 0x90, 0xa5, 0xaa, 0xb0, 0xc6, 0xc6, 0xc6, 0xca, 0xc6, 0xad, 0xa5, 0x8d, 0x6e, 0x62, 0x62, 0x6e, 0x83, 0x90, 0xa5, 0x90, 0x8d, 0x4c, 0x14, 0x09, 0x0b, 0x24, 0x47, 0x47, 0x48, 0x4f, 0x4f, 0x48, 0x4b, 0x4f, 0x48, 0x42, 0x4b, 0x4b, 0x41, 0x30, 0x42, 0x30, 0x2d, 0x2e, 0x30, 0x3b, 0x30, 0x2a, 0x2a, 0x2c, 0x28, 0x21, 0x28, 0x34, 0x28, 0x1f, 0x1b, 0x13, 0x13, 0x1a, 0x13, 0x12, 0x13, 0x16, 0x16, 0x16, 0x16, 0x16, 0x17, 0x1d, 0x27, 0x21, 0x28, 0x34, 0x2c, 0x28, 0x2a, 0x2a, 0x2a, 0x2a, 0x24, 0x24, 0x24, 0x28, 0x28, 0x28, 0x2c, 0x28, 0x2c, 0x28, 0x28, 0x24, 0x22, 0x14, 0x14, 0x20, 0x44, 0x79, 0x88, 0x87, 0x84, 0x83, 0x83, 0x83, 0x89, 0x89, 0x89, 0x8a, 0x8c, 0x8c, 0xa2, 0xa1, 0xa1, 0xa6, 0xad, 0xc1, 0xc3, 0xc6, 0xc6, 0xd0, 0xd1, 0xd1, 0xd3, 0xd6, 0xd5, 0xd5, 0xd3, 0xca, 0xc2, 0xac, 0xa3, 0xa3, 0xa4, 0xa3, 0xa1, 0xa1, 0xa3, 0xa3, 0xae, 0xc4, 0xca, 0xd3, 0xd7, 0xd7, 0xd7, 0xd7, 0xd3, 0xd6, 0xd7, 0xd6, 0xd7, 0xd6, 0xd2, 0xc6, 0xaf, 0xa8, 0x8f, 0x6d, 0x2a, 0x10, 0x06, 0x06, 0x0b, 0x22, 0x34, 0x2a, 0x29, 0x29, 0x21, 0x14, 0x0b, 0x14, 0x17, 0x28, 0x34, 0x2c, 0x28, 0x2a, 0x2c, 0x2c, 0x2c, 0x29, 0x29, 0x2c, 0x34, 0x2c, 0x2a, 0x2c, 0x2c, 0x39, 0x30, 0x2c, 0x2a, 0x30, 0x42, 0x42, 0x46, 0x46, 0x45, 0x2e, 0x2a, 0x34, 0x39, 0x34, 0x2c, 0x2c, 0x30, 0x42, 0x48, 0x54, 0x48, 0x46, 0x43, 0x4b, 0x4f, 0x4d, 0x51, 0x67,
  0x65, 0x62, 0x63, 0x62, 0x49, 0x40, 0x2e, 0x2b, 0x25, 0x11, 0x04, 0x01, 0x01, 0x02, 0x05, 0x03, 0x03, 0x06, 0x0d, 0x1e, 0x25, 0x25, 0x25, 0x25, 0x25, 0x19, 0x10, 0x09, 0x10, 0x1e, 0x32, 0x39, 0x47, 0x4f, 0x4a, 0x40, 0x22, 0x14, 0x04, 0x04, 0x01, 0x01, 0x01, 0x08, 0x19, 0x26, 0x44, 0x45, 0x4e, 0x4e, 0x4b, 0x4d, 0x51, 0x58, 0x58, 0x58, 0x59, 0x48, 0x2e, 0x2a, 0x2a, 0x24, 0x19, 0x08, 0x04, 0x05, 0x0c, 0x19, 0x1c, 0x1d, 0x1b, 0x18, 0x0c, 0x05, 0x04, 0x04, 0x04, 0x10, 0x1c, 0x2b, 0x4e, 0x68, 0x6a, 0x6f, 0x84, 0x84, 0x84, 0x89, 0x89, 0x83, 0x89, 0x8a, 0x8a, 0x8b, 0x8a, 0x8b, 0x8b, 0x8b, 0x8b, 0x8c, 0x8b, 0x89, 0x8b, 0xa2, 0xa6, 0xaf, 0xc3, 0xc6, 0xca, 0xca, 0xc6, 0xb0, 0xaa, 0xa2, 0x89, 0x6e, 0x6a, 0x6a, 0x83, 0xa5, 0xa2, 0xa5, 0x8f, 0x6d, 0x2d, 0x0b, 0x0b, 0x17, 0x39, 0x3b, 0x47, 0x4f, 0x48, 0x43, 0x4a, 0x48, 0x47, 0x46, 0x48, 0x4b, 0x43, 0x41, 0x41, 0x30, 0x30, 0x30, 0x30, 0x42, 0x2e, 0x2a, 0x2a, 0x2a, 0x28, 0x24, 0x28, 0x28, 0x28, 0x27, 0x1d, 0x1b, 0x16, 0x13, 0x1a, 0x13, 0x1a, 0x16, 0x16, 0x16, 0x16, 0x17, 0x17, 0x17, 0x1d, 0x1f, 0x27, 0x27, 0x28, 0x28, 0x2a, 0x2a, 0x29, 0x29, 0x24, 0x21, 0x24, 0x28, 0x28, 0x2c, 0x2c, 0x28, 0x28, 0x2a, 0x2a, 0x29, 0x22, 0x22, 0x20, 0x22, 0x2b, 0x66, 0x88, 0x8e, 0x8f, 0x8a, 0x89, 0x8a, 0x8b, 0x8a, 0x8b, 0x8c, 0x8c, 0x8b, 0xa2, 0xa2, 0xa1, 0xa4, 0xaa, 0xc1, 0xc2, 0xc5, 0xc7, 0xd0, 0xc7, 0xca, 0xd3, 0xd6, 0xdc, 0xdc, 0xdc, 0xd5, 0xca, 0xc4, 0xac, 0xa4, 0xa4, 0xa4, 0xa2, 0xa2, 0xa3, 0xa4, 0xa9, 0xc0, 0xc6, 0xd1, 0xd1, 0xd2, 0xd7, 0xd7, 0xd3, 0xd3, 0xd6, 0xdc, 0xd7, 0xd2, 0xca, 0xc3, 0xaf, 0xa8, 0x8f, 0x7b, 0x2f, 0x14, 0x08, 0x06, 0x0b, 0x23, 0x2b, 0x2a, 0x28, 0x24, 0x16, 0x0b, 0x12, 0x16, 0x17, 0x28, 0x2c, 0x2c, 0x2a, 0x2a, 0x2c, 0x2c, 0x2a, 0x2a, 0x2c, 0x34, 0x3a, 0x2c, 0x28, 0x34, 0x2c, 0x2c, 0x2c, 0x2a, 0x30, 0x3a, 0x30, 0x3b, 0x42, 0x42, 0x42, 0x42, 0x30, 0x39, 0x3b, 0x3b, 0x39, 0x30, 0x30, 0x46, 0x48, 0x48, 0x4f, 0x57, 0x4e, 0x4b, 0x4d, 0x64, 0x58, 0x58,
  0x63, 0x50, 0x65, 0x63, 0x49, 0x40, 0x2e, 0x2a, 0x24, 0x11, 0x04, 0x04, 0x04, 0x0c, 0x19, 0x18, 0x18, 0x18, 0x25, 0x3d, 0x36, 0x36, 0x36, 0x36, 0x31, 0x19, 0x09, 0x09, 0x09, 0x1c, 0x32, 0x39, 0x55, 0x58, 0x4f, 0x40, 0x29, 0x20, 0x10, 0x04, 0x04, 0x04, 0x04, 0x10, 0x25, 0x36, 0x53, 0x44, 0x43, 0x43, 0x43, 0x43, 0x43, 0x4f, 0x4f, 0x4f, 0x4f, 0x4f, 0x3b, 0x3b, 0x2c, 0x28, 0x1c, 0x08, 0x04, 0x04, 0x0c, 0x0b, 0x16, 0x16, 0x12, 0x18, 0x0c, 0x05, 0x01, 0x04, 0x09, 0x15, 0x22, 0x39, 0x66, 0x68, 0x6b, 0x6f, 0x81, 0x84, 0x84, 0x84, 0x8d, 0x89, 0x89, 0x89, 0x8a, 0x8b, 0x8b, 0x8b, 0x8a, 0x89, 0x89, 0x8a, 0x8a, 0x89, 0x8b, 0xa2, 0xa6, 0xad, 0xad, 0xb0, 0xc6, 0xc6, 0xc6, 0xc3, 0xc2, 0xa6, 0x90, 0x89, 0x6e, 0x6e, 0x83, 0x8a, 0xa1, 0xa6, 0x9b, 0x86, 0x56, 0x20, 0x10, 0x12, 0x2b, 0x39, 0x46, 0x4f, 0x4f, 0x4a, 0x4a, 0x4a, 0x48, 0x4f, 0x4f, 0x4b, 0x46, 0x42, 0x41, 0x43, 0x48, 0x46, 0x41, 0x42, 0x42, 0x30, 0x2e, 0x2a, 0x28, 0x28, 0x28, 0x28, 0x28, 0x1f, 0x1d, 0x1d, 0x16, 0x0f, 0x0f, 0x1a, 0x1a, 0x1a, 0x1b, 0x1a, 0x16, 0x16, 0x17, 0x1f, 0x1d, 0x1d, 0x1d, 0x1d, 0x27, 0x28, 0x28, 0x2c, 0x2a, 0x29, 0x24, 0x24, 0x28, 0x2a, 0x2c, 0x2c, 0x2c, 0x28, 0x28, 0x2a, 0x2c, 0x2a, 0x2b, 0x24, 0x24, 0x24, 0x24, 0x49, 0x7c, 0x8e, 0xa7, 0x90, 0x8c, 0x8b, 0x8c, 0xa1, 0xa2, 0xa2, 0xa1, 0x8c, 0xa1, 0xa3, 0xa1, 0xa4, 0xae, 0xc2, 0xc4, 0xc5, 0xc7, 0xd0, 0xca, 0xca, 0xd1, 0xd5, 0xdc, 0xdc, 0xdc, 0xd7, 0xd2, 0xc7, 0xc1, 0xaa, 0xa4, 0xa2, 0xa4, 0xa9, 0xa9, 0xa9, 0xa9, 0xc0, 0xca, 0xd1, 0xd0, 0xd1, 0xd6, 0xd7, 0xd7, 0xd6, 0xd2, 0xd6, 0xd6, 0xd2, 0xca, 0xc6, 0xaf, 0xa5, 0x8d, 0x7b, 0x45, 0x14, 0x08, 0x03, 0x0b, 0x1c, 0x21, 0x29, 0x28, 0x28, 0x21, 0x17, 0x17, 0x17, 0x24, 0x28, 0x28, 0x2c, 0x2a, 0x2c, 0x2c, 0x2a, 0x29, 0x2c, 0x30, 0x30, 0x39, 0x2c, 0x34, 0x39, 0x2a, 0x2a, 0x2c, 0x2a, 0x39, 0x39, 0x30, 0x30, 0x42, 0x42, 0x42, 0x46, 0x48, 0x42, 0x39, 0x48, 0x46, 0x39, 0x39, 0x46, 0x46, 0x48, 0x4f, 0x4f, 0x4b, 0x4b, 0x4d, 0x67, 0x51, 0x4d,
  0x50, 0x63, 0x65, 0x4c, 0x49, 0x40, 0x2a, 0x2a, 0x24, 0x15, 0x08, 0x04, 0x08, 0x19, 0x1e, 0x1e, 0x31, 0x32, 0x36, 0x3d, 0x34, 0x34, 0x36, 0x36, 0x31, 0x19, 0x09, 0x09, 0x09, 0x1c, 0x33, 0x3d, 0x59, 0x55, 0x45, 0x30, 0x2f, 0x2b, 0x1c, 0x14, 0x10, 0x15, 0x14, 0x23, 0x32, 0x38, 0x45, 0x42, 0x42, 0x46, 0x43, 0x43, 0x4a, 0x48, 0x30, 0x2e, 0x42, 0x39, 0x2c, 0x34, 0x2c, 0x28, 0x17, 0x06, 0x02, 0x02, 0x03, 0x0a, 0x0f, 0x0f, 0x0f, 0x0d, 0x0c, 0x05, 0x04, 0x05, 0x11, 0x15, 0x2b, 0x54, 0x66, 0x65, 0x70, 0x82, 0x82, 0x84, 0x87, 0x84, 0x84, 0x84, 0x84, 0x83, 0x8a, 0x8d, 0x89, 0x83, 0x83, 0x89, 0x83, 0x89, 0x8a, 0x89, 0xa2, 0xa2, 0xa5, 0xa6, 0xa6, 0xaf, 0xc3, 0xc6, 0xca, 0xca, 0xc7, 0xb0, 0xa5, 0x8a, 0x81, 0x81, 0x83, 0x89, 0x8c, 0xa5, 0xa8, 0x87, 0x62, 0x22, 0x10, 0x1c, 0x32, 0x3d, 0x48, 0x48, 0x4f, 0x4a, 0x4a, 0x4a, 0x48, 0x48, 0x4f, 0x4b, 0x48, 0x46, 0x48, 0x4b, 0x48, 0x42, 0x41, 0x42, 0x30, 0x2e, 0x2a, 0x2a, 0x28, 0x21, 0x24, 0x28, 0x27, 0x1d, 0x1d, 0x1d, 0x1b, 0x13, 0x0f, 0x13, 0x13, 0x1a, 0x1f, 0x1a, 0x16, 0x16, 0x1b, 0x1f, 0x1d, 0x1b, 0x1f, 0x1f, 0x1f, 0x1d, 0x27, 0x28, 0x28, 0x28, 0x28, 0x28, 0x2c, 0x2c, 0x34, 0x34, 0x2c, 0x28, 0x28, 0x2c, 0x2c, 0x2a, 0x2a, 0x2a, 0x2b, 0x2b, 0x2b, 0x2f, 0x68, 0x86, 0x8f, 0xa5, 0xa5, 0xa2, 0xa2, 0xa2, 0xa2, 0xa1, 0xa2, 0xa4, 0xa3, 0xa4, 0xa3, 0xa9, 0xc2, 0xc2, 0xc4, 0xc5, 0xc5, 0xc6, 0xd0, 0xd0, 0xca, 0xd1, 0xd5, 0xd6, 0xd5, 0xd6, 0xd3, 0xd0, 0xc4, 0xc1, 0xa9, 0xa1, 0xa4, 0xaa, 0xac, 0xa9, 0xa9, 0xc1, 0xd0, 0xd3, 0xd3, 0xd2, 0xd3, 0xd6, 0xd7, 0xd6, 0xd2, 0xd2, 0xd6, 0xd7, 0xd3, 0xca, 0xaf, 0xa5, 0x8f, 0x86, 0x4e, 0x14, 0x08, 0x06, 0x12, 0x16, 0x2a, 0x2a, 0x24, 0x28, 0x2c, 0x28, 0x21, 0x21, 0x24, 0x24, 0x24, 0x28, 0x2c, 0x39, 0x39, 0x2a, 0x2a, 0x30, 0x3b, 0x2e, 0x30, 0x3b, 0x3b, 0x30, 0x2a, 0x2e, 0x30, 0x2a, 0x2a, 0x30, 0x39, 0x30, 0x3b, 0x42, 0x30, 0x42, 0x42, 0x30, 0x30, 0x45, 0x42, 0x30, 0x30, 0x3b, 0x45, 0x46, 0x4f, 0x4f, 0x4b, 0x4b, 0x4d, 0x58, 0x4d, 0x51,
  0x65, 0x63, 0x50, 0x50, 0x4e, 0x41, 0x2f, 0x30, 0x2f, 0x1c, 0x09, 0x08, 0x0c, 0x19, 0x1e, 0x25, 0x2c, 0x39, 0x3d, 0x3d, 0x2c, 0x2b, 0x34, 0x31, 0x1e, 0x19, 0x09, 0x09, 0x10, 0x26, 0x36, 0x3d, 0x55, 0x54, 0x47, 0x47, 0x47, 0x3b, 0x2c, 0x2b, 0x2c, 0x39, 0x39, 0x36, 0x3d, 0x39, 0x39, 0x39, 0x45, 0x48, 0x48, 0x48, 0x4f, 0x30, 0x2a, 0x2e, 0x2a, 0x28, 0x21, 0x28, 0x21, 0x17, 0x18, 0x0c, 0x03, 0x02, 0x03, 0x07, 0x0e, 0x0f, 0x1a, 0x0d, 0x03, 0x05, 0x04, 0x04, 0x11, 0x26, 0x44, 0x59, 0x67, 0x6b, 0x6d, 0x7b, 0x82, 0x7b, 0x82, 0x84, 0x84, 0x84, 0x81, 0x81, 0x83, 0x83, 0x83, 0x81, 0x83, 0x83, 0x83, 0x83, 0x89, 0x89, 0xa5, 0xa5, 0xa2, 0xa2, 0xa5, 0xa6, 0xaf, 0xc3, 0xd0, 0xd0, 0xc7, 0xc3, 0xa6, 0x8b, 0x89, 0x89, 0x83, 0x89, 0xa1, 0xa4, 0xa5, 0x90, 0x82, 0x44, 0x14, 0x14, 0x25, 0x3d, 0x59, 0x48, 0x48, 0x4f, 0x4d, 0x4a, 0x4a, 0x43, 0x48, 0x48, 0x48, 0x4b, 0x4b, 0x4f, 0x4b, 0x48, 0x43, 0x30, 0x2d, 0x29, 0x29, 0x2a, 0x2a, 0x28, 0x24, 0x27, 0x1d, 0x17, 0x1b, 0x1f, 0x1d, 0x1a, 0x13, 0x13, 0x13, 0x13, 0x1a, 0x1a, 0x1a, 0x1a, 0x1a, 0x16, 0x1b, 0x1b, 0x1b, 0x1b, 0x1d, 0x1f, 0x1d, 0x17, 0x17, 0x1d, 0x1d, 0x28, 0x2c, 0x2c, 0x2a, 0x2a, 0x2c, 0x2a, 0x2c, 0x39, 0x39, 0x2c, 0x39, 0x39, 0x2f, 0x2a, 0x2f, 0x2d, 0x49, 0x6f, 0x8d, 0xa5, 0xa6, 0xa6, 0xa2, 0xa5, 0xaa, 0xa4, 0xa4, 0xa4, 0xa9, 0xa9, 0xa9, 0xab, 0xc4, 0xc1, 0xc4, 0xc4, 0xc4, 0xc5, 0xca, 0xd1, 0xd0, 0xd0, 0xd3, 0xd6, 0xd5, 0xd5, 0xd3, 0xd1, 0xd0, 0xc2, 0xaa, 0xa3, 0xa4, 0xa4, 0xa9, 0xa9, 0xab, 0xac, 0xc5, 0xca, 0xca, 0xd0, 0xd3, 0xd5, 0xd6, 0xd6, 0xd5, 0xd5, 0xd7, 0xd6, 0xd2, 0xca, 0xb0, 0xa8, 0xa5, 0x86, 0x49, 0x14, 0x09, 0x10, 0x1e, 0x31, 0x2c, 0x39, 0x2a, 0x28, 0x2a, 0x2a, 0x2a, 0x2a, 0x28, 0x28, 0x2a, 0x2a, 0x34, 0x3b, 0x39, 0x30, 0x39, 0x30, 0x30, 0x39, 0x30, 0x3b, 0x3b, 0x30, 0x30, 0x30, 0x30, 0x30, 0x30, 0x39, 0x39, 0x3b, 0x3b, 0x3b, 0x42, 0x42, 0x42, 0x42, 0x46, 0x45, 0x42, 0x30, 0x30, 0x46, 0x47, 0x4e, 0x57, 0x57, 0x4f, 0x4f, 0x4d, 0x67, 0x67, 0x64,
  0x66, 0x64, 0x50, 0x4e, 0x43, 0x2e, 0x42, 0x42, 0x2f, 0x26, 0x10, 0x09, 0x11, 0x15, 0x23, 0x32, 0x3b, 0x3b, 0x39, 0x3b, 0x39, 0x2a, 0x24, 0x1c, 0x0b, 0x10, 0x08, 0x08, 0x11, 0x26, 0x36, 0x52, 0x54, 0x54, 0x3d, 0x3b, 0x47, 0x3b, 0x3b, 0x3a, 0x3a, 0x47, 0x3a, 0x36, 0x36, 0x39, 0x39, 0x39, 0x39, 0x3b, 0x47, 0x54, 0x3b, 0x29, 0x2a, 0x2a, 0x24, 0x21, 0x28, 0x24, 0x22, 0x23, 0x19, 0x0c, 0x02, 0x02, 0x03, 0x07, 0x0d, 0x0d, 0x0d, 0x06, 0x03, 0x04, 0x04, 0x09, 0x1c, 0x33, 0x4e, 0x57, 0x68, 0x68, 0x6b, 0x6f, 0x70, 0x70, 0x6f, 0x7b, 0x82, 0x81, 0x82, 0x81, 0x81, 0x81, 0x81, 0x81, 0x81, 0x81, 0x6e, 0x6e, 0x6e, 0x84, 0x8d, 0x8d, 0x89, 0x8a, 0x8f, 0xa6, 0xad, 0xb0, 0xc3, 0xc3, 0xc2, 0xc1, 0xa6, 0xa2, 0xa1, 0x8a, 0x83, 0x83, 0x8c, 0xa4, 0xa6, 0xa5, 0x8e, 0x68, 0x20, 0x14, 0x1c, 0x32, 0x54, 0x54, 0x4b, 0x4f, 0x4a, 0x4a, 0x4a, 0x4a, 0x4b, 0x4f, 0x4f, 0x4f, 0x4f, 0x58, 0x4f, 0x43, 0x46, 0x42, 0x2e, 0x29, 0x2a, 0x2a, 0x24, 0x24, 0x24, 0x27, 0x1d, 0x16, 0x16, 0x1b, 0x1b, 0x1a, 0x16, 0x1a, 0x13, 0x13, 0x13, 0x13, 0x1a, 0x1a, 0x1a, 0x13, 0x13, 0x1a, 0x1a, 0x1a, 0x16, 0x16, 0x13, 0x13, 0x13, 0x16, 0x16, 0x17, 0x21, 0x24, 0x24, 0x29, 0x29, 0x29, 0x2d, 0x40, 0x40, 0x2e, 0x41, 0x4e, 0x43, 0x40, 0x2d, 0x2d, 0x49, 0x6e, 0x8d, 0xa6, 0xad, 0xb0, 0xad, 0xa6, 0xaa, 0xaa, 0xaa, 0xa9, 0xaa, 0xa9, 0xa3, 0xab, 0xac, 0xc2, 0xc5, 0xc5, 0xc5, 0xc6, 0xd0, 0xd3, 0xd3, 0xd1, 0xd3, 0xd6, 0xd5, 0xd5, 0xd1, 0xd1, 0xca, 0xc4, 0xc1, 0xac, 0xa9, 0xa9, 0xaa, 0xa9, 0xa9, 0xae, 0xc5, 0xc7, 0xc7, 0xd1, 0xd3, 0xd5, 0xd5, 0xde, 0xde, 0xdc, 0xdc, 0xd6, 0xd1, 0xca, 0xc3, 0xaf, 0xa5, 0x82, 0x49, 0x14, 0x08, 0x10, 0x1e, 0x31, 0x2c, 0x34, 0x3a, 0x34, 0x2a, 0x2c, 0x34, 0x2c, 0x2c, 0x2c, 0x2c, 0x2a, 0x2a, 0x2a, 0x2c, 0x2c, 0x2c, 0x30, 0x2a, 0x2e, 0x30, 0x30, 0x3b, 0x30, 0x3b, 0x46, 0x46, 0x3b, 0x3a, 0x34, 0x39, 0x39, 0x3b, 0x30, 0x30, 0x46, 0x46, 0x47, 0x42, 0x30, 0x2e, 0x2e, 0x42, 0x48, 0x46, 0x48, 0x4f, 0x4f, 0x4b, 0x4b, 0x4a, 0x58, 0x58, 0x64,
  0x66, 0x50, 0x43, 0x41, 0x2f, 0x2f, 0x42, 0x41, 0x44, 0x26, 0x10, 0x08, 0x09, 0x15, 0x23, 0x2c, 0x47, 0x48, 0x46, 0x45, 0x42, 0x2f, 0x24, 0x1c, 0x10, 0x08, 0x08, 0x04, 0x09, 0x1e, 0x32, 0x36, 0x3d, 0x3d, 0x3d, 0x34, 0x34, 0x3a, 0x2c, 0x34, 0x28, 0x28, 0x28, 0x25, 0x31, 0x32, 0x24, 0x21, 0x24, 0x24, 0x27, 0x28, 0x28, 0x21, 0x24, 0x24, 0x25, 0x23, 0x25, 0x1e, 0x25, 0x25, 0x19, 0x09, 0x04, 0x04, 0x05, 0x0c, 0x06, 0x06, 0x03, 0x03, 0x02, 0x04, 0x04, 0x10, 0x26, 0x44, 0x50, 0x4e, 0x62, 0x68, 0x6a, 0x6d, 0x6d, 0x6d, 0x6d, 0x70, 0x6d, 0x6b, 0x70, 0x70, 0x6f, 0x70, 0x6f, 0x6a, 0x6a, 0x6a, 0x6a, 0x6a, 0x6a, 0x6f, 0x7b, 0x81, 0x81, 0x84, 0x8d, 0x90, 0xa5, 0xad, 0xaf, 0xb0, 0xc2, 0xb0, 0xad, 0xa5, 0xa2, 0x8a, 0x83, 0x83, 0x8a, 0xa2, 0xa4, 0xa5, 0x90, 0x82, 0x40, 0x14, 0x14, 0x24, 0x39, 0x54, 0x4f, 0x4f, 0x51, 0x4a, 0x4a, 0x4b, 0x4f, 0x4f, 0x58, 0x4f, 0x4f, 0x58, 0x48, 0x42, 0x41, 0x42, 0x30, 0x2e, 0x2c, 0x2a, 0x24, 0x28, 0x21, 0x1d, 0x1b, 0x16, 0x16, 0x16, 0x16, 0x16, 0x16, 0x16, 0x16, 0x13, 0x13, 0x13, 0x13, 0x13, 0x13, 0x0f, 0x0f, 0x16, 0x16, 0x13, 0x12, 0x0b, 0x0b, 0x0b, 0x0b, 0x12, 0x12, 0x17, 0x22, 0x29, 0x2d, 0x40, 0x49, 0x4c, 0x4c, 0x63, 0x65, 0x63, 0x65, 0x6d, 0x79, 0x6a, 0x62, 0x65, 0x6f, 0x84, 0xa5, 0xad, 0xb0, 0xc2, 0xb0, 0xb0, 0xae, 0xae, 0xae, 0xae, 0xc1, 0xc1, 0xae, 0xae, 0xae, 0xc2, 0xc5, 0xc7, 0xc7, 0xc7, 0xd1, 0xd7, 0xd3, 0xd3, 0xd3, 0xd3, 0xd5, 0xd5, 0xd2, 0xd1, 0xd0, 0xc7, 0xc5, 0xc1, 0xac, 0xaa, 0xaa, 0xa9, 0xab, 0xc1, 0xc7, 0xc7, 0xd0, 0xd1, 0xd3, 0xd6, 0xd6, 0xde, 0xde, 0xde, 0xde, 0xd7, 0xd3, 0xd2, 0xd1, 0xc9, 0xa5, 0x86, 0x50, 0x20, 0x09, 0x06, 0x18, 0x31, 0x28, 0x2c, 0x3b, 0x3b, 0x39, 0x39, 0x39, 0x39, 0x30, 0x30, 0x39, 0x39, 0x2a, 0x2a, 0x2c, 0x2c, 0x2a, 0x2a, 0x30, 0x30, 0x2e, 0x2e, 0x39, 0x39, 0x2c, 0x30, 0x30, 0x2c, 0x2c, 0x2c, 0x2a, 0x2c, 0x2c, 0x30, 0x30, 0x39, 0x46, 0x48, 0x46, 0x42, 0x42, 0x30, 0x42, 0x46, 0x48, 0x46, 0x48, 0x4b, 0x4b, 0x4b, 0x4a, 0x58, 0x4d, 0x51,
  0x64, 0x49, 0x2f, 0x29, 0x29, 0x2f, 0x46, 0x4b, 0x4e, 0x32, 0x10, 0x04, 0x09, 0x19, 0x26, 0x39, 0x54, 0x4f, 0x48, 0x48, 0x45, 0x39, 0x2b, 0x1c, 0x10, 0x09, 0x09, 0x08, 0x10, 0x19, 0x25, 0x32, 0x32, 0x32, 0x1f, 0x25, 0x25, 0x1d, 0x17, 0x17, 0x12, 0x12, 0x12, 0x12, 0x12, 0x12, 0x12, 0x12, 0x12, 0x12, 0x12, 0x13, 0x16, 0x16, 0x13, 0x16, 0x19, 0x15, 0x11, 0x11, 0x11, 0x11, 0x11, 0x05, 0x01, 0x01, 0x05, 0x0c, 0x0c, 0x08, 0x02, 0x02, 0x05, 0x04, 0x10, 0x1c, 0x2b, 0x45, 0x50, 0x63, 0x65, 0x68, 0x6b, 0x6b, 0x63, 0x4c, 0x4c, 0x66, 0x65, 0x63, 0x63, 0x65, 0x6b, 0x79, 0x6d, 0x6a, 0x62, 0x6a, 0x6b, 0x6b, 0x65, 0x63, 0x68, 0x6b, 0x6b, 0x70, 0x87, 0x8d, 0x90, 0xa5, 0xa5, 0xad, 0xb0, 0xb0, 0xad, 0xa6, 0xa2, 0x8b, 0x8a, 0x8a, 0x89, 0x8c, 0xa2, 0xa5, 0xa5, 0x8e, 0x65, 0x22, 0x20, 0x24, 0x2f, 0x54, 0x4e, 0x4b, 0x51, 0x4a, 0x4a, 0x4d, 0x4f, 0x4f, 0x4f, 0x4f, 0x4f, 0x4f, 0x48, 0x42, 0x2e, 0x2e, 0x2e, 0x30, 0x2e, 0x2a, 0x24, 0x2c, 0x24, 0x17, 0x1a, 0x16, 0x13, 0x12, 0x12, 0x13, 0x12, 0x12, 0x12, 0x12, 0x0f, 0x0f, 0x13, 0x18, 0x0e, 0x0d, 0x0d, 0x0f, 0x0b, 0x0a, 0x06, 0x06, 0x10, 0x10, 0x14, 0x20, 0x20, 0x29, 0x40, 0x4c, 0x63, 0x70, 0x82, 0x82, 0x82, 0x87, 0x88, 0x87, 0x87, 0x8e, 0x8d, 0x87, 0x8e, 0x8d, 0x8f, 0xa5, 0xad, 0xb0, 0xc2, 0xb0, 0xc3, 0xca, 0xc3, 0xc6, 0xc3, 0xc6, 0xc7, 0xc5, 0xc5, 0xc7, 0xc4, 0xc2, 0xc4, 0xc7, 0xc7, 0xc7, 0xd0, 0xd1, 0xd1, 0xd1, 0xd3, 0xd3, 0xd7, 0xd7, 0xd6, 0xd6, 0xd3, 0xd1, 0xd0, 0xc5, 0xc1, 0xac, 0xaa, 0xa9, 0xaa, 0xc0, 0xc5, 0xc7, 0xc7, 0xd1, 0xd2, 0xd6, 0xdc, 0xde, 0xde, 0xde, 0xdc, 0xd7, 0xd3, 0xd7, 0xd2, 0xc9, 0xa8, 0x8e, 0x6c, 0x2d, 0x10, 0x09, 0x12, 0x27, 0x28, 0x2c, 0x39, 0x3b, 0x46, 0x46, 0x46, 0x3b, 0x39, 0x30, 0x39, 0x3a, 0x3a, 0x3a, 0x39, 0x30, 0x2c, 0x30, 0x30, 0x30, 0x39, 0x3b, 0x30, 0x2a, 0x2a, 0x2c, 0x2a, 0x29, 0x2a, 0x2c, 0x2a, 0x2a, 0x2a, 0x39, 0x39, 0x30, 0x47, 0x46, 0x46, 0x46, 0x48, 0x46, 0x46, 0x48, 0x4f, 0x48, 0x4b, 0x4f, 0x4f, 0x4b, 0x4a, 0x58, 0x4d, 0x4a,
  0x50, 0x4e, 0x2d, 0x22, 0x20, 0x2a, 0x4f, 0x4f, 0x4e, 0x32, 0x10, 0x08, 0x08, 0x19, 0x31, 0x3a, 0x48, 0x4b, 0x4a, 0x4a, 0x48, 0x42, 0x2b, 0x1c, 0x14, 0x15, 0x0c, 0x0c, 0x0c, 0x10, 0x1c, 0x25, 0x16, 0x1b, 0x12, 0x0d, 0x12, 0x0b, 0x0b, 0x0b, 0x06, 0x0a, 0x0a, 0x0b, 0x0b, 0x0b, 0x0b, 0x0b, 0x0b, 0x0a, 0x0a, 0x0a, 0x0a, 0x0b, 0x0b, 0x06, 0x08, 0x08, 0x04, 0x01, 0x01, 0x04, 0x01, 0x01, 0x00, 0x00, 0x04, 0x09, 0x10, 0x08, 0x04, 0x04, 0x04, 0x0c, 0x1e, 0x24, 0x39, 0x4f, 0x66, 0x6c, 0x6d, 0x6c, 0x6a, 0x65, 0x4c, 0x2d, 0x2d, 0x40, 0x41, 0x40, 0x41, 0x49, 0x66, 0x73, 0x73, 0x6d, 0x6d, 0x6d, 0x6d, 0x69, 0x50, 0x44, 0x44, 0x44, 0x4c, 0x6b, 0x7b, 0x84, 0x8d, 0x90, 0xa5, 0xaa, 0xad, 0xaf, 0xaf, 0xa6, 0xa5, 0xa1, 0xa2, 0x90, 0x8a, 0x8b, 0xa2, 0xa5, 0xa6, 0xa7, 0x86, 0x40, 0x20, 0x14, 0x24, 0x45, 0x4e, 0x4b, 0x4d, 0x4a, 0x4a, 0x4a, 0x4a, 0x48, 0x4b, 0x4b, 0x48, 0x4b, 0x43, 0x41, 0x2d, 0x29, 0x2d, 0x2a, 0x2a, 0x28, 0x24, 0x28, 0x28, 0x27, 0x1b, 0x16, 0x13, 0x13, 0x12, 0x12, 0x12, 0x0b, 0x0b, 0x0b, 0x0a, 0x0a, 0x0d, 0x0d, 0x07, 0x06, 0x06, 0x06, 0x06, 0x06, 0x0b, 0x14, 0x22, 0x2b, 0x38, 0x4e, 0x62, 0x68, 0x7b, 0x82, 0x87, 0x8f, 0xa5, 0xa6, 0xa7, 0xa8, 0xa8, 0xa8, 0xa8, 0xa8, 0xa8, 0xa7, 0xa8, 0xa8, 0xaf, 0xaf, 0xc1, 0xc4, 0xc2, 0xc3, 0xc9, 0xc9, 0xca, 0xca, 0xca, 0xd0, 0xca, 0xc6, 0xca, 0xd0, 0xd0, 0xc5, 0xc5, 0xc7, 0xc7, 0xc6, 0xc6, 0xc7, 0xc6, 0xc6, 0xd1, 0xd1, 0xd2, 0xd5, 0xd6, 0xd3, 0xd3, 0xd3, 0xd1, 0xc7, 0xc2, 0xae, 0xac, 0xaa, 0xa9, 0xac, 0xc4, 0xc5, 0xc7, 0xd1, 0xd2, 0xd6, 0xdc, 0xdc, 0xdd, 0xdc, 0xd6, 0xd3, 0xd3, 0xd2, 0xca, 0xc3, 0xaf, 0x9b, 0x79, 0x40, 0x14, 0x09, 0x0b, 0x1d, 0x28, 0x2c, 0x30, 0x30, 0x3b, 0x46, 0x48, 0x47, 0x3b, 0x2e, 0x2c, 0x39, 0x3b, 0x3b, 0x3b, 0x30, 0x2e, 0x30, 0x2e, 0x2c, 0x39, 0x3a, 0x2c, 0x28, 0x2a, 0x2a, 0x28, 0x24, 0x2a, 0x28, 0x2a, 0x2a, 0x2a, 0x2e, 0x2c, 0x30, 0x47, 0x48, 0x43, 0x42, 0x41, 0x42, 0x46, 0x4b, 0x48, 0x4b, 0x4f, 0x4f, 0x4f, 0x4e, 0x4a, 0x64, 0x51, 0x4d,
  0x64, 0x50, 0x43, 0x29, 0x21, 0x42, 0x57, 0x4f, 0x45, 0x32, 0x14, 0x08, 0x08, 0x19, 0x32, 0x34, 0x47, 0x48, 0x4a, 0x48, 0x4f, 0x45, 0x2b, 0x25, 0x1e, 0x19, 0x0c, 0x0c, 0x08, 0x0b, 0x1e, 0x25, 0x12, 0x12, 0x12, 0x13, 0x16, 0x0b, 0x12, 0x12, 0x12, 0x12, 0x0d, 0x0f, 0x0f, 0x12, 0x12, 0x12, 0x12, 0x0b, 0x0a, 0x06, 0x0a, 0x06, 0x06, 0x04, 0x01, 0x01, 0x00, 0x00, 0x00, 0x00, 0x00, 0x00, 0x00, 0x00, 0x01, 0x05, 0x05, 0x08, 0x05, 0x02, 0x03, 0x18, 0x25, 0x33, 0x2f, 0x4e, 0x68, 0x6c, 0x6d, 0x70, 0x6b, 0x65, 0x49, 0x20, 0x20, 0x20, 0x22, 0x29, 0x2f, 0x41, 0x4e, 0x65, 0x69, 0x79, 0x7b, 0x7b, 0x79, 0x67, 0x43, 0x29, 0x24, 0x24, 0x44, 0x66, 0x6b, 0x81, 0x84, 0x8b, 0xa1, 0xa4, 0xad, 0xaf, 0xaf, 0xa6, 0xa6, 0xa2, 0xa2, 0xa5, 0x8b, 0x8b, 0xa2, 0xa6, 0xa6, 0xa8, 0x8e, 0x4c, 0x20, 0x10, 0x20, 0x44, 0x4e, 0x50, 0x4d, 0x4b, 0x4b, 0x49, 0x43, 0x4a, 0x4a, 0x4a, 0x4a, 0x48, 0x46, 0x41, 0x2e, 0x29, 0x29, 0x29, 0x29, 0x24, 0x21, 0x28, 0x28, 0x27, 0x1f, 0x1b, 0x1b, 0x16, 0x16, 0x13, 0x12, 0x0b, 0x0c, 0x0c, 0x06, 0x03, 0x03, 0x06, 0x06, 0x06, 0x0a, 0x06, 0x0b, 0x17, 0x24, 0x2f, 0x4e, 0x6c, 0x7a, 0x85, 0x87, 0x8d, 0x8f, 0xa5, 0xa5, 0xad, 0xb0, 0xb0, 0xae, 0xb0, 0xb0, 0xaf, 0xc3, 0xc6, 0xc6, 0xb0, 0xb0, 0xc3, 0xc3, 0xc2, 0xc4, 0xc5, 0xc6, 0xca, 0xca, 0xc6, 0xca, 0xca, 0xc6, 0xca, 0xc6, 0xc6, 0xd0, 0xd0, 0xd0, 0xc7, 0xd0, 0xd0, 0xc7, 0xc7, 0xc6, 0xc6, 0xc3, 0xc5, 0xc7, 0xc6, 0xc6, 0xd2, 0xd2, 0xd2, 0xd1, 0xd1, 0xd1, 0xd0, 0xc3, 0xc1, 0xc1, 0xac, 0xae, 0xc0, 0xc4, 0xc5, 0xd0, 0xd1, 0xd3, 0xd5, 0xda, 0xda, 0xdd, 0xde, 0xdc, 0xd6, 0xd3, 0xd7, 0xd6, 0xc9, 0xaf, 0x9b, 0x7c, 0x40, 0x14, 0x08, 0x06, 0x16, 0x2c, 0x34, 0x30, 0x30, 0x30, 0x3b, 0x47, 0x3b, 0x3b, 0x3b, 0x3b, 0x39, 0x30, 0x30, 0x3b, 0x3b, 0x39, 0x2c, 0x2c, 0x2c, 0x2a, 0x28, 0x28, 0x28, 0x2c, 0x2c, 0x28, 0x28, 0x28, 0x24, 0x28, 0x28, 0x24, 0x24, 0x2a, 0x2c, 0x30, 0x30, 0x3b, 0x30, 0x2e, 0x2e, 0x42, 0x46, 0x47, 0x48, 0x4f, 0x4f, 0x4b, 0x4a, 0x4a, 0x64, 0x64, 0x4d,
  0x69, 0x67, 0x50, 0x40, 0x2d, 0x43, 0x4f, 0x4f, 0x54, 0x32, 0x19, 0x09, 0x09, 0x15, 0x22, 0x2b, 0x30, 0x46, 0x46, 0x4f, 0x48, 0x30, 0x24, 0x23, 0x19, 0x0c, 0x0c, 0x03, 0x03, 0x18, 0x1e, 0x16, 0x12, 0x16, 0x1d, 0x1d, 0x21, 0x17, 0x17, 0x24, 0x1b, 0x1e, 0x1e, 0x1b, 0x1b, 0x1b, 0x1a, 0x1a, 0x1a, 0x1a, 0x13, 0x12, 0x0e, 0x06, 0x08, 0x05, 0x00, 0x00, 0x00, 0x00, 0x00, 0x00, 0x00, 0x00, 0x00, 0x00, 0x00, 0x00, 0x00, 0x05, 0x05, 0x02, 0x03, 0x18, 0x31, 0x3d, 0x4e, 0x57, 0x6c, 0x6c, 0x6b, 0x6d, 0x6d, 0x68, 0x49, 0x29, 0x10, 0x10, 0x14, 0x20, 0x2b, 0x44, 0x4e, 0x64, 0x69, 0x6c, 0x6d, 0x79, 0x69, 0x50, 0x2e, 0x21, 0x17, 0x21, 0x2b, 0x56, 0x6b, 0x7b, 0x84, 0x8a, 0x8a, 0xa2, 0xa6, 0xaf, 0xb0, 0xad, 0xaa, 0xa4, 0x8c, 0x8b, 0x8a, 0x8b, 0xa1, 0xa1, 0xa4, 0xaf, 0x9b, 0x6d, 0x20, 0x14, 0x14, 0x2f, 0x4f, 0x51, 0x58, 0x50, 0x4e, 0x4e, 0x4e, 0x4d, 0x4d, 0x4b, 0x4a, 0x4b, 0x48, 0x43, 0x30, 0x2b, 0x29, 0x2a, 0x2a, 0x21, 0x24, 0x28, 0x21, 0x21, 0x17, 0x17, 0x1d, 0x16, 0x12, 0x0b, 0x09, 0x04, 0x04, 0x02, 0x02, 0x02, 0x03, 0x03, 0x03, 0x06, 0x12, 0x17, 0x2a, 0x4f, 0x69, 0x6d, 0x7b, 0x87, 0x8e, 0x9b, 0x90, 0x90, 0xa5, 0xa6, 0xad, 0xc2, 0xc4, 0xc1, 0xc0, 0xc1, 0xc1, 0xc1, 0xc4, 0xc4, 0xc4, 0xc2, 0xc1, 0xc3, 0xc2, 0xad, 0xae, 0xc5, 0xd0, 0xd1, 0xca, 0xc6, 0xca, 0xc6, 0xc3, 0xc6, 0xd0, 0xc7, 0xd0, 0xd0, 0xc6, 0xc3, 0xd0, 0xd0, 0xc5, 0xc5, 0xc7, 0xc6, 0xc6, 0xd0, 0xd0, 0xc7, 0xd0, 0xd0, 0xca, 0xd0, 0xd1, 0xca, 0xd1, 0xd2, 0xd1, 0xc7, 0xc4, 0xc2, 0xc4, 0xc1, 0xc5, 0xc7, 0xc7, 0xd0, 0xd2, 0xd5, 0xda, 0xdc, 0xdd, 0xde, 0xde, 0xdc, 0xd3, 0xd3, 0xd3, 0xc9, 0xaf, 0x9b, 0x86, 0x49, 0x14, 0x08, 0x06, 0x12, 0x28, 0x2c, 0x2c, 0x3a, 0x3b, 0x3a, 0x3a, 0x39, 0x39, 0x39, 0x39, 0x3b, 0x3b, 0x2e, 0x2c, 0x34, 0x2c, 0x2a, 0x28, 0x28, 0x28, 0x28, 0x27, 0x1d, 0x1f, 0x1f, 0x25, 0x25, 0x1d, 0x1d, 0x1d, 0x24, 0x21, 0x21, 0x24, 0x28, 0x2a, 0x34, 0x3b, 0x39, 0x2f, 0x42, 0x46, 0x47, 0x47, 0x48, 0x4f, 0x4f, 0x48, 0x4a, 0x4a, 0x4a, 0x51, 0x4d,
  0x67, 0x69, 0x50, 0x49, 0x4b, 0x4b, 0x48, 0x4b, 0x46, 0x32, 0x19, 0x09, 0x09, 0x10, 0x1c, 0x2f, 0x42, 0x3b, 0x42, 0x46, 0x39, 0x22, 0x14, 0x10, 0x08, 0x05, 0x05, 0x02, 0x02, 0x0c, 0x19, 0x16, 0x17, 0x24, 0x27, 0x2c, 0x34, 0x28, 0x28, 0x34, 0x31, 0x31, 0x1e, 0x1f, 0x1f, 0x1f, 0x1f, 0x1b, 0x1f, 0x1f, 0x1f, 0x1f, 0x1a, 0x0a, 0x0c, 0x05, 0x00, 0x00, 0x00, 0x00, 0x00, 0x00, 0x00, 0x00, 0x00, 0x00, 0x00, 0x00, 0x00, 0x01, 0x05, 0x05, 0x0c, 0x25, 0x36, 0x44, 0x56, 0x66, 0x73, 0x79, 0x6d, 0x6d, 0x6d, 0x68, 0x44, 0x22, 0x10, 0x09, 0x10, 0x10, 0x15, 0x26, 0x44, 0x56, 0x56, 0x66, 0x63, 0x64, 0x50, 0x4e, 0x2f, 0x20, 0x14, 0x14, 0x22, 0x41, 0x65, 0x70, 0x84, 0x83, 0x89, 0x8c, 0xa5, 0xaf, 0xb0, 0xae, 0xad, 0xa6, 0x8b, 0x83, 0x8b, 0x8c, 0xa1, 0xa2, 0xaa, 0xaf, 0xa7, 0x88, 0x49, 0x20, 0x14, 0x24, 0x46, 0x4f, 0x67, 0x58, 0x4f, 0x51, 0x50, 0x51, 0x58, 0x4f, 0x4a, 0x4b, 0x48, 0x42, 0x30, 0x2b, 0x29, 0x29, 0x24, 0x24, 0x28, 0x24, 0x21, 0x1d, 0x1b, 0x1a, 0x1b, 0x1a, 0x13, 0x0b, 0x08, 0x04, 0x04, 0x02, 0x02, 0x04, 0x08, 0x0c, 0x10, 0x1c, 0x32, 0x54, 0x67, 0x79, 0x86, 0x87, 0x8d, 0x8f, 0x9b, 0xa8, 0xad, 0xa6, 0xaf, 0xc2, 0xc2, 0xc2, 0xc1, 0xc0, 0xc4, 0xc5, 0xc4, 0xc4, 0xc7, 0xd0, 0xc7, 0xc4, 0xc2, 0xc2, 0xc3, 0xc2, 0xb0, 0xc2, 0xc6, 0xd1, 0xd2, 0xd2, 0xd2, 0xc9, 0xca, 0xd0, 0xd1, 0xd0, 0xd0, 0xc7, 0xc3, 0xc3, 0xc7, 0xd0, 0xd0, 0xd0, 0xc7, 0xc7, 0xca, 0xca, 0xc7, 0xc7, 0xca, 0xc7, 0xca, 0xd3, 0xd3, 0xd2, 0xd6, 0xd3, 0xd1, 0xc7, 0xc6, 0xc5, 0xc5, 0xc1, 0xc4, 0xc7, 0xc7, 0xd0, 0xd2, 0xd6, 0xdc, 0xdc, 0xda, 0xdc, 0xdc, 0xdc, 0xd7, 0xd1, 0xc6, 0xc3, 0xaf, 0x8d, 0x7b, 0x49, 0x14, 0x06, 0x06, 0x12, 0x24, 0x28, 0x2c, 0x39, 0x39, 0x39, 0x39, 0x34, 0x34, 0x34, 0x34, 0x3b, 0x3b, 0x30, 0x2c, 0x2c, 0x2c, 0x28, 0x24, 0x21, 0x21, 0x27, 0x1f, 0x1d, 0x1d, 0x16, 0x17, 0x12, 0x12, 0x16, 0x27, 0x28, 0x28, 0x28, 0x28, 0x24, 0x24, 0x2c, 0x30, 0x2e, 0x2f, 0x42, 0x46, 0x42, 0x42, 0x46, 0x46, 0x4f, 0x58, 0x58, 0x4d, 0x4d, 0x58, 0x64,
  0x64, 0x64, 0x50, 0x50, 0x50, 0x58, 0x58, 0x48, 0x42, 0x36, 0x19, 0x09, 0x09, 0x10, 0x23, 0x2f, 0x39, 0x39, 0x39, 0x2b, 0x20, 0x10, 0x04, 0x04, 0x04, 0x05, 0x04, 0x04, 0x05, 0x09, 0x19, 0x25, 0x24, 0x28, 0x28, 0x34, 0x34, 0x2c, 0x28, 0x28, 0x31, 0x1f, 0x18, 0x18, 0x13, 0x13, 0x13, 0x16, 0x1a, 0x1b, 0x1b, 0x1b, 0x1a, 0x0b, 0x0c, 0x05, 0x00, 0x00, 0x00, 0x00, 0x00, 0x00, 0x00, 0x00, 0x00, 0x00, 0x00, 0x00, 0x00, 0x01, 0x05, 0x0c, 0x18, 0x25, 0x32, 0x44, 0x45, 0x50, 0x6b, 0x6d, 0x6d, 0x6b, 0x68, 0x66, 0x44, 0x20, 0x09, 0x04, 0x04, 0x04, 0x04, 0x11, 0x1c, 0x33, 0x38, 0x53, 0x49, 0x44, 0x43, 0x43, 0x2e, 0x21, 0x21, 0x20, 0x29, 0x40, 0x63, 0x6f, 0x81, 0x84, 0x8a, 0x8f, 0x90, 0xa5, 0xad, 0xad, 0xae, 0xad, 0x8c, 0x83, 0x89, 0x89, 0x8c, 0xa4, 0xa6, 0xad, 0xa7, 0x99, 0x66, 0x22, 0x16, 0x17, 0x2c, 0x46, 0x67, 0x58, 0x51, 0x51, 0x51, 0x4d, 0x51, 0x51, 0x4a, 0x4b, 0x46, 0x30, 0x29, 0x29, 0x24, 0x22, 0x21, 0x24, 0x28, 0x21, 0x17, 0x1d, 0x1a, 0x1a, 0x1a, 0x18, 0x18, 0x0b, 0x03, 0x04, 0x04, 0x01, 0x04, 0x04, 0x15, 0x23, 0x26, 0x52, 0x56, 0x6c, 0x7b, 0x86, 0x8d, 0x8d, 0x90, 0xa5, 0xa5, 0xaf, 0xc3, 0xc2, 0xc2, 0xc4, 0xc4, 0xc4, 0xc4, 0xc1, 0xc5, 0xc5, 0xc5, 0xc5, 0xc7, 0xc7, 0xc7, 0xc7, 0xc5, 0xc1, 0xc2, 0xc2, 0xb0, 0xb0, 0xc3, 0xcb, 0xd6, 0xd6, 0xd2, 0xcb, 0xcb, 0xd2, 0xd2, 0xd1, 0xd0, 0xc6, 0xc6, 0xc7, 0xc7, 0xd0, 0xc7, 0xc7, 0xc7, 0xd0, 0xd0, 0xc7, 0xc7, 0xd0, 0xc7, 0xc6, 0xca, 0xd1, 0xd2, 0xd1, 0xd3, 0xd3, 0xd3, 0xd0, 0xd1, 0xd0, 0xd0, 0xc4, 0xae, 0xc1, 0xc4, 0xd0, 0xd3, 0xd6, 0xdc, 0xdc, 0xda, 0xda, 0xda, 0xd6, 0xd7, 0xd3, 0xca, 0xc3, 0xad, 0x8f, 0x7b, 0x49, 0x20, 0x08, 0x06, 0x12, 0x31, 0x2c, 0x34, 0x34, 0x34, 0x3a, 0x3a, 0x39, 0x34, 0x34, 0x30, 0x30, 0x30, 0x2c, 0x2c, 0x2c, 0x2c, 0x2a, 0x24, 0x24, 0x21, 0x17, 0x17, 0x17, 0x16, 0x1b, 0x1d, 0x17, 0x12, 0x12, 0x27, 0x2c, 0x28, 0x28, 0x2c, 0x2c, 0x2c, 0x30, 0x30, 0x30, 0x30, 0x41, 0x41, 0x30, 0x30, 0x48, 0x4f, 0x4f, 0x4f, 0x58, 0x4f, 0x4f, 0x64, 0x67,
  0x68, 0x63, 0x67, 0x67, 0x67, 0x58, 0x51, 0x4b, 0x39, 0x32, 0x1c, 0x09, 0x08, 0x10, 0x25, 0x32, 0x34, 0x2f, 0x32, 0x1c, 0x09, 0x08, 0x04, 0x04, 0x04, 0x04, 0x01, 0x04, 0x04, 0x09, 0x19, 0x36, 0x32, 0x24, 0x24, 0x1f, 0x1d, 0x1d, 0x1d, 0x1d, 0x13, 0x12, 0x0b, 0x0a, 0x0a, 0x0b, 0x0b, 0x12, 0x12, 0x13, 0x13, 0x13, 0x13, 0x0d, 0x08, 0x01, 0x00, 0x00, 0x00, 0x00, 0x00, 0x00, 0x00, 0x00, 0x00, 0x00, 0x00, 0x00, 0x01, 0x04, 0x04, 0x08, 0x0c, 0x19, 0x31, 0x44, 0x45, 0x4e, 0x63, 0x6b, 0x6b, 0x6b, 0x65, 0x56, 0x38, 0x20, 0x09, 0x01, 0x01, 0x01, 0x01, 0x04, 0x11, 0x15, 0x1c, 0x26, 0x38, 0x44, 0x2f, 0x41, 0x41, 0x41, 0x42, 0x2f, 0x40, 0x49, 0x63, 0x6a, 0x6e, 0x84, 0x8d, 0x8d, 0x8f, 0x90, 0xa5, 0xa6, 0xad, 0xad, 0xa2, 0x89, 0x83, 0x83, 0x8a, 0xa2, 0xa6, 0xa6, 0x90, 0x9b, 0x79, 0x2d, 0x17, 0x17, 0x21, 0x42, 0x58, 0x58, 0x51, 0x51, 0x51, 0x4a, 0x4a, 0x4d, 0x4f, 0x43, 0x43, 0x30, 0x2d, 0x2a, 0x24, 0x21, 0x21, 0x21, 0x24, 0x17, 0x16, 0x1b, 0x1a, 0x18, 0x18, 0x0d, 0x0c, 0x0c, 0x08, 0x04, 0x04, 0x01, 0x04, 0x10, 0x26, 0x38, 0x53, 0x56, 0x73, 0x70, 0x82, 0x8d, 0x8d, 0x8f, 0xa5, 0xa6, 0xa6, 0xae, 0xc4, 0xc4, 0xc5, 0xc4, 0xc1, 0xc5, 0xc5, 0xc5, 0xc5, 0xc5, 0xc4, 0xc5, 0xc7, 0xc7, 0xc7, 0xc7, 0xc6, 0xc4, 0xc3, 0xb0, 0xa5, 0x90, 0xa8, 0xcb, 0xda, 0xd9, 0xd4, 0xc9, 0xd4, 0xd4, 0xcb, 0xcb, 0xd1, 0xca, 0xca, 0xca, 0xc5, 0xc4, 0xc4, 0xc7, 0xd0, 0xc7, 0xc7, 0xc6, 0xd0, 0xd0, 0xc6, 0xc6, 0xc6, 0xca, 0xca, 0xca, 0xd2, 0xd7, 0xd7, 0xd3, 0xd3, 0xd1, 0xd0, 0xc4, 0xae, 0xc1, 0xc4, 0xd0, 0xd6, 0xd7, 0xd6, 0xdc, 0xde, 0xde, 0xdc, 0xd6, 0xd7, 0xd7, 0xd2, 0xc3, 0xad, 0x8f, 0x70, 0x40, 0x20, 0x09, 0x06, 0x18, 0x24, 0x28, 0x2c, 0x34, 0x34, 0x34, 0x39, 0x34, 0x2f, 0x2f, 0x30, 0x30, 0x2c, 0x29, 0x29, 0x2a, 0x2c, 0x28, 0x24, 0x21, 0x1d, 0x1d, 0x16, 0x16, 0x1b, 0x1d, 0x1b, 0x1d, 0x1d, 0x16, 0x27, 0x27, 0x28, 0x28, 0x28, 0x34, 0x3a, 0x30, 0x39, 0x30, 0x30, 0x41, 0x43, 0x42, 0x46, 0x58, 0x58, 0x4f, 0x4f, 0x51, 0x4f, 0x58, 0x67, 0x67,
  0x69, 0x68, 0x65, 0x69, 0x69, 0x67, 0x50, 0x4a, 0x42, 0x32, 0x1c, 0x08, 0x04, 0x0c, 0x1e, 0x32, 0x34, 0x25, 0x1c, 0x14, 0x08, 0x04, 0x04, 0x04, 0x04, 0x01, 0x04, 0x01, 0x01, 0x08, 0x1e, 0x36, 0x32, 0x25, 0x25, 0x13, 0x16, 0x16, 0x12, 0x0b, 0x06, 0x06, 0x06, 0x06, 0x0a, 0x0b, 0x0a, 0x0b, 0x12, 0x13, 0x16, 0x16, 0x16, 0x12, 0x09, 0x04, 0x01, 0x00, 0x00, 0x00, 0x00, 0x00, 0x00, 0x00, 0x00, 0x00, 0x01, 0x05, 0x05, 0x05, 0x05, 0x05, 0x09, 0x19, 0x32, 0x44, 0x45, 0x56, 0x65, 0x6d, 0x7b, 0x70, 0x6b, 0x56, 0x38, 0x1c, 0x09, 0x01, 0x01, 0x01, 0x01, 0x01, 0x04, 0x01, 0x09, 0x15, 0x26, 0x33, 0x44, 0x46, 0x4f, 0x57, 0x57, 0x57, 0x50, 0x4e, 0x50, 0x65, 0x6a, 0x6e, 0x84, 0x84, 0x8d, 0x90, 0x90, 0xa6, 0xa6, 0xad, 0xad, 0x8b, 0x81, 0x81, 0x84, 0x8f, 0xad, 0xa6, 0xa6, 0x9b, 0x8e, 0x66, 0x24, 0x14, 0x21, 0x42, 0x4f, 0x58, 0x4f, 0x51, 0x58, 0x4a, 0x43, 0x4b, 0x4f, 0x4b, 0x43, 0x42, 0x2e, 0x2a, 0x21, 0x17, 0x17, 0x21, 0x1d, 0x16, 0x12, 0x13, 0x18, 0x0d, 0x0c, 0x0c, 0x08, 0x08, 0x10, 0x09, 0x08, 0x04, 0x09, 0x20, 0x38, 0x53, 0x66, 0x6d, 0x7b, 0x82, 0x8d, 0x8f, 0x8c, 0xa1, 0xaa, 0xad, 0xaa, 0xac, 0xc1, 0xc5, 0xc4, 0xc5, 0xc4, 0xc4, 0xc5, 0xc5, 0xc5, 0xc4, 0xc1, 0xc4, 0xc7, 0xd0, 0xca, 0xc3, 0xc7, 0xc7, 0xca, 0xaf, 0x8d, 0x87, 0xa8, 0xc8, 0xce, 0xd8, 0xcf, 0xcf, 0xd8, 0xd8, 0xcb, 0xcb, 0xd4, 0xd4, 0xc9, 0xca, 0xc6, 0xc4, 0xc5, 0xd0, 0xd0, 0xc7, 0xc6, 0xc5, 0xc7, 0xd0, 0xc4, 0xc6, 0xca, 0xc6, 0xc6, 0xd1, 0xd3, 0xd3, 0xd7, 0xd3, 0xd3, 0xd0, 0xc7, 0xc6, 0xc6, 0xc6, 0xc7, 0xd1, 0xd6, 0xd6, 0xd5, 0xd5, 0xdc, 0xde, 0xde, 0xdc, 0xd7, 0xd3, 0xd1, 0xb0, 0xa8, 0x8f, 0x6f, 0x40, 0x20, 0x10, 0x0a, 0x12, 0x23, 0x25, 0x28, 0x2c, 0x28, 0x2c, 0x39, 0x39, 0x30, 0x2a, 0x2e, 0x3a, 0x2c, 0x2a, 0x21, 0x24, 0x28, 0x28, 0x21, 0x17, 0x17, 0x1d, 0x1d, 0x1d, 0x1d, 0x1d, 0x1d, 0x16, 0x16, 0x1d, 0x1d, 0x1d, 0x27, 0x34, 0x34, 0x34, 0x2c, 0x2c, 0x30, 0x42, 0x42, 0x43, 0x4b, 0x46, 0x47, 0x58, 0x51, 0x51, 0x51, 0x58, 0x4b, 0x58, 0x67, 0x66,
  0x68, 0x65, 0x69, 0x69, 0x64, 0x64, 0x67, 0x50, 0x45, 0x26, 0x14, 0x09, 0x04, 0x08, 0x1c, 0x32, 0x2b, 0x1c, 0x10, 0x08, 0x02, 0x02, 0x02, 0x02, 0x04, 0x04, 0x01, 0x01, 0x04, 0x09, 0x1e, 0x31, 0x1e, 0x19, 0x18, 0x12, 0x0b, 0x0b, 0x0a, 0x06, 0x06, 0x06, 0x0a, 0x0d, 0x13, 0x13, 0x13, 0x16, 0x16, 0x16, 0x1f, 0x1d, 0x1d, 0x16, 0x0b, 0x08, 0x05, 0x04, 0x01, 0x00, 0x00, 0x00, 0x00, 0x00, 0x00, 0x01, 0x05, 0x0c, 0x05, 0x05, 0x02, 0x04, 0x04, 0x09, 0x1e, 0x33, 0x33, 0x4e, 0x68, 0x79, 0x7b, 0x79, 0x6d, 0x56, 0x38, 0x1c, 0x11, 0x04, 0x04, 0x04, 0x05, 0x05, 0x01, 0x01, 0x01, 0x05, 0x15, 0x1c, 0x38, 0x59, 0x58, 0x4e, 0x66, 0x73, 0x69, 0x64, 0x50, 0x63, 0x63, 0x6a, 0x6f, 0x82, 0x84, 0x84, 0x8d, 0x90, 0xa5, 0xa8, 0xa8, 0x8d, 0x6e, 0x6e, 0x84, 0x8a, 0xa2, 0xa6, 0xaf, 0xa7, 0x9b, 0x7c, 0x2f, 0x20, 0x29, 0x2f, 0x42, 0x58, 0x58, 0x4a, 0x4d, 0x4a, 0x4a, 0x4f, 0x4f, 0x48, 0x42, 0x42, 0x30, 0x2a, 0x24, 0x21, 0x17, 0x12, 0x12, 0x12, 0x12, 0x12, 0x0d, 0x0b, 0x09, 0x08, 0x09, 0x10, 0x14, 0x20, 0x1c, 0x14, 0x20, 0x38, 0x44, 0x62, 0x6a, 0x70, 0x84, 0x8d, 0x8f, 0x8b, 0xa1, 0xa2, 0xaa, 0xaa, 0xa9, 0xab, 0xc1, 0xc5, 0xc1, 0xc1, 0xc5, 0xc1, 0xc4, 0xc4, 0xc4, 0xc5, 0xc1, 0xae, 0xc2, 0xc6, 0xc3, 0xc2, 0xc3, 0xd0, 0xc3, 0x8f, 0x8d, 0x99, 0xb5, 0xbd, 0xbd, 0xcc, 0xce, 0xce, 0xce, 0xce, 0xcf, 0xcf, 0xcf, 0xcf, 0xcb, 0xc9, 0xca, 0xca, 0xc7, 0xc6, 0xc6, 0xd0, 0xd0, 0xc6, 0xc6, 0xc6, 0xc6, 0xc6, 0xca, 0xca, 0xca, 0xd1, 0xd1, 0xd3, 0xd7, 0xd3, 0xd3, 0xd3, 0xd1, 0xd1, 0xd0, 0xca, 0xca, 0xd1, 0xd2, 0xd2, 0xd2, 0xd2, 0xd2, 0xdc, 0xde, 0xdc, 0xd3, 0xd3, 0xca, 0xb0, 0xa8, 0x90, 0x86, 0x4c, 0x20, 0x09, 0x10, 0x0b, 0x1c, 0x31, 0x28, 0x28, 0x28, 0x34, 0x3b, 0x47, 0x39, 0x2e, 0x2e, 0x2c, 0x2a, 0x2a, 0x28, 0x28, 0x24, 0x21, 0x24, 0x21, 0x17, 0x17, 0x1d, 0x1d, 0x1d, 0x27, 0x1f, 0x1d, 0x17, 0x16, 0x1d, 0x1f, 0x28, 0x28, 0x28, 0x2c, 0x2c, 0x34, 0x39, 0x3b, 0x3b, 0x46, 0x54, 0x47, 0x46, 0x48, 0x48, 0x4f, 0x58, 0x58, 0x4f, 0x4d, 0x64, 0x64,
  0x68, 0x68, 0x6d, 0x69, 0x65, 0x67, 0x67, 0x50, 0x45, 0x24, 0x14, 0x10, 0x04, 0x08, 0x1e, 0x36, 0x17, 0x06, 0x08, 0x02, 0x02, 0x02, 0x02, 0x02, 0x04, 0x04, 0x01, 0x04, 0x05, 0x0c, 0x19, 0x1e, 0x18, 0x18, 0x0b, 0x06, 0x06, 0x06, 0x0a, 0x0b, 0x12, 0x0b, 0x13, 0x1b, 0x1f, 0x1f, 0x1f, 0x27, 0x27, 0x27, 0x28, 0x27, 0x27, 0x31, 0x16, 0x0c, 0x0c, 0x08, 0x04, 0x01, 0x04, 0x04, 0x04, 0x01, 0x01, 0x05, 0x05, 0x05, 0x03, 0x05, 0x02, 0x02, 0x04, 0x04, 0x08, 0x10, 0x1c, 0x44, 0x56, 0x6c, 0x6d, 0x6d, 0x6c, 0x56, 0x38, 0x22, 0x10, 0x04, 0x04, 0x08, 0x11, 0x11, 0x05, 0x04, 0x01, 0x01, 0x09, 0x15, 0x32, 0x54, 0x58, 0x50, 0x63, 0x6c, 0x6c, 0x69, 0x67, 0x69, 0x68, 0x65, 0x6a, 0x6f, 0x81, 0x81, 0x8d, 0x90, 0xa7, 0xa8, 0xa5, 0x84, 0x6e, 0x6a, 0x6f, 0x83, 0x8b, 0xa5, 0xaf, 0xa8, 0xa7, 0x88, 0x66, 0x2d, 0x22, 0x29, 0x44, 0x57, 0x58, 0x58, 0x58, 0x50, 0x4d, 0x4b, 0x43, 0x42, 0x43, 0x42, 0x2e, 0x2a, 0x28, 0x21, 0x17, 0x16, 0x0b, 0x0b, 0x0b, 0x0a, 0x0b, 0x09, 0x09, 0x09, 0x14, 0x20, 0x2b, 0x2f, 0x44, 0x44, 0x49, 0x62, 0x65, 0x6f, 0x81, 0x84, 0x8f, 0x8f, 0x90, 0x90, 0x8b, 0xa1, 0xa4, 0xa6, 0xaa, 0xae, 0xc4, 0xc1, 0xac, 0xc1, 0xc1, 0xac, 0xae, 0xc0, 0xad, 0xc1, 0xae, 0xaa, 0xb0, 0xc2, 0xad, 0xb0, 0xc3, 0xc3, 0xa5, 0x84, 0x86, 0x9e, 0xbb, 0xbe, 0xbe, 0xbe, 0xbe, 0xcd, 0xcd, 0xcd, 0xe5, 0xe5, 0xe3, 0xd8, 0xd8, 0xd5, 0xd5, 0xd1, 0xca, 0xc6, 0xd0, 0xd3, 0xd1, 0xd0, 0xc6, 0xc7, 0xd0, 0xc7, 0xc6, 0xca, 0xca, 0xd0, 0xca, 0xd1, 0xd3, 0xd2, 0xd1, 0xd7, 0xd7, 0xd2, 0xd1, 0xd1, 0xd2, 0xd3, 0xd6, 0xd3, 0xd6, 0xd3, 0xd5, 0xdc, 0xdc, 0xd6, 0xd3, 0xd3, 0xca, 0xb0, 0xa8, 0x90, 0x8e, 0x6b, 0x20, 0x08, 0x10, 0x0b, 0x19, 0x23, 0x1d, 0x24, 0x2c, 0x34, 0x2c, 0x39, 0x30, 0x30, 0x2e, 0x2a, 0x28, 0x28, 0x2a, 0x28, 0x28, 0x21, 0x24, 0x21, 0x1d, 0x1d, 0x16, 0x1d, 0x1f, 0x27, 0x27, 0x1d, 0x1d, 0x16, 0x1d, 0x27, 0x27, 0x24, 0x24, 0x28, 0x2c, 0x34, 0x3a, 0x3b, 0x3b, 0x54, 0x47, 0x39, 0x3b, 0x3b, 0x42, 0x48, 0x58, 0x58, 0x4f, 0x4d, 0x51, 0x50,
  0x68, 0x6b, 0x68, 0x68, 0x69, 0x69, 0x69, 0x67, 0x57, 0x33, 0x1c, 0x10, 0x04, 0x03, 0x19, 0x31, 0x17, 0x0b, 0x06, 0x03, 0x02, 0x02, 0x02, 0x05, 0x04, 0x04, 0x04, 0x04, 0x08, 0x0c, 0x0c, 0x0c, 0x0a, 0x0d, 0x06, 0x03, 0x06, 0x0b, 0x16, 0x1b, 0x1b, 0x1b, 0x27, 0x27, 0x1f, 0x27, 0x27, 0x27, 0x27, 0x27, 0x27, 0x1d, 0x1d, 0x27, 0x1a, 0x18, 0x18, 0x0c, 0x03, 0x03, 0x03, 0x03, 0x05, 0x08, 0x05, 0x02, 0x05, 0x03, 0x03, 0x03, 0x02, 0x02, 0x04, 0x04, 0x04, 0x04, 0x10, 0x20, 0x44, 0x66, 0x66, 0x6b, 0x68, 0x63, 0x44, 0x20, 0x10, 0x08, 0x08, 0x0c, 0x0c, 0x11, 0x15, 0x09, 0x04, 0x01, 0x04, 0x09, 0x23, 0x30, 0x4f, 0x64, 0x62, 0x63, 0x65, 0x67, 0x67, 0x66, 0x50, 0x4c, 0x4c, 0x6a, 0x6f, 0x6e, 0x8d, 0x8f, 0x8f, 0xa7, 0xa7, 0x8e, 0x6a, 0x62, 0x6a, 0x83, 0x8b, 0xa2, 0xad, 0xa8, 0xa8, 0x99, 0x7c, 0x4c, 0x20, 0x20, 0x44, 0x4e, 0x4e, 0x4f, 0x64, 0x50, 0x4d, 0x4b, 0x4a, 0x43, 0x43, 0x42, 0x2a, 0x2c, 0x2a, 0x21, 0x17, 0x12, 0x0b, 0x06, 0x03, 0x06, 0x06, 0x10, 0x1c, 0x26, 0x38, 0x53, 0x57, 0x64, 0x65, 0x68, 0x6d, 0x6d, 0x6f, 0x82, 0x84, 0x8d, 0xa5, 0xa7, 0xa5, 0x90, 0xa2, 0xa2, 0xa2, 0xa6, 0xa6, 0xaa, 0xae, 0xae, 0xaa, 0xae, 0xad, 0xaa, 0xad, 0xad, 0xad, 0xaa, 0xa6, 0xa6, 0xad, 0xad, 0xad, 0xb0, 0xc2, 0xad, 0x89, 0x82, 0x94, 0xb6, 0xbc, 0xbf, 0xbc, 0xbc, 0xbc, 0xbf, 0xdf, 0xdf, 0xe3, 0xf2, 0xf2, 0xe6, 0xef, 0xdd, 0xde, 0xdc, 0xd3, 0xd3, 0xd3, 0xca, 0xca, 0xd0, 0xd0, 0xd0, 0xd1, 0xd0, 0xc6, 0xc3, 0xca, 0xca, 0xca, 0xd1, 0xd3, 0xd3, 0xd3, 0xd6, 0xd5, 0xd1, 0xd1, 0xd2, 0xd2, 0xd2, 0xd3, 0xd3, 0xd3, 0xd6, 0xdc, 0xdc, 0xdc, 0xd5, 0xd3, 0xd1, 0xd0, 0xc3, 0xa6, 0x8f, 0x8e, 0x68, 0x20, 0x09, 0x0c, 0x06, 0x08, 0x0b, 0x16, 0x1d, 0x24, 0x24, 0x2a, 0x2e, 0x30, 0x30, 0x42, 0x2c, 0x28, 0x28, 0x28, 0x28, 0x24, 0x21, 0x24, 0x21, 0x21, 0x17, 0x1d, 0x27, 0x27, 0x27, 0x1f, 0x1f, 0x1f, 0x1b, 0x17, 0x1f, 0x27, 0x31, 0x28, 0x24, 0x24, 0x27, 0x2c, 0x34, 0x39, 0x39, 0x39, 0x3a, 0x34, 0x30, 0x30, 0x47, 0x4f, 0x4f, 0x4f, 0x51, 0x4d, 0x4d,
  0x65, 0x68, 0x65, 0x65, 0x6b, 0x6d, 0x6c, 0x64, 0x4f, 0x2e, 0x22, 0x14, 0x09, 0x08, 0x15, 0x31, 0x31, 0x17, 0x14, 0x10, 0x08, 0x03, 0x02, 0x03, 0x03, 0x02, 0x05, 0x08, 0x08, 0x0c, 0x0c, 0x08, 0x03, 0x0a, 0x12, 0x12, 0x16, 0x1f, 0x27, 0x27, 0x1f, 0x1f, 0x1f, 0x31, 0x1f, 0x1f, 0x1f, 0x1b, 0x1b, 0x1b, 0x13, 0x12, 0x13, 0x12, 0x12, 0x0f, 0x13, 0x0d, 0x0a, 0x06, 0x07, 0x07, 0x07, 0x0d, 0x07, 0x06, 0x03, 0x07, 0x06, 0x02, 0x02, 0x02, 0x02, 0x02, 0x04, 0x04, 0x08, 0x08, 0x22, 0x44, 0x4e, 0x56, 0x66, 0x56, 0x44, 0x23, 0x10, 0x09, 0x09, 0x09, 0x11, 0x1e, 0x35, 0x19, 0x15, 0x11, 0x04, 0x04, 0x10, 0x2b, 0x57, 0x58, 0x4d, 0x51, 0x51, 0x69, 0x69, 0x64, 0x4c, 0x49, 0x40, 0x62, 0x6a, 0x6d, 0x88, 0x88, 0x87, 0x9b, 0xa8, 0x8d, 0x6a, 0x4c, 0x4c, 0x81, 0x8d, 0x90, 0xad, 0xad, 0xa8, 0xa5, 0x8e, 0x6a, 0x2d, 0x20, 0x29, 0x41, 0x4e, 0x4e, 0x4e, 0x4f, 0x4f, 0x4f, 0x4d, 0x4a, 0x41, 0x30, 0x2a, 0x2c, 0x24, 0x21, 0x17, 0x12, 0x0b, 0x06, 0x03, 0x10, 0x14, 0x20, 0x2f, 0x56, 0x66, 0x68, 0x6d, 0x70, 0x6f, 0x81, 0x84, 0x84, 0x84, 0x89, 0x8a, 0x8f, 0xa5, 0xa5, 0x90, 0x90, 0xa2, 0xa6, 0xa6, 0xa4, 0xa4, 0xa6, 0xaa, 0xaa, 0xad, 0xad, 0xaa, 0xa6, 0xae, 0xb0, 0xad, 0xa6, 0xa6, 0xa6, 0xa4, 0xad, 0xad, 0xaf, 0xad, 0x90, 0x82, 0x86, 0xb4, 0xbc, 0xbc, 0xbc, 0xbc, 0xbc, 0xbe, 0xbf, 0xdf, 0xdf, 0xe4, 0xeb, 0xec, 0xf3, 0xf2, 0xf2, 0xf2, 0xf4, 0xf1, 0xde, 0xd5, 0xcb, 0xcb, 0xd0, 0xd0, 0xd0, 0xd0, 0xc6, 0xc6, 0xc6, 0xca, 0xca, 0xd0, 0xd1, 0xd3, 0xd7, 0xd7, 0xd7, 0xd3, 0xd2, 0xd3, 0xd3, 0xd0, 0xca, 0xd1, 0xd2, 0xd2, 0xd3, 0xde, 0xde, 0xdc, 0xd6, 0xd6, 0xd1, 0xca, 0xc3, 0xa5, 0x90, 0x8e, 0x6b, 0x20, 0x10, 0x09, 0x06, 0x02, 0x03, 0x0b, 0x0b, 0x12, 0x17, 0x28, 0x28, 0x2a, 0x2c, 0x30, 0x2c, 0x2a, 0x2a, 0x24, 0x24, 0x17, 0x16, 0x1d, 0x1f, 0x21, 0x17, 0x1d, 0x28, 0x28, 0x27, 0x1d, 0x1f, 0x27, 0x1f, 0x17, 0x1f, 0x27, 0x27, 0x31, 0x31, 0x27, 0x27, 0x27, 0x28, 0x2c, 0x34, 0x39, 0x39, 0x2c, 0x2a, 0x30, 0x47, 0x48, 0x48, 0x4f, 0x4f, 0x43, 0x43,
  0x64, 0x68, 0x69, 0x65, 0x6d, 0x6d, 0x67, 0x49, 0x43, 0x30, 0x29, 0x22, 0x10, 0x09, 0x19, 0x31, 0x32, 0x24, 0x22, 0x1c, 0x14, 0x0b, 0x08, 0x03, 0x0c, 0x0c, 0x0c, 0x19, 0x0c, 0x0c, 0x0c, 0x0b, 0x0a, 0x18, 0x1f, 0x27, 0x27, 0x2c, 0x27, 0x1f, 0x27, 0x1f, 0x1a, 0x13, 0x13, 0x13, 0x13, 0x12, 0x13, 0x12, 0x0b, 0x13, 0x0d, 0x0b, 0x0b, 0x0a, 0x0d, 0x0a, 0x0e, 0x07, 0x07, 0x07, 0x07, 0x07, 0x07, 0x07, 0x07, 0x0d, 0x06, 0x03, 0x03, 0x02, 0x02, 0x02, 0x02, 0x03, 0x03, 0x02, 0x09, 0x23, 0x44, 0x44, 0x45, 0x45, 0x39, 0x25, 0x14, 0x0c, 0x08, 0x08, 0x11, 0x26, 0x35, 0x35, 0x31, 0x26, 0x15, 0x09, 0x10, 0x32, 0x55, 0x4f, 0x4f, 0x4d, 0x58, 0x67, 0x67, 0x67, 0x4d, 0x49, 0x49, 0x49, 0x63, 0x79, 0x85, 0x88, 0x87, 0x90, 0xa5, 0x8d, 0x6a, 0x40, 0x49, 0x6e, 0x84, 0x90, 0xa5, 0xa5, 0xa5, 0xa5, 0x90, 0x82, 0x4c, 0x20, 0x20, 0x2e, 0x45, 0x45, 0x48, 0x54, 0x4f, 0x4f, 0x4a, 0x41, 0x2e, 0x2f, 0x2c, 0x21, 0x21, 0x17, 0x12, 0x0b, 0x10, 0x10, 0x14, 0x22, 0x2f, 0x49, 0x68, 0x70, 0x7b, 0x81, 0x84, 0x87, 0x84, 0x8a, 0x8d, 0x8f, 0x8b, 0x8b, 0x8b, 0x90, 0xa2, 0x90, 0x8c, 0x8c, 0xa2, 0xa4, 0xa6, 0xa4, 0xa4, 0xa4, 0xa4, 0xa4, 0xa6, 0xa6, 0xa6, 0xa4, 0xad, 0xae, 0xad, 0xa6, 0xa6, 0xa4, 0xa4, 0xad, 0xad, 0xad, 0xa5, 0x8e, 0x86, 0x9b, 0xbd, 0xbe, 0xbc, 0xbc, 0xbc, 0xbc, 0xbb, 0xbe, 0xdf, 0xe2, 0xe9, 0xec, 0xf3, 0xf3, 0xf3, 0xf3, 0xf6, 0xf6, 0xf5, 0xf1, 0xdb, 0xd9, 0xd5, 0xd1, 0xd0, 0xd1, 0xd0, 0xc6, 0xc6, 0xca, 0xca, 0xd1, 0xd1, 0xd1, 0xd3, 0xd7, 0xd3, 0xd7, 0xd7, 0xd6, 0xd3, 0xd3, 0xd1, 0xd1, 0xd1, 0xd3, 0xd3, 0xd3, 0xd7, 0xdc, 0xd6, 0xd5, 0xd5, 0xd2, 0xca, 0xb0, 0xa6, 0xa5, 0x8f, 0x70, 0x2d, 0x14, 0x10, 0x10, 0x06, 0x03, 0x03, 0x06, 0x06, 0x12, 0x16, 0x16, 0x1d, 0x27, 0x28, 0x2c, 0x28, 0x24, 0x21, 0x17, 0x1d, 0x1b, 0x1b, 0x16, 0x17, 0x17, 0x1d, 0x27, 0x28, 0x27, 0x27, 0x27, 0x27, 0x1f, 0x1f, 0x1f, 0x1f, 0x27, 0x27, 0x27, 0x27, 0x1d, 0x1d, 0x24, 0x28, 0x2c, 0x39, 0x2c, 0x2c, 0x2a, 0x2e, 0x39, 0x3b, 0x47, 0x48, 0x42, 0x2e, 0x42,
  0x69, 0x69, 0x69, 0x65, 0x68, 0x67, 0x50, 0x45, 0x45, 0x39, 0x2b, 0x23, 0x10, 0x0c, 0x19, 0x32, 0x2c, 0x2b, 0x2b, 0x2c, 0x31, 0x16, 0x0b, 0x0b, 0x18, 0x1e, 0x19, 0x18, 0x0b, 0x0a, 0x0b, 0x12, 0x13, 0x1b, 0x27, 0x27, 0x27, 0x27, 0x1f, 0x1f, 0x1f, 0x1b, 0x0f, 0x0a, 0x0a, 0x0b, 0x0b, 0x0b, 0x0b, 0x0b, 0x0b, 0x13, 0x12, 0x13, 0x13, 0x0f, 0x0a, 0x0a, 0x0f, 0x0e, 0x0a, 0x0d, 0x0d, 0x07, 0x07, 0x07, 0x0d, 0x06, 0x06, 0x06, 0x0c, 0x03, 0x03, 0x06, 0x06, 0x0c, 0x0c, 0x03, 0x03, 0x10, 0x23, 0x2b, 0x2b, 0x34, 0x32, 0x25, 0x19, 0x0c, 0x03, 0x04, 0x0c, 0x15, 0x25, 0x37, 0x36, 0x35, 0x26, 0x10, 0x10, 0x22, 0x39, 0x46, 0x51, 0x4d, 0x4f, 0x64, 0x64, 0x50, 0x4c, 0x49, 0x49, 0x50, 0x65, 0x6b, 0x79, 0x85, 0x8d, 0x8f, 0x8f, 0x8d, 0x6f, 0x40, 0x4c, 0x6e, 0x81, 0x89, 0x90, 0xa5, 0xa5, 0xa5, 0x9b, 0x8e, 0x6f, 0x2d, 0x20, 0x29, 0x30, 0x3b, 0x3b, 0x46, 0x46, 0x46, 0x42, 0x2e, 0x2c, 0x2c, 0x2c, 0x21, 0x17, 0x12, 0x0b, 0x10, 0x10, 0x20, 0x2b, 0x56, 0x6c, 0x79, 0x82, 0x87, 0x87, 0x84, 0x8f, 0x8f, 0x8f, 0x8b, 0x8b, 0x8c, 0x90, 0xa2, 0xa2, 0xa2, 0xa6, 0xa6, 0xa5, 0xa2, 0xa4, 0xa4, 0xa4, 0xa4, 0xa3, 0xa3, 0xa4, 0xa2, 0xa1, 0xa1, 0xa4, 0xa4, 0xa6, 0xaa, 0xad, 0xa6, 0xaa, 0xa4, 0xa2, 0xad, 0xaf, 0xad, 0x90, 0x88, 0x99, 0xb6, 0xb6, 0xbb, 0xba, 0xbc, 0xbc, 0xbc, 0xbc, 0xbf, 0xe0, 0xe8, 0xec, 0xf3, 0xed, 0xec, 0xf3, 0xf3, 0xf3, 0xf6, 0xf6, 0xf2, 0xf0, 0xef, 0xdd, 0xdc, 0xd5, 0xd2, 0xd1, 0xd0, 0xd1, 0xd0, 0xd0, 0xd1, 0xd0, 0xd0, 0xd1, 0xd3, 0xd2, 0xd2, 0xdc, 0xd6, 0xd3, 0xd3, 0xd3, 0xd3, 0xd3, 0xd7, 0xd7, 0xd3, 0xd7, 0xdc, 0xd6, 0xd5, 0xd5, 0xd7, 0xd1, 0xc3, 0xa6, 0xa5, 0x8f, 0x81, 0x4c, 0x40, 0x2b, 0x22, 0x23, 0x14, 0x14, 0x0b, 0x06, 0x06, 0x0a, 0x0b, 0x13, 0x1f, 0x27, 0x24, 0x28, 0x24, 0x21, 0x17, 0x17, 0x17, 0x17, 0x16, 0x17, 0x1d, 0x1d, 0x27, 0x27, 0x28, 0x27, 0x27, 0x27, 0x27, 0x1f, 0x1f, 0x27, 0x27, 0x1f, 0x31, 0x1f, 0x16, 0x17, 0x21, 0x28, 0x2c, 0x30, 0x2c, 0x2a, 0x2c, 0x2e, 0x2c, 0x30, 0x47, 0x4f, 0x46, 0x30, 0x47,
  0x6c, 0x69, 0x69, 0x50, 0x50, 0x57, 0x44, 0x2f, 0x2f, 0x24, 0x1c, 0x19, 0x0c, 0x09, 0x19, 0x32, 0x2c, 0x2c, 0x2c, 0x34, 0x34, 0x27, 0x1f, 0x1f, 0x1a, 0x18, 0x18, 0x12, 0x0b, 0x12, 0x12, 0x1b, 0x1f, 0x1f, 0x1f, 0x27, 0x27, 0x1f, 0x1b, 0x12, 0x0d, 0x0b, 0x0a, 0x0a, 0x0d, 0x0a, 0x0d, 0x13, 0x0f, 0x0f, 0x1a, 0x1a, 0x1a, 0x1a, 0x13, 0x0f, 0x0d, 0x0a, 0x0a, 0x13, 0x0f, 0x0e, 0x0f, 0x0e, 0x07, 0x07, 0x07, 0x06, 0x06, 0x07, 0x07, 0x06, 0x06, 0x06, 0x0a, 0x0a, 0x0b, 0x0a, 0x06, 0x03, 0x06, 0x0b, 0x17, 0x31, 0x25, 0x1e, 0x1e, 0x18, 0x0c, 0x03, 0x0c, 0x0c, 0x1e, 0x36, 0x36, 0x36, 0x36, 0x10, 0x09, 0x14, 0x2f, 0x46, 0x4f, 0x4a, 0x4f, 0x58, 0x58, 0x4b, 0x4a, 0x49, 0x49, 0x4c, 0x4c, 0x62, 0x65, 0x79, 0x82, 0x8d, 0x8f, 0x8f, 0x82, 0x49, 0x49, 0x6e, 0x6e, 0x81, 0x8f, 0xa6, 0xa6, 0xa5, 0xa8, 0x9b, 0x87, 0x4c, 0x2d, 0x29, 0x2a, 0x34, 0x30, 0x30, 0x30, 0x30, 0x2c, 0x34, 0x2c, 0x27, 0x1d, 0x12, 0x0b, 0x0b, 0x14, 0x20, 0x29, 0x4e, 0x66, 0x79, 0x82, 0x82, 0x84, 0x8d, 0x8a, 0x8a, 0x8b, 0x90, 0xa2, 0xa2, 0xa2, 0xa2, 0xa5, 0xa4, 0xa3, 0xa3, 0xa4, 0xa4, 0xa4, 0xa3, 0xa3, 0xa3, 0xa4, 0xa4, 0xa3, 0xa3, 0xa2, 0xa4, 0xa2, 0xa4, 0xa6, 0xad, 0xaa, 0xad, 0xad, 0xad, 0xaa, 0xaa, 0xa5, 0xa6, 0xa8, 0xa8, 0x8f, 0x88, 0xb1, 0xb8, 0xbb, 0xba, 0xba, 0xba, 0xba, 0xbc, 0xbf, 0xe0, 0xe7, 0xea, 0xec, 0xed, 0xed, 0xed, 0xed, 0xec, 0xf3, 0xf3, 0xf6, 0xf6, 0xf6, 0xf6, 0xf5, 0xf4, 0xdd, 0xdd, 0xd6, 0xd5, 0xd3, 0xd1, 0xd0, 0xd1, 0xd1, 0xd1, 0xd3, 0xd3, 0xd3, 0xd5, 0xd6, 0xd6, 0xd7, 0xd7, 0xd7, 0xd3, 0xd3, 0xd7, 0xd7, 0xd7, 0xd7, 0xd6, 0xd6, 0xd6, 0xd6, 0xd6, 0xd3, 0xca, 0xaf, 0xa5, 0xa5, 0x8f, 0x84, 0x7b, 0x6b, 0x66, 0x56, 0x44, 0x2f, 0x20, 0x0b, 0x06, 0x03, 0x03, 0x06, 0x0d, 0x13, 0x16, 0x31, 0x1f, 0x1f, 0x1f, 0x16, 0x13, 0x17, 0x17, 0x1d, 0x1f, 0x1f, 0x27, 0x28, 0x2c, 0x28, 0x28, 0x27, 0x27, 0x1f, 0x27, 0x27, 0x1f, 0x1d, 0x1f, 0x1f, 0x16, 0x16, 0x21, 0x24, 0x2a, 0x2c, 0x2c, 0x2a, 0x2c, 0x2c, 0x2a, 0x2e, 0x46, 0x4f, 0x48, 0x42, 0x48,
  0x69, 0x67, 0x67, 0x4e, 0x4e, 0x44, 0x22, 0x14, 0x14, 0x0a, 0x08, 0x08, 0x08, 0x08, 0x19, 0x32, 0x2a, 0x28, 0x28, 0x28, 0x28, 0x28, 0x27, 0x1f, 0x1a, 0x16, 0x12, 0x12, 0x16, 0x16, 0x1d, 0x27, 0x27, 0x27, 0x27, 0x1b, 0x16, 0x0b, 0x0a, 0x0a, 0x0a, 0x0a, 0x0a, 0x0d, 0x0e, 0x0e, 0x0f, 0x1a, 0x1b, 0x1b, 0x1a, 0x1b, 0x1a, 0x1a, 0x12, 0x0d, 0x0a, 0x0a, 0x0a, 0x13, 0x0f, 0x0f, 0x0f, 0x0d, 0x07, 0x07, 0x07, 0x0a, 0x0a, 0x0d, 0x0d, 0x18, 0x0f, 0x0a, 0x0b, 0x0f, 0x12, 0x0d, 0x07, 0x06, 0x03, 0x06, 0x0b, 0x18, 0x18, 0x18, 0x18, 0x18, 0x0c, 0x02, 0x03, 0x0c, 0x19, 0x31, 0x34, 0x36, 0x36, 0x19, 0x10, 0x14, 0x2b, 0x47, 0x4f, 0x4f, 0x46, 0x41, 0x41, 0x48, 0x4a, 0x50, 0x69, 0x63, 0x4c, 0x4c, 0x50, 0x68, 0x6f, 0x84, 0x8d, 0x8d, 0x82, 0x40, 0x2d, 0x62, 0x81, 0x83, 0x8b, 0xa5, 0xa5, 0xa5, 0xa6, 0xa8, 0x9b, 0x82, 0x4c, 0x29, 0x21, 0x2c, 0x30, 0x30, 0x2e, 0x2c, 0x2c, 0x34, 0x28, 0x16, 0x0b, 0x06, 0x10, 0x14, 0x22, 0x38, 0x56, 0x79, 0x7c, 0x82, 0x84, 0x8d, 0x8f, 0x8a, 0x8c, 0x8c, 0xa1, 0xa4, 0xa2, 0xa2, 0xa4, 0xa6, 0xaa, 0xa9, 0xa9, 0xa9, 0xaa, 0xa4, 0xa4, 0xa3, 0xa3, 0xa3, 0xa4, 0xa3, 0xa3, 0xa3, 0xa4, 0xa4, 0xa2, 0xa2, 0xa4, 0xad, 0xaa, 0xaa, 0xad, 0xad, 0xad, 0xad, 0xa6, 0xa5, 0xa8, 0xa7, 0x8e, 0x9c, 0xb6, 0xb4, 0xbb, 0xba, 0xba, 0xba, 0xba, 0xba, 0xbc, 0xbf, 0xe8, 0xed, 0xed, 0xee, 0xee, 0xee, 0xed, 0xed, 0xed, 0xf3, 0xf3, 0xf3, 0xf3, 0xf6, 0xf6, 0xf5, 0xf4, 0xf4, 0xf1, 0xda, 0xd6, 0xd3, 0xd1, 0xd1, 0xd1, 0xd3, 0xd3, 0xd3, 0xd7, 0xd7, 0xd6, 0xdc, 0xd7, 0xd7, 0xd7, 0xd3, 0xd1, 0xd3, 0xd7, 0xd3, 0xd3, 0xd5, 0xd5, 0xd5, 0xd5, 0xd6, 0xd1, 0xca, 0xc3, 0xad, 0xa6, 0xa6, 0x90, 0x8d, 0x87, 0x86, 0x6f, 0x6d, 0x69, 0x43, 0x22, 0x14, 0x0b, 0x03, 0x02, 0x03, 0x06, 0x0b, 0x1a, 0x1a, 0x1b, 0x1b, 0x1a, 0x16, 0x17, 0x1d, 0x1d, 0x1d, 0x1d, 0x27, 0x28, 0x34, 0x28, 0x27, 0x1f, 0x27, 0x28, 0x27, 0x27, 0x27, 0x1d, 0x1d, 0x1f, 0x1d, 0x16, 0x17, 0x21, 0x2a, 0x2c, 0x2a, 0x2a, 0x2a, 0x2c, 0x2c, 0x39, 0x3b, 0x48, 0x55, 0x47, 0x47,
  0x69, 0x66, 0x56, 0x44, 0x38, 0x23, 0x10, 0x04, 0x02, 0x02, 0x02, 0x02, 0x02, 0x08, 0x19, 0x22, 0x28, 0x2c, 0x2c, 0x28, 0x28, 0x28, 0x27, 0x17, 0x16, 0x12, 0x12, 0x16, 0x1d, 0x1f, 0x1f, 0x27, 0x27, 0x27, 0x1a, 0x0f, 0x0f, 0x0d, 0x0a, 0x0a, 0x0f, 0x13, 0x13, 0x13, 0x1a, 0x13, 0x13, 0x0f, 0x1a, 0x1b, 0x1a, 0x1a, 0x1a, 0x1a, 0x13, 0x0d, 0x0d, 0x0d, 0x0f, 0x13, 0x0f, 0x0e, 0x0e, 0x0d, 0x0a, 0x06, 0x03, 0x06, 0x0d, 0x0e, 0x13, 0x1b, 0x1a, 0x13, 0x12, 0x0f, 0x13, 0x13, 0x0e, 0x07, 0x06, 0x06, 0x0a, 0x0a, 0x0d, 0x18, 0x0d, 0x0c, 0x0c, 0x02, 0x03, 0x0c, 0x18, 0x25, 0x28, 0x36, 0x36, 0x1e, 0x0b, 0x14, 0x2b, 0x47, 0x48, 0x4f, 0x39, 0x2a, 0x2e, 0x41, 0x41, 0x58, 0x69, 0x69, 0x4d, 0x49, 0x49, 0x4c, 0x6a, 0x84, 0x8d, 0x8e, 0x85, 0x4c, 0x2d, 0x4c, 0x6e, 0x8d, 0x8f, 0x90, 0xa2, 0xa6, 0xad, 0xa8, 0xa8, 0x8e, 0x70, 0x40, 0x29, 0x29, 0x2c, 0x2e, 0x2a, 0x2c, 0x2c, 0x28, 0x17, 0x12, 0x06, 0x09, 0x14, 0x2b, 0x49, 0x66, 0x7b, 0x87, 0x87, 0x8d, 0x8f, 0x90, 0xa2, 0x8c, 0xa1, 0xa1, 0xa1, 0xa3, 0xa4, 0xa4, 0xa4, 0xa4, 0xa3, 0xa3, 0xa4, 0xa9, 0xa9, 0xa4, 0xa3, 0xa3, 0xa1, 0xa3, 0xa9, 0xa3, 0xa3, 0xa9, 0xa4, 0xa4, 0xa2, 0xa2, 0xa4, 0xa6, 0xa6, 0xa6, 0xaa, 0xad, 0xad, 0xa6, 0xa6, 0xa7, 0x9b, 0x99, 0x9c, 0xb4, 0xb6, 0xbb, 0xba, 0xba, 0xb9, 0xba, 0xba, 0xb9, 0xba, 0xe0, 0xea, 0xed, 0xed, 0xee, 0xf8, 0xee, 0xed, 0xed, 0xed, 0xec, 0xf3, 0xf3, 0xf3, 0xf3, 0xf3, 0xf6, 0xf6, 0xf6, 0xf5, 0xdd, 0xdc, 0xd6, 0xd3, 0xd1, 0xca, 0xd1, 0xd2, 0xd5, 0xd6, 0xd6, 0xdc, 0xdc, 0xd7, 0xd7, 0xd7, 0xd1, 0xd1, 0xd3, 0xd7, 0xd3, 0xd3, 0xd5, 0xd5, 0xd5, 0xd5, 0xd6, 0xd6, 0xd1, 0xc6, 0xae, 0xad, 0xad, 0xa6, 0x90, 0x90, 0x8f, 0x84, 0x82, 0x82, 0x79, 0x64, 0x44, 0x23, 0x0b, 0x03, 0x03, 0x02, 0x06, 0x0b, 0x0f, 0x18, 0x1b, 0x1b, 0x1a, 0x1d, 0x1d, 0x27, 0x1f, 0x1f, 0x27, 0x28, 0x28, 0x27, 0x27, 0x1f, 0x1f, 0x27, 0x27, 0x27, 0x27, 0x1d, 0x1b, 0x1d, 0x1f, 0x1d, 0x17, 0x24, 0x34, 0x30, 0x2a, 0x2a, 0x2c, 0x2a, 0x2c, 0x30, 0x30, 0x47, 0x54, 0x48, 0x48,
  0x67, 0x57, 0x44, 0x26, 0x14, 0x09, 0x02, 0x02, 0x02, 0x02, 0x02, 0x02, 0x02, 0x03, 0x0b, 0x17, 0x28, 0x3a, 0x34, 0x2c, 0x2c, 0x28, 0x28, 0x1d, 0x12, 0x16, 0x1d, 0x1d, 0x1d, 0x1f, 0x1f, 0x1f, 0x1f, 0x1a, 0x0d, 0x0a, 0x0e, 0x13, 0x0f, 0x0e, 0x13, 0x1a, 0x1a, 0x1a, 0x1a, 0x13, 0x0f, 0x0f, 0x13, 0x1a, 0x1a, 0x13, 0x13, 0x13, 0x12, 0x0f, 0x0d, 0x0d, 0x0f, 0x0e, 0x0d, 0x0a, 0x07, 0x0a, 0x0a, 0x03, 0x03, 0x06, 0x0d, 0x13, 0x1a, 0x1f, 0x1f, 0x1b, 0x12, 0x0b, 0x0b, 0x12, 0x13, 0x0a, 0x06, 0x06, 0x06, 0x03, 0x03, 0x06, 0x0c, 0x0c, 0x0c, 0x03, 0x03, 0x0c, 0x18, 0x17, 0x1d, 0x31, 0x31, 0x1e, 0x0b, 0x12, 0x28, 0x3b, 0x47, 0x48, 0x2c, 0x29, 0x2a, 0x2e, 0x41, 0x64, 0x69, 0x69, 0x51, 0x49, 0x49, 0x4c, 0x6f, 0x81, 0x84, 0x8e, 0x86, 0x50, 0x40, 0x4c, 0x6e, 0x8d, 0x8f, 0x90, 0xa2, 0xa6, 0xaf, 0xad, 0xa8, 0xa7, 0x87, 0x6a, 0x40, 0x29, 0x2d, 0x2e, 0x2a, 0x2c, 0x2c, 0x24, 0x12, 0x0b, 0x14, 0x14, 0x2b, 0x56, 0x79, 0x86, 0x87, 0x8d, 0x8f, 0x90, 0x90, 0xa5, 0xa6, 0xa3, 0xa3, 0xa3, 0xa1, 0xa2, 0xa2, 0xa3, 0xa4, 0xa1, 0xa1, 0xa3, 0xa9, 0xa9, 0xa9, 0xa9, 0xa3, 0xa3, 0xa3, 0xa4, 0xa9, 0xa4, 0xa3, 0xa4, 0xa4, 0xa4, 0xa4, 0xa6, 0xa6, 0xa6, 0xa6, 0xa4, 0xa6, 0xaa, 0xad, 0xad, 0xa8, 0xa7, 0x8e, 0x9b, 0xb4, 0xba, 0xba, 0xbc, 0xbc, 0xb9, 0xb9, 0xba, 0xba, 0xba, 0xbc, 0xe7, 0xec, 0xed, 0xed, 0xed, 0xee, 0xf8, 0xed, 0xed, 0xed, 0xed, 0xed, 0xed, 0xed, 0xee, 0xee, 0xf3, 0xf3, 0xf3, 0xf6, 0xf5, 0xf1, 0xdd, 0xda, 0xd5, 0xca, 0xd1, 0xd2, 0xd2, 0xd6, 0xdc, 0xdc, 0xd6, 0xd7, 0xd7, 0xd3, 0xd3, 0xd3, 0xd7, 0xd3, 0xd1, 0xd3, 0xd6, 0xd5, 0xdc, 0xd7, 0xd3, 0xd7, 0xd7, 0xd0, 0xc6, 0xc3, 0xc3, 0xb0, 0xa6, 0xa6, 0xa5, 0x8f, 0x8d, 0x84, 0x84, 0x7b, 0x73, 0x44, 0x22, 0x14, 0x0b, 0x06, 0x06, 0x03, 0x06, 0x0d, 0x18, 0x1b, 0x1d, 0x27, 0x27, 0x28, 0x28, 0x27, 0x27, 0x27, 0x27, 0x27, 0x27, 0x27, 0x1f, 0x27, 0x1d, 0x1f, 0x1f, 0x1d, 0x1d, 0x1d, 0x1f, 0x1d, 0x21, 0x28, 0x3a, 0x2c, 0x2a, 0x2a, 0x2c, 0x2a, 0x34, 0x39, 0x30, 0x2e, 0x30, 0x3b, 0x48,
  0x66, 0x4e, 0x2b, 0x10, 0x08, 0x02, 0x02, 0x02, 0x03, 0x02, 0x02, 0x02, 0x02, 0x02, 0x0c, 0x31, 0x34, 0x2c, 0x2c, 0x34, 0x34, 0x2c, 0x28, 0x21, 0x16, 0x17, 0x1d, 0x1d, 0x1f, 0x27, 0x27, 0x1b, 0x1a, 0x0d, 0x06, 0x07, 0x0d, 0x0f, 0x0e, 0x0d, 0x0a, 0x0d, 0x13, 0x1a, 0x1a, 0x0f, 0x0d, 0x0d, 0x0f, 0x0f, 0x13, 0x0f, 0x0f, 0x0f, 0x0f, 0x0f, 0x0f, 0x0d, 0x0d, 0x0d, 0x0d, 0x0a, 0x0a, 0x06, 0x06, 0x06, 0x0a, 0x0b, 0x0b, 0x0f, 0x16, 0x1f, 0x31, 0x27, 0x16, 0x12, 0x12, 0x13, 0x16, 0x12, 0x0b, 0x0a, 0x06, 0x03, 0x02, 0x02, 0x03, 0x0c, 0x08, 0x02, 0x02, 0x08, 0x18, 0x25, 0x24, 0x24, 0x1f, 0x16, 0x0b, 0x0b, 0x17, 0x34, 0x47, 0x54, 0x39, 0x2c, 0x2a, 0x2e, 0x43, 0x67, 0x67, 0x64, 0x51, 0x4d, 0x4e, 0x50, 0x6b, 0x6e, 0x81, 0x87, 0x86, 0x57, 0x20, 0x40, 0x7b, 0x84, 0x8a, 0x8c, 0xa6, 0xb0, 0xc3, 0xb0, 0xad, 0xa8, 0x90, 0x82, 0x4c, 0x2d, 0x2d, 0x2e, 0x2a, 0x2c, 0x28, 0x17, 0x0b, 0x14, 0x21, 0x2f, 0x66, 0x85, 0x87, 0x8d, 0x8d, 0x8d, 0x90, 0xa5, 0xa5, 0xa2, 0xa4, 0xa4, 0xa9, 0xa9, 0xa4, 0xa6, 0xa6, 0xa4, 0xa4, 0xa4, 0xaa, 0xaa, 0xac, 0xaa, 0xa3, 0xa4, 0xa4, 0xa4, 0xa4, 0xa4, 0xa4, 0xa4, 0xa4, 0xa4, 0xa2, 0xa1, 0xa2, 0xa4, 0xa4, 0xa6, 0xaa, 0xad, 0xaa, 0xad, 0xad, 0xaf, 0xa8, 0x9b, 0x9b, 0xb2, 0xb6, 0xba, 0xb9, 0xba, 0xba, 0xb9, 0xba, 0xba, 0xbb, 0xbc, 0xe0, 0xea, 0xec, 0xec, 0xed, 0xed, 0xed, 0xee, 0xee, 0xed, 0xed, 0xee, 0xf8, 0xf8, 0xee, 0xee, 0xed, 0xee, 0xed, 0xf3, 0xf7, 0xf6, 0xf5, 0xf4, 0xf1, 0xde, 0xd3, 0xd5, 0xd5, 0xd5, 0xd6, 0xdc, 0xdc, 0xd6, 0xd6, 0xd3, 0xd3, 0xd3, 0xd3, 0xd3, 0xd3, 0xd3, 0xd7, 0xd6, 0xd5, 0xdc, 0xdc, 0xd6, 0xd6, 0xd6, 0xd3, 0xd3, 0xd1, 0xca, 0xc5, 0xc2, 0xc2, 0xad, 0xa5, 0x8f, 0x8a, 0x8d, 0x87, 0x7b, 0x66, 0x44, 0x24, 0x20, 0x14, 0x10, 0x03, 0x03, 0x06, 0x0d, 0x13, 0x1d, 0x1d, 0x27, 0x27, 0x27, 0x1f, 0x27, 0x27, 0x28, 0x27, 0x1f, 0x1f, 0x27, 0x2c, 0x1d, 0x1d, 0x1d, 0x1b, 0x1b, 0x1d, 0x1d, 0x17, 0x21, 0x28, 0x39, 0x2c, 0x2a, 0x2c, 0x2c, 0x2c, 0x34, 0x34, 0x2a, 0x21, 0x21, 0x2a, 0x47,
  0x57, 0x44, 0x22, 0x09, 0x02, 0x02, 0x02, 0x03, 0x03, 0x02, 0x02, 0x02, 0x02, 0x02, 0x0d, 0x35, 0x34, 0x34, 0x34, 0x39, 0x34, 0x2c, 0x24, 0x17, 0x21, 0x24, 0x27, 0x1f, 0x1f, 0x27, 0x1f, 0x13, 0x0f, 0x0d, 0x0d, 0x0d, 0x0d, 0x0d, 0x0d, 0x0d, 0x0a, 0x0a, 0x0f, 0x18, 0x18, 0x0d, 0x0a, 0x0d, 0x0d, 0x0a, 0x0d, 0x0f, 0x13, 0x0f, 0x12, 0x13, 0x13, 0x13, 0x13, 0x13, 0x0f, 0x0e, 0x0d, 0x0b, 0x0a, 0x0c, 0x0c, 0x0a, 0x0a, 0x0d, 0x13, 0x1a, 0x1f, 0x31, 0x31, 0x27, 0x1f, 0x17, 0x21, 0x17, 0x12, 0x0b, 0x0b, 0x03, 0x03, 0x02, 0x02, 0x05, 0x05, 0x04, 0x04, 0x08, 0x19, 0x25, 0x28, 0x31, 0x31, 0x25, 0x12, 0x0b, 0x17, 0x2c, 0x45, 0x47, 0x47, 0x39, 0x2c, 0x2e, 0x43, 0x67, 0x51, 0x4d, 0x4d, 0x4a, 0x4e, 0x49, 0x62, 0x6a, 0x81, 0x82, 0x7b, 0x73, 0x20, 0x29, 0x6a, 0x84, 0x83, 0x89, 0xa2, 0xad, 0xc3, 0xc3, 0xaf, 0xad, 0xa8, 0x90, 0x6f, 0x40, 0x2d, 0x2e, 0x29, 0x24, 0x22, 0x14, 0x14, 0x21, 0x48, 0x73, 0x86, 0x8e, 0x8f, 0x8f, 0x8b, 0x90, 0xa5, 0xa5, 0xa5, 0xa2, 0xa5, 0xa6, 0xaa, 0xa6, 0xa6, 0xad, 0xad, 0xad, 0xad, 0xa6, 0xa6, 0xa6, 0xaa, 0xa4, 0x8c, 0x8c, 0xa3, 0xa9, 0xa4, 0xa2, 0xa2, 0xa2, 0xa5, 0xa6, 0xa4, 0xa2, 0xa2, 0xa4, 0xa4, 0xa6, 0xaa, 0xad, 0xad, 0xb0, 0xad, 0xad, 0xaf, 0x9b, 0xb1, 0xb6, 0xbb, 0xb9, 0xba, 0xb9, 0xb9, 0xba, 0xbc, 0xbb, 0xbb, 0xbf, 0xe7, 0xea, 0xf3, 0xf3, 0xf3, 0xed, 0xed, 0xed, 0xed, 0xed, 0xed, 0xee, 0xf8, 0xed, 0xee, 0xf8, 0xee, 0xee, 0xf8, 0xf3, 0xf3, 0xf7, 0xf6, 0xf6, 0xf5, 0xf4, 0xd6, 0xdc, 0xdc, 0xdc, 0xdc, 0xdc, 0xda, 0xda, 0xd6, 0xd7, 0xd7, 0xd3, 0xd3, 0xd3, 0xd3, 0xd3, 0xd7, 0xdc, 0xd5, 0xd6, 0xd6, 0xd3, 0xd3, 0xd3, 0xd7, 0xd6, 0xd3, 0xd2, 0xd1, 0xd0, 0xd0, 0xc3, 0xb0, 0xa8, 0xa6, 0xa5, 0x8f, 0x87, 0x6d, 0x4c, 0x2d, 0x2d, 0x29, 0x14, 0x06, 0x06, 0x03, 0x06, 0x0f, 0x16, 0x16, 0x17, 0x1d, 0x1f, 0x1d, 0x27, 0x2c, 0x27, 0x27, 0x1d, 0x1d, 0x1f, 0x27, 0x1b, 0x1d, 0x1f, 0x1b, 0x16, 0x16, 0x1d, 0x1f, 0x2c, 0x2c, 0x2c, 0x2c, 0x2c, 0x2c, 0x34, 0x34, 0x39, 0x2c, 0x21, 0x17, 0x21, 0x39, 0x48,
  0x4c, 0x2d, 0x20, 0x08, 0x02, 0x02, 0x02, 0x03, 0x03, 0x02, 0x02, 0x02, 0x02, 0x03, 0x14, 0x31, 0x39, 0x39, 0x34, 0x3a, 0x34, 0x2c, 0x24, 0x21, 0x2a, 0x2c, 0x28, 0x24, 0x1b, 0x1b, 0x12, 0x0a, 0x0a, 0x0d, 0x13, 0x0f, 0x0d, 0x0e, 0x0d, 0x0d, 0x0e, 0x0e, 0x0d, 0x0e, 0x0d, 0x07, 0x07, 0x0a, 0x0a, 0x0a, 0x0a, 0x13, 0x1b, 0x16, 0x1b, 0x1f, 0x1f, 0x1f, 0x1f, 0x1b, 0x1a, 0x13, 0x0f, 0x0f, 0x0f, 0x0b, 0x0d, 0x0d, 0x0e, 0x13, 0x16, 0x1f, 0x27, 0x2c, 0x34, 0x3b, 0x3a, 0x2c, 0x28, 0x27, 0x17, 0x12, 0x0b, 0x06, 0x03, 0x03, 0x02, 0x02, 0x04, 0x01, 0x01, 0x05, 0x15, 0x1e, 0x25, 0x1f, 0x1f, 0x31, 0x17, 0x14, 0x17, 0x2a, 0x3b, 0x47, 0x47, 0x39, 0x29, 0x2e, 0x4b, 0x67, 0x51, 0x4d, 0x4a, 0x4a, 0x4a, 0x4c, 0x62, 0x6a, 0x70, 0x81, 0x70, 0x73, 0x2d, 0x20, 0x4c, 0x7b, 0x84, 0x89, 0x90, 0xa5, 0xaf, 0xb0, 0xad, 0xaf, 0xaf, 0xa7, 0x87, 0x6a, 0x49, 0x2d, 0x22, 0x22, 0x20, 0x14, 0x29, 0x50, 0x7b, 0x86, 0x8f, 0x90, 0xa5, 0xad, 0xa6, 0xa5, 0xa6, 0xa6, 0x90, 0xa2, 0xa6, 0xa6, 0xa6, 0xa4, 0xa4, 0xa6, 0xa6, 0xad, 0xad, 0xac, 0xaa, 0xaa, 0xaa, 0xa1, 0xa1, 0xa1, 0xa3, 0xa9, 0xa4, 0xa3, 0xa3, 0xa1, 0xa4, 0xac, 0xab, 0xa3, 0xa3, 0xa6, 0xa6, 0xa6, 0xad, 0xa6, 0xa6, 0xad, 0xa6, 0xaf, 0xaf, 0x9b, 0xb2, 0xbb, 0xba, 0xba, 0xba, 0xba, 0xb9, 0xba, 0xba, 0xba, 0xbc, 0xe0, 0xea, 0xed, 0xee, 0xed, 0xed, 0xed, 0xee, 0xee, 0xee, 0xee, 0xee, 0xee, 0xee, 0xed, 0xee, 0xf8, 0xf8, 0xf8, 0xf8, 0xee, 0xf8, 0xfc, 0xfc, 0xf7, 0xf6, 0xf5, 0xf4, 0xf1, 0xdc, 0xd6, 0xd7, 0xd7, 0xd6, 0xd5, 0xd3, 0xd1, 0xd3, 0xd3, 0xd3, 0xd7, 0xd6, 0xd3, 0xd3, 0xd6, 0xd6, 0xd6, 0xd5, 0xd2, 0xd6, 0xd6, 0xd3, 0xd6, 0xd6, 0xd3, 0xd7, 0xd3, 0xd3, 0xd2, 0xca, 0xc3, 0xb0, 0xb0, 0xad, 0x8f, 0x84, 0x6a, 0x49, 0x4c, 0x49, 0x2d, 0x22, 0x14, 0x06, 0x03, 0x06, 0x0b, 0x13, 0x16, 0x1d, 0x1f, 0x1d, 0x1f, 0x27, 0x27, 0x1f, 0x1d, 0x1b, 0x1f, 0x1f, 0x1d, 0x1f, 0x1d, 0x16, 0x1d, 0x1d, 0x17, 0x21, 0x34, 0x34, 0x34, 0x3b, 0x3b, 0x3b, 0x3b, 0x3a, 0x39, 0x30, 0x29, 0x29, 0x39, 0x48, 0x47,
  0x40, 0x2d, 0x14, 0x08, 0x02, 0x02, 0x02, 0x02, 0x03, 0x03, 0x02, 0x02, 0x03, 0x09, 0x14, 0x32, 0x38, 0x2c, 0x34, 0x3a, 0x3a, 0x39, 0x2c, 0x21, 0x2a, 0x2c, 0x28, 0x1f, 0x12, 0x06, 0x06, 0x06, 0x0a, 0x0f, 0x1a, 0x0f, 0x0d, 0x0d, 0x0d, 0x0d, 0x0d, 0x0e, 0x0d, 0x0d, 0x0d, 0x07, 0x07, 0x07, 0x0d, 0x0f, 0x13, 0x1b, 0x1f, 0x1b, 0x1f, 0x1f, 0x27, 0x27, 0x1f, 0x1f, 0x1f, 0x1a, 0x13, 0x0f, 0x0d, 0x0d, 0x0d, 0x0d, 0x0f, 0x13, 0x16, 0x1f, 0x28, 0x3a, 0x54, 0x55, 0x54, 0x47, 0x34, 0x28, 0x1f, 0x16, 0x0f, 0x0d, 0x07, 0x06, 0x03, 0x05, 0x04, 0x01, 0x00, 0x01, 0x05, 0x18, 0x18, 0x1a, 0x1b, 0x1d, 0x1d, 0x21, 0x29, 0x2a, 0x39, 0x3b, 0x3b, 0x30, 0x30, 0x41, 0x50, 0x50, 0x63, 0x63, 0x51, 0x4f, 0x51, 0x51, 0x62, 0x6a, 0x70, 0x81, 0x81, 0x6c, 0x2d, 0x20, 0x49, 0x6b, 0x7b, 0x84, 0x8f, 0xa5, 0xaf, 0xb0, 0xb0, 0xc3, 0xb0, 0xaf, 0x9b, 0x84, 0x6a, 0x40, 0x20, 0x20, 0x20, 0x29, 0x50, 0x7c, 0x87, 0x8f, 0xa5, 0xa5, 0xa6, 0xad, 0xa6, 0xa5, 0xa6, 0xa6, 0xa6, 0xa5, 0xa6, 0xad, 0xa6, 0xa6, 0xa6, 0xad, 0xad, 0xaa, 0xa9, 0xac, 0xac, 0xaa, 0xaa, 0xa4, 0xa4, 0xa3, 0xa1, 0xa4, 0xa9, 0xa4, 0xa4, 0xa4, 0xa4, 0xa9, 0xa9, 0xa4, 0xa4, 0xa4, 0xa6, 0xa6, 0xa6, 0xa6, 0xa5, 0xa6, 0xaf, 0xaf, 0xa8, 0xa7, 0xb2, 0xbb, 0xba, 0xbc, 0xbc, 0xba, 0xba, 0xba, 0xb9, 0xba, 0xbf, 0xe7, 0xea, 0xed, 0xee, 0xed, 0xee, 0xf8, 0xf8, 0xee, 0xee, 0xee, 0xee, 0xee, 0xee, 0xee, 0xee, 0xee, 0xee, 0xf8, 0xf8, 0xf8, 0xfa, 0xfe, 0xfd, 0xfd, 0xf7, 0xf6, 0xf6, 0xf5, 0xf1, 0xdd, 0xd7, 0xd7, 0xd7, 0xd3, 0xd3, 0xd1, 0xd3, 0xd3, 0xd3, 0xd3, 0xd3, 0xd2, 0xd3, 0xd6, 0xd7, 0xd7, 0xd6, 0xd6, 0xd6, 0xd5, 0xd5, 0xd6, 0xd7, 0xd7, 0xd3, 0xd3, 0xd7, 0xd7, 0xd2, 0xca, 0xc6, 0xc3, 0xaf, 0xa5, 0x8d, 0x81, 0x6e, 0x6a, 0x6a, 0x68, 0x44, 0x32, 0x14, 0x03, 0x03, 0x0a, 0x12, 0x13, 0x1f, 0x27, 0x1f, 0x1f, 0x1f, 0x1f, 0x1d, 0x16, 0x1b, 0x27, 0x1f, 0x16, 0x1d, 0x1d, 0x16, 0x17, 0x17, 0x17, 0x21, 0x28, 0x2c, 0x39, 0x47, 0x48, 0x47, 0x46, 0x39, 0x30, 0x30, 0x30, 0x39, 0x3b, 0x46, 0x42,
  0x40, 0x2d, 0x14, 0x09, 0x03, 0x02, 0x03, 0x03, 0x02, 0x02, 0x03, 0x03, 0x08, 0x0c, 0x1c, 0x36, 0x34, 0x34, 0x3d, 0x3a, 0x3a, 0x3a, 0x34, 0x24, 0x28, 0x34, 0x27, 0x16, 0x0a, 0x06, 0x06, 0x06, 0x07, 0x0e, 0x0e, 0x0e, 0x0e, 0x0d, 0x0e, 0x0a, 0x0d, 0x0d, 0x07, 0x07, 0x07, 0x0a, 0x0f, 0x0f, 0x13, 0x1b, 0x1b, 0x1b, 0x1b, 0x1b, 0x1f, 0x27, 0x1f, 0x1f, 0x1f, 0x1f, 0x1f, 0x1b, 0x13, 0x0d, 0x0a, 0x0d, 0x0d, 0x0d, 0x0e, 0x13, 0x1f, 0x27, 0x28, 0x34, 0x47, 0x55, 0x59, 0x59, 0x54, 0x34, 0x27, 0x1f, 0x13, 0x0d, 0x06, 0x06, 0x03, 0x04, 0x01, 0x00, 0x00, 0x00, 0x01, 0x08, 0x18, 0x1a, 0x1a, 0x1d, 0x27, 0x2c, 0x28, 0x24, 0x2c, 0x3b, 0x47, 0x47, 0x57, 0x57, 0x67, 0x50, 0x63, 0x50, 0x4d, 0x4f, 0x4d, 0x50, 0x62, 0x62, 0x6f, 0x82, 0x7b, 0x6c, 0x2d, 0x29, 0x49, 0x62, 0x6b, 0x82, 0x8d, 0xa5, 0xad, 0xaf, 0xc3, 0xc3, 0xb0, 0xaf, 0xa8, 0x8f, 0x82, 0x62, 0x2d, 0x2d, 0x2d, 0x4c, 0x7c, 0x88, 0x8e, 0xa7, 0xa7, 0xa5, 0xad, 0xad, 0xa5, 0xa5, 0xa5, 0xa5, 0xad, 0xaf, 0xad, 0xa6, 0xad, 0xa6, 0xaa, 0xae, 0xad, 0xa4, 0xaa, 0xac, 0xa9, 0xa3, 0xa3, 0xaa, 0xa9, 0xa4, 0xa3, 0xa4, 0xaa, 0xa4, 0xa4, 0xa4, 0xa4, 0xa3, 0xa9, 0xa4, 0xa4, 0xa6, 0xa6, 0xa6, 0xa5, 0xa5, 0xa6, 0xad, 0xc3, 0xaf, 0xa8, 0xb2, 0xb5, 0xbb, 0xba, 0xbb, 0xbb, 0xba, 0xba, 0xbc, 0xba, 0xb9, 0xe0, 0xea, 0xed, 0xee, 0xee, 0xee, 0xee, 0xf8, 0xf8, 0xed, 0xed, 0xed, 0xed, 0xee, 0xf8, 0xf8, 0xee, 0xee, 0xee, 0xee, 0xf8, 0xf8, 0xf9, 0xfe, 0xfe, 0xfe, 0xfd, 0xfc, 0xf7, 0xf6, 0xf5, 0xf1, 0xde, 0xd7, 0xd7, 0xd7, 0xd6, 0xd3, 0xd3, 0xd3, 0xd2, 0xd3, 0xd3, 0xd2, 0xd3, 0xd6, 0xd6, 0xd6, 0xd6, 0xd7, 0xd7, 0xd6, 0xd5, 0xd2, 0xd6, 0xd6, 0xd2, 0xd3, 0xd6, 0xd7, 0xd6, 0xd2, 0xd1, 0xc6, 0xb0, 0xa8, 0x90, 0x8f, 0x8d, 0x8d, 0x87, 0x86, 0x6c, 0x53, 0x26, 0x0b, 0x06, 0x06, 0x0b, 0x0f, 0x1b, 0x27, 0x1f, 0x1f, 0x1f, 0x1f, 0x1f, 0x1d, 0x1f, 0x27, 0x1f, 0x16, 0x16, 0x17, 0x17, 0x16, 0x16, 0x1d, 0x1d, 0x21, 0x2c, 0x3a, 0x3b, 0x46, 0x48, 0x46, 0x2c, 0x2c, 0x2e, 0x30, 0x3b, 0x30, 0x30, 0x46,
  0x41, 0x2f, 0x20, 0x0b, 0x06, 0x03, 0x03, 0x06, 0x03, 0x03, 0x06, 0x0d, 0x19, 0x1e, 0x31, 0x36, 0x34, 0x3a, 0x3b, 0x3a, 0x34, 0x34, 0x34, 0x28, 0x24, 0x28, 0x1b, 0x0a, 0x06, 0x06, 0x06, 0x07, 0x0d, 0x07, 0x07, 0x0a, 0x0e, 0x0d, 0x0e, 0x0a, 0x0d, 0x0a, 0x0a, 0x0d, 0x0b, 0x0f, 0x1b, 0x1f, 0x1f, 0x1f, 0x1f, 0x1f, 0x1b, 0x1b, 0x1f, 0x1f, 0x1f, 0x1a, 0x1a, 0x1a, 0x1f, 0x1a, 0x0f, 0x0f, 0x0e, 0x0d, 0x07, 0x07, 0x0d, 0x13, 0x27, 0x34, 0x2c, 0x3a, 0x54, 0x55, 0x59, 0x59, 0x55, 0x3d, 0x2c, 0x1f, 0x13, 0x0d, 0x06, 0x06, 0x05, 0x01, 0x00, 0x00, 0x00, 0x00, 0x01, 0x05, 0x0c, 0x0e, 0x1a, 0x1f, 0x27, 0x28, 0x28, 0x28, 0x28, 0x2c, 0x3b, 0x55, 0x59, 0x59, 0x67, 0x67, 0x51, 0x4d, 0x4d, 0x4f, 0x4a, 0x4c, 0x4c, 0x62, 0x6a, 0x70, 0x70, 0x6c, 0x2d, 0x20, 0x2d, 0x4c, 0x65, 0x6f, 0x84, 0x8d, 0xa5, 0xad, 0xaf, 0xb0, 0xb0, 0xad, 0xad, 0xa8, 0x90, 0x81, 0x6a, 0x62, 0x62, 0x70, 0x86, 0x8d, 0x9b, 0xa5, 0xa5, 0xa6, 0xad, 0xad, 0xa5, 0xa6, 0xad, 0xa6, 0xad, 0xaf, 0xb0, 0xad, 0xa6, 0xad, 0xad, 0xad, 0xaa, 0xaa, 0xac, 0xa9, 0xa4, 0xa4, 0xa3, 0xaa, 0xaa, 0xa6, 0xa4, 0xa4, 0xa6, 0xa4, 0xa4, 0xa4, 0xa2, 0xa3, 0xa9, 0xaa, 0xaa, 0xa6, 0xa5, 0xa6, 0xa6, 0xa6, 0xaf, 0xb0, 0xb0, 0xa8, 0xa8, 0xb7, 0xbd, 0xbe, 0xbc, 0xbb, 0xba, 0xba, 0xbc, 0xbf, 0xba, 0xba, 0xe7, 0xed, 0xee, 0xee, 0xee, 0xee, 0xf8, 0xee, 0xee, 0xee, 0xee, 0xee, 0xed, 0xee, 0xee, 0xee, 0xee, 0xee, 0xee, 0xee, 0xee, 0xee, 0xf8, 0xfa, 0xfb, 0xfe, 0xfe, 0xfc, 0xfc, 0xf6, 0xf6, 0xf4, 0xf1, 0xdd, 0xdc, 0xd7, 0xd6, 0xd3, 0xd2, 0xd2, 0xd2, 0xd3, 0xd3, 0xd3, 0xd3, 0xd5, 0xd2, 0xd2, 0xd5, 0xd6, 0xdc, 0xdc, 0xd6, 0xd2, 0xd2, 0xd2, 0xd2, 0xd6, 0xd7, 0xd6, 0xd6, 0xd6, 0xd2, 0xc6, 0xc3, 0xaf, 0xad, 0xad, 0xa8, 0xa8, 0xa5, 0x8f, 0x84, 0x6d, 0x4e, 0x24, 0x12, 0x0b, 0x0a, 0x0a, 0x0f, 0x1b, 0x1b, 0x1b, 0x1d, 0x1f, 0x27, 0x1f, 0x27, 0x1f, 0x1a, 0x16, 0x16, 0x16, 0x16, 0x16, 0x17, 0x1f, 0x1d, 0x27, 0x2c, 0x2c, 0x39, 0x39, 0x46, 0x47, 0x3b, 0x3b, 0x39, 0x2c, 0x30, 0x30, 0x30, 0x47,
  0x48, 0x42, 0x2c, 0x17, 0x12, 0x0b, 0x06, 0x06, 0x06, 0x07, 0x0a, 0x18, 0x35, 0x36, 0x36, 0x31, 0x31, 0x34, 0x34, 0x2c, 0x34, 0x2c, 0x28, 0x27, 0x1d, 0x17, 0x0d, 0x06, 0x07, 0x07, 0x07, 0x0e, 0x0e, 0x0d, 0x07, 0x0a, 0x0d, 0x0d, 0x0a, 0x06, 0x0a, 0x0a, 0x0f, 0x13, 0x13, 0x1b, 0x1f, 0x27, 0x27, 0x1f, 0x1f, 0x1f, 0x1f, 0x1b, 0x1f, 0x1b, 0x13, 0x0f, 0x0e, 0x0f, 0x1a, 0x13, 0x0d, 0x0f, 0x0f, 0x0d, 0x06, 0x07, 0x07, 0x12, 0x1f, 0x28, 0x34, 0x3d, 0x54, 0x54, 0x54, 0x54, 0x54, 0x3d, 0x34, 0x1f, 0x1a, 0x0d, 0x03, 0x08, 0x04, 0x01, 0x00, 0x00, 0x00, 0x00, 0x01, 0x04, 0x08, 0x07, 0x13, 0x1f, 0x27, 0x27, 0x28, 0x2c, 0x28, 0x28, 0x39, 0x54, 0x55, 0x59, 0x67, 0x67, 0x51, 0x4d, 0x64, 0x51, 0x4d, 0x50, 0x63, 0x63, 0x62, 0x6a, 0x70, 0x6d, 0x2d, 0x14, 0x20, 0x49, 0x65, 0x6f, 0x82, 0x8d, 0x90, 0xa8, 0xaf, 0xc2, 0xc3, 0xb0, 0xaf, 0xb0, 0xaf, 0x8f, 0x8d, 0x84, 0x82, 0x87, 0x8d, 0x8d, 0x90, 0xa5, 0xa5, 0xa6, 0xa6, 0xa6, 0xa5, 0xad, 0xaf, 0xaf, 0xaf, 0xad, 0xaf, 0xaf, 0xad, 0xae, 0xae, 0xad, 0xad, 0xac, 0xaa, 0xa4, 0xa4, 0xaa, 0xa9, 0xaa, 0xaa, 0xa4, 0xa2, 0xa2, 0xa2, 0xa2, 0xa2, 0xa2, 0xa2, 0xa2, 0xa2, 0xaa, 0xa6, 0xa2, 0xa2, 0xa6, 0xa6, 0xad, 0xb0, 0xb0, 0xaf, 0xa8, 0xb7, 0xc8, 0xcc, 0xbe, 0xbe, 0xbe, 0xbe, 0xbb, 0xbc, 0xba, 0xbc, 0xe7, 0xea, 0xed, 0xed, 0xee, 0xee, 0xee, 0xee, 0xee, 0xee, 0xf8, 0xee, 0xee, 0xee, 0xee, 0xee, 0xee, 0xee, 0xee, 0xee, 0xee, 0xf8, 0xf9, 0xfb, 0xff, 0xff, 0xff, 0xff, 0xfe, 0xfe, 0xf9, 0xf6, 0xf6, 0xf5, 0xf1, 0xda, 0xdc, 0xdc, 0xd5, 0xd5, 0xd2, 0xd2, 0xd3, 0xd3, 0xd3, 0xd7, 0xd6, 0xd5, 0xd5, 0xd6, 0xd7, 0xd6, 0xd6, 0xd6, 0xd6, 0xd2, 0xd2, 0xd6, 0xdc, 0xdc, 0xdc, 0xd6, 0xd7, 0xd2, 0xc9, 0xc6, 0xb0, 0xb0, 0xc3, 0xb0, 0xaf, 0xaf, 0xaf, 0x90, 0x87, 0x6d, 0x4e, 0x2b, 0x16, 0x0e, 0x0a, 0x0a, 0x0f, 0x13, 0x1b, 0x16, 0x1d, 0x1d, 0x1d, 0x1f, 0x1b, 0x16, 0x16, 0x1f, 0x1d, 0x16, 0x16, 0x17, 0x1d, 0x27, 0x34, 0x28, 0x28, 0x39, 0x3b, 0x39, 0x3b, 0x47, 0x47, 0x3b, 0x39, 0x47, 0x3b, 0x30, 0x42,
  0x57, 0x48, 0x39, 0x28, 0x27, 0x1f, 0x16, 0x12, 0x12, 0x13, 0x31, 0x35, 0x36, 0x36, 0x36, 0x1f, 0x1d, 0x21, 0x21, 0x27, 0x27, 0x27, 0x27, 0x1f, 0x1d, 0x13, 0x07, 0x07, 0x07, 0x07, 0x0e, 0x0f, 0x0e, 0x0e, 0x0e, 0x0d, 0x07, 0x06, 0x03, 0x06, 0x0d, 0x13, 0x1b, 0x1f, 0x1d, 0x27, 0x27, 0x27, 0x27, 0x1f, 0x1f, 0x1a, 0x0f, 0x0e, 0x0f, 0x0f, 0x0d, 0x0a, 0x0d, 0x0e, 0x0e, 0x0d, 0x07, 0x0a, 0x07, 0x07, 0x06, 0x06, 0x06, 0x0a, 0x13, 0x1b, 0x27, 0x3d, 0x3d, 0x3a, 0x3a, 0x34, 0x34, 0x34, 0x31, 0x1e, 0x18, 0x0c, 0x05, 0x04, 0x01, 0x00, 0x00, 0x00, 0x00, 0x00, 0x00, 0x01, 0x04, 0x07, 0x0e, 0x13, 0x1d, 0x1f, 0x27, 0x28, 0x27, 0x24, 0x28, 0x39, 0x54, 0x59, 0x59, 0x67, 0x58, 0x67, 0x67, 0x50, 0x63, 0x69, 0x6c, 0x6d, 0x65, 0x6a, 0x7b, 0x7b, 0x40, 0x14, 0x20, 0x2d, 0x68, 0x6d, 0x84, 0x8d, 0x8f, 0xa5, 0xb0, 0xc2, 0xc4, 0xc2, 0xc2, 0xb0, 0xaf, 0xa8, 0xa5, 0x90, 0x8f, 0x8f, 0x8f, 0x90, 0x8c, 0x90, 0xa5, 0xad, 0xa6, 0xa6, 0xad, 0xaf, 0xad, 0xad, 0xaf, 0xb0, 0xb0, 0xb0, 0xaf, 0xad, 0xad, 0xad, 0xac, 0xac, 0xaa, 0xa4, 0xa9, 0xaa, 0xaa, 0xaa, 0xa4, 0xa1, 0xa2, 0xa2, 0x8c, 0xa4, 0xa4, 0xa2, 0xa1, 0xa2, 0xa2, 0xa2, 0xa2, 0xa2, 0xa5, 0xa6, 0xa6, 0xad, 0xaf, 0xad, 0xa6, 0xaf, 0xb7, 0xce, 0xe3, 0xe1, 0xe1, 0xdf, 0xcd, 0xdf, 0xbf, 0xbc, 0xe2, 0xec, 0xed, 0xed, 0xee, 0xee, 0xee, 0xee, 0xee, 0xee, 0xee, 0xee, 0xee, 0xed, 0xee, 0xee, 0xee, 0xee, 0xee, 0xee, 0xee, 0xee, 0xf8, 0xfa, 0xfa, 0xfb, 0xff, 0xff, 0xfb, 0xfb, 0xfb, 0xf9, 0xf9, 0xf6, 0xf6, 0xf4, 0xf1, 0xdd, 0xde, 0xdc, 0xd5, 0xd5, 0xd5, 0xd1, 0xd3, 0xd3, 0xd7, 0xd6, 0xd5, 0xd5, 0xd6, 0xd6, 0xd7, 0xd6, 0xd6, 0xd6, 0xd6, 0xd5, 0xdc, 0xdc, 0xdc, 0xdc, 0xd5, 0xd6, 0xd6, 0xd5, 0xd2, 0xca, 0xca, 0xc6, 0xc6, 0xc6, 0xc6, 0xc3, 0xaf, 0x90, 0x8d, 0x7c, 0x4e, 0x29, 0x16, 0x0b, 0x0a, 0x0a, 0x0a, 0x13, 0x1a, 0x1b, 0x1d, 0x1d, 0x1b, 0x1b, 0x16, 0x1b, 0x1f, 0x1d, 0x1d, 0x1d, 0x1d, 0x1d, 0x27, 0x2c, 0x28, 0x28, 0x34, 0x3b, 0x39, 0x2c, 0x2c, 0x30, 0x3b, 0x47, 0x30, 0x3b, 0x30, 0x30,
  0x57, 0x57, 0x48, 0x39, 0x39, 0x3a, 0x2c, 0x24, 0x17, 0x25, 0x34, 0x39, 0x3d, 0x3d, 0x28, 0x12, 0x16, 0x17, 0x1d, 0x27, 0x27, 0x1f, 0x27, 0x1f, 0x12, 0x0b, 0x0a, 0x0d, 0x07, 0x07, 0x0d, 0x0f, 0x0e, 0x0e, 0x0d, 0x07, 0x06, 0x06, 0x06, 0x0d, 0x12, 0x1b, 0x1f, 0x1f, 0x1f, 0x27, 0x27, 0x1f, 0x1f, 0x1b, 0x1b, 0x13, 0x0f, 0x07, 0x0d, 0x0e, 0x0e, 0x0d, 0x0d, 0x0a, 0x0a, 0x0d, 0x0d, 0x0d, 0x07, 0x06, 0x06, 0x06, 0x07, 0x0a, 0x0a, 0x0f, 0x1b, 0x27, 0x27, 0x27, 0x27, 0x1f, 0x1d, 0x17, 0x18, 0x0c, 0x08, 0x04, 0x01, 0x00, 0x00, 0x00, 0x00, 0x00, 0x00, 0x00, 0x00, 0x00, 0x04, 0x03, 0x06, 0x0d, 0x13, 0x16, 0x27, 0x28, 0x27, 0x1d, 0x21, 0x28, 0x39, 0x47, 0x48, 0x4f, 0x58, 0x64, 0x67, 0x68, 0x68, 0x6b, 0x68, 0x6d, 0x6b, 0x6a, 0x7b, 0x79, 0x2d, 0x20, 0x20, 0x2d, 0x66, 0x6b, 0x82, 0x8d, 0x90, 0xa5, 0xad, 0xc2, 0xc4, 0xc4, 0xc3, 0xc2, 0xaf, 0xaf, 0xaf, 0xa5, 0x90, 0xa5, 0xa5, 0xa2, 0xa2, 0xa5, 0xa6, 0xad, 0xb0, 0xae, 0xad, 0xad, 0xb0, 0xb0, 0xb0, 0xc3, 0xc3, 0xc3, 0xc2, 0xad, 0xaa, 0xad, 0xac, 0xac, 0xaa, 0xa4, 0xa9, 0xaa, 0xaa, 0xa4, 0xa2, 0xa1, 0xa2, 0xa2, 0xa1, 0xa2, 0xa2, 0xa2, 0x8c, 0xa2, 0xa2, 0x8c, 0xa1, 0xa2, 0xa6, 0xa6, 0xa6, 0xaa, 0xa6, 0xa6, 0xa6, 0xaf, 0xc3, 0xcb, 0xe6, 0xf2, 0xeb, 0xe9, 0xe4, 0xe4, 0xe9, 0xe7, 0xea, 0xed, 0xee, 0xed, 0xee, 0xee, 0xee, 0xee, 0xee, 0xee, 0xee, 0xee, 0xee, 0xee, 0xee, 0xee, 0xee, 0xee, 0xee, 0xee, 0xee, 0xee, 0xee, 0xf8, 0xfa, 0xfa, 0xfa, 0xfb, 0xfa, 0xfa, 0xfa, 0xfa, 0xf9, 0xf9, 0xf7, 0xf2, 0xf5, 0xf1, 0xdd, 0xdc, 0xda, 0xd5, 0xd5, 0xd1, 0xd3, 0xd3, 0xd7, 0xd6, 0xd5, 0xd5, 0xd6, 0xd6, 0xd6, 0xd6, 0xdc, 0xdc, 0xda, 0xda, 0xdc, 0xde, 0xde, 0xde, 0xdc, 0xdc, 0xd6, 0xd5, 0xd5, 0xd2, 0xcb, 0xcb, 0xcb, 0xcb, 0xd1, 0xca, 0xc3, 0xaf, 0xa5, 0x8d, 0x6d, 0x49, 0x22, 0x12, 0x0a, 0x06, 0x06, 0x0b, 0x13, 0x13, 0x1a, 0x1b, 0x1f, 0x1f, 0x1a, 0x16, 0x1b, 0x17, 0x17, 0x1d, 0x1d, 0x1d, 0x27, 0x27, 0x27, 0x24, 0x2a, 0x34, 0x39, 0x39, 0x2a, 0x2c, 0x39, 0x30, 0x2c, 0x30, 0x30, 0x2e,
  0x4e, 0x4e, 0x4e, 0x43, 0x30, 0x45, 0x39, 0x24, 0x24, 0x2a, 0x2a, 0x2b, 0x2f, 0x3a, 0x28, 0x16, 0x16, 0x17, 0x1d, 0x27, 0x27, 0x1f, 0x27, 0x1a, 0x0a, 0x06, 0x07, 0x0d, 0x0d, 0x07, 0x0e, 0x0f, 0x0e, 0x0e, 0x0a, 0x06, 0x06, 0x0d, 0x0e, 0x13, 0x1a, 0x1b, 0x1d, 0x1d, 0x1d, 0x1f, 0x1f, 0x1a, 0x13, 0x0f, 0x0f, 0x0e, 0x0e, 0x07, 0x07, 0x0d, 0x0e, 0x0e, 0x0e, 0x0e, 0x0e, 0x0d, 0x0d, 0x0d, 0x07, 0x07, 0x07, 0x07, 0x07, 0x07, 0x0d, 0x0f, 0x0f, 0x0f, 0x13, 0x13, 0x13, 0x13, 0x12, 0x12, 0x0d, 0x0c, 0x05, 0x01, 0x00, 0x00, 0x00, 0x00, 0x00, 0x00, 0x00, 0x00, 0x00, 0x01, 0x04, 0x02, 0x02, 0x06, 0x12, 0x16, 0x1d, 0x27, 0x1f, 0x1d, 0x17, 0x21, 0x28, 0x39, 0x42, 0x48, 0x4f, 0x67, 0x69, 0x6c, 0x6d, 0x6b, 0x6b, 0x6b, 0x6b, 0x6b, 0x6d, 0x73, 0x2d, 0x14, 0x14, 0x2b, 0x66, 0x6b, 0x82, 0x8d, 0xa2, 0xa2, 0xaa, 0xc1, 0xc2, 0xc5, 0xc3, 0xc3, 0xaf, 0xaf, 0xaf, 0xad, 0xa5, 0xa6, 0xa5, 0xa2, 0xa4, 0xa2, 0xa5, 0xa6, 0xad, 0xae, 0xad, 0xad, 0xaf, 0xc3, 0xc3, 0xc3, 0xc3, 0xc6, 0xc3, 0xae, 0xad, 0xad, 0xac, 0xac, 0xaa, 0xa3, 0xa4, 0xaa, 0xa9, 0xa3, 0xa2, 0xa2, 0xa2, 0xa2, 0xa2, 0xa2, 0xa2, 0x8c, 0x8b, 0x8a, 0x8a, 0x89, 0x8b, 0xa2, 0xa4, 0xa4, 0xa2, 0xa4, 0xaa, 0xac, 0xae, 0xc2, 0xc3, 0xc9, 0xf0, 0xf5, 0xf6, 0xf6, 0xf6, 0xf6, 0xf6, 0xf3, 0xf3, 0xf8, 0xf8, 0xee, 0xee, 0xf8, 0xee, 0xee, 0xee, 0xee, 0xee, 0xee, 0xee, 0xee, 0xf8, 0xee, 0xee, 0xee, 0xee, 0xee, 0xee, 0xee, 0xee, 0xee, 0xfa, 0xfb, 0xfb, 0xfb, 0xfe, 0xfa, 0xfa, 0xfa, 0xfa, 0xf9, 0xf9, 0xf3, 0xf6, 0xf2, 0xdb, 0xdd, 0xdc, 0xd6, 0xd5, 0xd2, 0xd3, 0xd7, 0xd7, 0xd7, 0xd6, 0xd6, 0xd7, 0xd7, 0xd6, 0xd6, 0xd7, 0xdc, 0xdc, 0xdc, 0xdc, 0xde, 0xde, 0xde, 0xde, 0xde, 0xd6, 0xd5, 0xdc, 0xd5, 0xd4, 0xd2, 0xd4, 0xd4, 0xd2, 0xcb, 0xc6, 0xb0, 0xad, 0x90, 0x8d, 0x70, 0x49, 0x22, 0x12, 0x0a, 0x06, 0x0a, 0x0f, 0x0f, 0x13, 0x1a, 0x1b, 0x1f, 0x1b, 0x17, 0x1d, 0x1d, 0x1d, 0x1d, 0x1d, 0x1f, 0x1f, 0x1d, 0x21, 0x24, 0x28, 0x2a, 0x34, 0x34, 0x2c, 0x30, 0x39, 0x30, 0x2a, 0x30, 0x30, 0x2e,
  0x4b, 0x49, 0x4b, 0x43, 0x2e, 0x42, 0x30, 0x2a, 0x2f, 0x39, 0x2f, 0x2a, 0x2a, 0x34, 0x28, 0x21, 0x1d, 0x27, 0x27, 0x27, 0x27, 0x1f, 0x1b, 0x0f, 0x06, 0x0a, 0x0a, 0x0d, 0x0d, 0x0d, 0x0e, 0x0f, 0x0e, 0x0e, 0x0a, 0x06, 0x06, 0x0d, 0x0f, 0x1a, 0x1f, 0x1d, 0x1f, 0x27, 0x27, 0x1f, 0x1b, 0x12, 0x0a, 0x0a, 0x0a, 0x0d, 0x0d, 0x0f, 0x0f, 0x0e, 0x0f, 0x0f, 0x0f, 0x13, 0x13, 0x0f, 0x0d, 0x0d, 0x07, 0x0d, 0x0d, 0x07, 0x07, 0x07, 0x0d, 0x0f, 0x0f, 0x0e, 0x0d, 0x0e, 0x0e, 0x0e, 0x0f, 0x0d, 0x0b, 0x0c, 0x04, 0x00, 0x00, 0x00, 0x00, 0x00, 0x00, 0x00, 0x00, 0x00, 0x00, 0x01, 0x02, 0x02, 0x02, 0x03, 0x0a, 0x12, 0x16, 0x1b, 0x1b, 0x1d, 0x21, 0x17, 0x24, 0x30, 0x30, 0x42, 0x43, 0x67, 0x6d, 0x79, 0x6d, 0x6b, 0x6d, 0x6d, 0x6b, 0x65, 0x6d, 0x73, 0x44, 0x14, 0x14, 0x24, 0x56, 0x6b, 0x81, 0x89, 0xa2, 0xa4, 0xa9, 0xae, 0xc2, 0xc5, 0xc3, 0xc3, 0xc3, 0xb0, 0xc3, 0xb0, 0xad, 0xae, 0xad, 0xaa, 0xad, 0xa6, 0xa6, 0xa6, 0xaa, 0xad, 0xb0, 0xb0, 0xb0, 0xb0, 0xb0, 0xc3, 0xc3, 0xc3, 0xc2, 0xae, 0xae, 0xad, 0xac, 0xac, 0xa4, 0xa1, 0xa1, 0xaa, 0xaa, 0xa4, 0xa4, 0xa2, 0xa2, 0x8c, 0x8c, 0xa5, 0xa2, 0x8c, 0x8a, 0x83, 0x83, 0x83, 0x8a, 0xa1, 0xa2, 0xa4, 0xa4, 0xa9, 0xac, 0xac, 0xae, 0xc2, 0xb0, 0xc8, 0xdd, 0xf4, 0xf5, 0xf6, 0xf6, 0xf7, 0xf6, 0xf3, 0xf9, 0xf9, 0xf9, 0xf9, 0xf9, 0xf9, 0xf8, 0xf8, 0xf8, 0xee, 0xee, 0xf8, 0xf8, 0xee, 0xf8, 0xf8, 0xee, 0xee, 0xf8, 0xee, 0xee, 0xee, 0xee, 0xf8, 0xfa, 0xfb, 0xfb, 0xfe, 0xfe, 0xfe, 0xfa, 0xfa, 0xfa, 0xfa, 0xf9, 0xf9, 0xf3, 0xf2, 0xf1, 0xf1, 0xf1, 0xdd, 0xd6, 0xd2, 0xd3, 0xd7, 0xd7, 0xd7, 0xd6, 0xd6, 0xd7, 0xdc, 0xd6, 0xd5, 0xd6, 0xdc, 0xde, 0xde, 0xde, 0xdc, 0xdc, 0xde, 0xde, 0xde, 0xde, 0xdc, 0xde, 0xda, 0xda, 0xda, 0xda, 0xd4, 0xd4, 0xd4, 0xc6, 0xb0, 0xae, 0xa6, 0x8f, 0x87, 0x6f, 0x57, 0x28, 0x12, 0x0b, 0x0a, 0x0a, 0x0d, 0x0f, 0x1a, 0x1a, 0x1b, 0x1b, 0x16, 0x16, 0x1b, 0x1d, 0x1d, 0x17, 0x1d, 0x1d, 0x1d, 0x1f, 0x24, 0x21, 0x21, 0x28, 0x2a, 0x39, 0x39, 0x2c, 0x30, 0x30, 0x30, 0x30, 0x42,
  0x4b, 0x43, 0x48, 0x48, 0x43, 0x4e, 0x45, 0x2e, 0x42, 0x48, 0x3b, 0x2c, 0x2c, 0x34, 0x28, 0x28, 0x27, 0x28, 0x28, 0x1f, 0x1d, 0x1d, 0x13, 0x0b, 0x0a, 0x0d, 0x0d, 0x0d, 0x0d, 0x0e, 0x0e, 0x07, 0x07, 0x0d, 0x07, 0x07, 0x07, 0x07, 0x0f, 0x1a, 0x1f, 0x1a, 0x1b, 0x27, 0x27, 0x1a, 0x0f, 0x0b, 0x0a, 0x0a, 0x0e, 0x13, 0x13, 0x1b, 0x1a, 0x13, 0x13, 0x0f, 0x0d, 0x0e, 0x1a, 0x18, 0x0a, 0x06, 0x06, 0x07, 0x07, 0x07, 0x06, 0x07, 0x07, 0x0d, 0x0e, 0x0e, 0x0a, 0x0d, 0x0e, 0x0e, 0x0b, 0x0b, 0x08, 0x04, 0x01, 0x00, 0x00, 0x00, 0x00, 0x00, 0x00, 0x00, 0x00, 0x00, 0x00, 0x02, 0x02, 0x02, 0x02, 0x02, 0x03, 0x0a, 0x13, 0x1a, 0x16, 0x1d, 0x21, 0x21, 0x21, 0x2a, 0x30, 0x40, 0x43, 0x67, 0x6d, 0x79, 0x68, 0x63, 0x6d, 0x70, 0x6b, 0x6a, 0x6f, 0x73, 0x44, 0x14, 0x10, 0x1c, 0x44, 0x62, 0x6f, 0x83, 0x8b, 0xa2, 0xa5, 0xad, 0xb0, 0xc2, 0xc2, 0xae, 0xc3, 0xca, 0xc6, 0xc3, 0xc3, 0xc3, 0xc3, 0xb0, 0xb0, 0xb0, 0xad, 0xad, 0xaa, 0xad, 0xb0, 0xc3, 0xc2, 0xb0, 0xb0, 0xc3, 0xb0, 0xb0, 0xad, 0xaa, 0xaa, 0xaa, 0xad, 0xa6, 0xa4, 0xa2, 0xa2, 0xa6, 0xa4, 0xa2, 0xa2, 0xa2, 0x8b, 0x8a, 0x8b, 0x8b, 0x8b, 0x8b, 0x89, 0x83, 0x83, 0x83, 0x8a, 0x8c, 0xa2, 0xa6, 0xa4, 0xa4, 0xae, 0xac, 0xae, 0xae, 0xad, 0xc3, 0xd5, 0xde, 0xf4, 0xf5, 0xf5, 0xf6, 0xf6, 0xf7, 0xfd, 0xfe, 0xfe, 0xf9, 0xfe, 0xfe, 0xf9, 0xf9, 0xf9, 0xf9, 0xf8, 0xf8, 0xf8, 0xee, 0xf8, 0xf8, 0xee, 0xee, 0xee, 0xee, 0xf8, 0xee, 0xf8, 0xfa, 0xfa, 0xfa, 0xfb, 0xfb, 0xfa, 0xfa, 0xfb, 0xfb, 0xfb, 0xfb, 0xfe, 0xfe, 0xf9, 0xf3, 0xf6, 0xf2, 0xf4, 0xf1, 0xdd, 0xd4, 0xd5, 0xd6, 0xd6, 0xdc, 0xda, 0xd6, 0xd6, 0xd6, 0xd5, 0xd3, 0xd7, 0xde, 0xde, 0xde, 0xde, 0xdd, 0xdc, 0xdd, 0xdd, 0xdd, 0xde, 0xde, 0xde, 0xdd, 0xdc, 0xdc, 0xdd, 0xda, 0xd5, 0xd4, 0xc9, 0xc3, 0xae, 0xae, 0xa6, 0x90, 0x89, 0x6f, 0x4c, 0x29, 0x14, 0x0a, 0x06, 0x07, 0x0e, 0x0d, 0x0f, 0x1b, 0x1f, 0x1a, 0x13, 0x13, 0x1a, 0x1a, 0x17, 0x1d, 0x1f, 0x27, 0x27, 0x1d, 0x17, 0x1d, 0x1d, 0x27, 0x34, 0x34, 0x28, 0x28, 0x2c, 0x2c, 0x39, 0x3a,
  0x40, 0x40, 0x43, 0x48, 0x48, 0x4f, 0x46, 0x42, 0x42, 0x39, 0x39, 0x28, 0x27, 0x27, 0x1d, 0x27, 0x2c, 0x28, 0x28, 0x1d, 0x17, 0x16, 0x0f, 0x0a, 0x0d, 0x13, 0x13, 0x0d, 0x0d, 0x0e, 0x0d, 0x07, 0x07, 0x0d, 0x0d, 0x0d, 0x07, 0x0d, 0x1a, 0x1b, 0x1f, 0x1a, 0x16, 0x1a, 0x1a, 0x0f, 0x0a, 0x0a, 0x0b, 0x12, 0x1a, 0x1b, 0x1a, 0x13, 0x0e, 0x07, 0x07, 0x07, 0x07, 0x06, 0x0d, 0x0a, 0x03, 0x03, 0x03, 0x03, 0x06, 0x03, 0x03, 0x03, 0x03, 0x06, 0x07, 0x0d, 0x0a, 0x0d, 0x0e, 0x0d, 0x0a, 0x0a, 0x06, 0x02, 0x01, 0x00, 0x00, 0x00, 0x00, 0x00, 0x00, 0x00, 0x00, 0x01, 0x04, 0x03, 0x06, 0x03, 0x02, 0x02, 0x03, 0x06, 0x0d, 0x13, 0x16, 0x1d, 0x28, 0x28, 0x28, 0x2a, 0x42, 0x4a, 0x4d, 0x67, 0x69, 0x65, 0x65, 0x6b, 0x6d, 0x6b, 0x6b, 0x6a, 0x6b, 0x6c, 0x44, 0x14, 0x09, 0x15, 0x33, 0x49, 0x6b, 0x81, 0x89, 0x8a, 0x90, 0xaf, 0xb0, 0xc2, 0xc1, 0xc1, 0xc2, 0xc3, 0xc3, 0xc3, 0xb0, 0xb0, 0xb0, 0xaf, 0xb0, 0xc3, 0xc3, 0xb0, 0xad, 0xad, 0xb0, 0xc3, 0xc2, 0xaf, 0xad, 0xad, 0xad, 0xae, 0xaa, 0xa9, 0xa4, 0xa9, 0xa6, 0xa6, 0xa6, 0xa6, 0xa5, 0xa2, 0xa1, 0xa1, 0x8b, 0x8a, 0x89, 0x89, 0x8b, 0x89, 0x89, 0x8a, 0x83, 0x83, 0x89, 0x8a, 0x8b, 0x8b, 0x8c, 0xa4, 0xa2, 0xa1, 0xa9, 0xac, 0xaa, 0xaa, 0xad, 0xb0, 0xca, 0xd2, 0xd7, 0xdd, 0xf1, 0xf5, 0xf5, 0xf6, 0xf7, 0xfc, 0xfc, 0xfe, 0xfe, 0xfe, 0xfe, 0xfe, 0xfb, 0xfa, 0xfa, 0xfa, 0xf8, 0xf8, 0xee, 0xee, 0xf8, 0xee, 0xee, 0xf8, 0xf8, 0xf8, 0xf8, 0xf9, 0xf8, 0xf8, 0xfa, 0xff, 0xfb, 0xfa, 0xfa, 0xfa, 0xfa, 0xfa, 0xfa, 0xfa, 0xf9, 0xf8, 0xf3, 0xf6, 0xf6, 0xf2, 0xef, 0xf1, 0xde, 0xd4, 0xd5, 0xde, 0xdc, 0xdc, 0xdc, 0xd6, 0xd5, 0xd3, 0xd7, 0xdc, 0xde, 0xde, 0xde, 0xde, 0xde, 0xde, 0xde, 0xdd, 0xde, 0xde, 0xde, 0xde, 0xdc, 0xdc, 0xdd, 0xdd, 0xda, 0xd4, 0xd1, 0xc7, 0xc5, 0xc2, 0xae, 0xad, 0x90, 0x84, 0x6b, 0x49, 0x24, 0x0b, 0x06, 0x06, 0x07, 0x07, 0x0e, 0x1a, 0x1f, 0x1a, 0x1a, 0x1a, 0x1a, 0x1b, 0x1d, 0x1d, 0x1d, 0x27, 0x27, 0x1f, 0x1d, 0x1d, 0x1d, 0x1f, 0x28, 0x28, 0x24, 0x28, 0x28, 0x28, 0x2c, 0x34,
  0x40, 0x40, 0x41, 0x41, 0x41, 0x46, 0x45, 0x42, 0x42, 0x30, 0x2c, 0x21, 0x12, 0x0b, 0x12, 0x1d, 0x27, 0x28, 0x28, 0x27, 0x1d, 0x16, 0x0d, 0x0a, 0x0d, 0x0f, 0x13, 0x0f, 0x0e, 0x0e, 0x0d, 0x07, 0x07, 0x0d, 0x0d, 0x0d, 0x07, 0x0d, 0x1a, 0x13, 0x1a, 0x13, 0x12, 0x0f, 0x0d, 0x0a, 0x0a, 0x0f, 0x1a, 0x1a, 0x1a, 0x1a, 0x1a, 0x0f, 0x06, 0x03, 0x03, 0x03, 0x06, 0x06, 0x07, 0x06, 0x02, 0x03, 0x03, 0x06, 0x06, 0x03, 0x06, 0x06, 0x03, 0x03, 0x0a, 0x0d, 0x0d, 0x0e, 0x0f, 0x0e, 0x0a, 0x07, 0x03, 0x02, 0x04, 0x01, 0x00, 0x00, 0x00, 0x00, 0x00, 0x01, 0x05, 0x05, 0x0c, 0x0d, 0x0a, 0x06, 0x03, 0x02, 0x02, 0x03, 0x06, 0x0b, 0x13, 0x1d, 0x21, 0x28, 0x2c, 0x2e, 0x30, 0x4f, 0x51, 0x67, 0x67, 0x50, 0x63, 0x68, 0x68, 0x6b, 0x6a, 0x6a, 0x6b, 0x6c, 0x56, 0x20, 0x10, 0x15, 0x26, 0x40, 0x62, 0x6f, 0x83, 0x8d, 0x90, 0xa5, 0xad, 0xc3, 0xc2, 0xc1, 0xc2, 0xb0, 0xc3, 0xc6, 0xc3, 0xc3, 0xc2, 0xb0, 0xb0, 0xc3, 0xc2, 0xb0, 0xc2, 0xc2, 0xb0, 0xb0, 0xb0, 0xad, 0xa6, 0xa5, 0xa6, 0xa6, 0xaa, 0xaa, 0xaa, 0xaa, 0xa9, 0xa4, 0xa4, 0xa2, 0xa2, 0xa2, 0x8b, 0x8c, 0x89, 0x83, 0x6e, 0x6e, 0x83, 0x83, 0x83, 0x83, 0x83, 0x83, 0x83, 0x8a, 0xa2, 0x8b, 0x8b, 0xa2, 0xa6, 0xa1, 0xa3, 0xab, 0xa9, 0xa9, 0xac, 0xad, 0xad, 0xb0, 0xc3, 0xc9, 0xd2, 0xda, 0xf1, 0xf4, 0xf6, 0xf6, 0xf7, 0xfd, 0xfc, 0xfc, 0xfe, 0xfe, 0xfe, 0xfe, 0xfb, 0xfe, 0xf9, 0xf9, 0xee, 0xee, 0xf8, 0xee, 0xf8, 0xf8, 0xf8, 0xf9, 0xf8, 0xf8, 0xee, 0xee, 0xf8, 0xfb, 0xfb, 0xfa, 0xfa, 0xfa, 0xfa, 0xfa, 0xfb, 0xfb, 0xfb, 0xfb, 0xf9, 0xf9, 0xf3, 0xf6, 0xf6, 0xf5, 0xdd, 0xd4, 0xde, 0xde, 0xdc, 0xdc, 0xd6, 0xdc, 0xdc, 0xd7, 0xd7, 0xd6, 0xdc, 0xdc, 0xdc, 0xde, 0xde, 0xde, 0xde, 0xdd, 0xdc, 0xda, 0xdc, 0xdc, 0xda, 0xdc, 0xde, 0xde, 0xda, 0xd5, 0xd3, 0xd1, 0xd0, 0xc7, 0xc1, 0xad, 0xa5, 0x90, 0x84, 0x70, 0x4e, 0x22, 0x12, 0x0a, 0x0d, 0x0e, 0x13, 0x13, 0x13, 0x1a, 0x13, 0x13, 0x13, 0x16, 0x17, 0x17, 0x17, 0x17, 0x1d, 0x1d, 0x1d, 0x16, 0x16, 0x1d, 0x28, 0x34, 0x28, 0x28, 0x28, 0x28, 0x34, 0x3a,
  0x43, 0x40, 0x41, 0x43, 0x41, 0x42, 0x42, 0x42, 0x42, 0x39, 0x2c, 0x17, 0x0b, 0x06, 0x0a, 0x13, 0x1d, 0x27, 0x27, 0x27, 0x1f, 0x12, 0x06, 0x0a, 0x13, 0x13, 0x13, 0x0f, 0x0f, 0x0e, 0x0d, 0x0d, 0x07, 0x0a, 0x0d, 0x0d, 0x07, 0x0d, 0x0f, 0x0f, 0x0f, 0x0d, 0x0b, 0x0a, 0x0b, 0x0e, 0x13, 0x1b, 0x1f, 0x1a, 0x0d, 0x0b, 0x0a, 0x06, 0x03, 0x02, 0x02, 0x02, 0x03, 0x0a, 0x18, 0x18, 0x12, 0x0b, 0x0d, 0x0d, 0x07, 0x06, 0x07, 0x07, 0x07, 0x0d, 0x18, 0x0f, 0x0e, 0x0d, 0x07, 0x07, 0x07, 0x07, 0x06, 0x06, 0x03, 0x02, 0x01, 0x01, 0x01, 0x01, 0x05, 0x0c, 0x0c, 0x0d, 0x0f, 0x13, 0x0f, 0x06, 0x06, 0x03, 0x03, 0x03, 0x06, 0x06, 0x0f, 0x1d, 0x28, 0x28, 0x39, 0x48, 0x4f, 0x4f, 0x58, 0x67, 0x64, 0x50, 0x50, 0x65, 0x65, 0x6b, 0x6d, 0x6f, 0x6d, 0x6c, 0x66, 0x22, 0x09, 0x10, 0x1c, 0x29, 0x4c, 0x6f, 0x81, 0x84, 0x90, 0x90, 0xad, 0xc2, 0xae, 0xb0, 0xc3, 0xb0, 0xc3, 0xc6, 0xc6, 0xca, 0xca, 0xc3, 0xc3, 0xc3, 0xb0, 0xae, 0xb0, 0xc2, 0xc2, 0xb0, 0xad, 0xad, 0xa6, 0xa2, 0xa6, 0xa4, 0xa2, 0xa3, 0xa3, 0xa1, 0xa2, 0xa2, 0xa2, 0xa1, 0x8a, 0x8a, 0x8a, 0x89, 0x83, 0x81, 0x6a, 0x6a, 0x6e, 0x6a, 0x6e, 0x6e, 0x81, 0x84, 0x89, 0x89, 0x8a, 0x89, 0x89, 0xa1, 0xa5, 0xa2, 0xa3, 0xa9, 0xa9, 0xab, 0xab, 0xaa, 0xaa, 0xaa, 0xad, 0xb0, 0xb0, 0xc3, 0xc9, 0xd2, 0xda, 0xef, 0xf1, 0xf5, 0xf6, 0xf6, 0xf7, 0xfd, 0xfc, 0xfe, 0xfe, 0xfe, 0xfe, 0xf9, 0xee, 0xf8, 0xf8, 0xf8, 0xf9, 0xf9, 0xf9, 0xf9, 0xee, 0xee, 0xee, 0xee, 0xf8, 0xfa, 0xfa, 0xfa, 0xfa, 0xfa, 0xfa, 0xfa, 0xff, 0xff, 0xff, 0xff, 0xff, 0xfb, 0xf9, 0xfc, 0xfd, 0xf5, 0xf1, 0xdd, 0xde, 0xde, 0xdc, 0xd6, 0xd5, 0xd6, 0xd6, 0xd7, 0xd7, 0xd7, 0xdc, 0xdc, 0xdc, 0xdd, 0xde, 0xde, 0xde, 0xde, 0xdc, 0xda, 0xdd, 0xde, 0xdd, 0xdd, 0xde, 0xde, 0xda, 0xd5, 0xd5, 0xd3, 0xd3, 0xd1, 0xc6, 0xc3, 0xb0, 0xa8, 0x90, 0x8d, 0x79, 0x45, 0x23, 0x0b, 0x0d, 0x0e, 0x0e, 0x0e, 0x0e, 0x0e, 0x0f, 0x13, 0x1b, 0x17, 0x17, 0x17, 0x17, 0x17, 0x1d, 0x1d, 0x1d, 0x1b, 0x1b, 0x17, 0x24, 0x2c, 0x28, 0x28, 0x28, 0x34, 0x34, 0x2c,
  0x43, 0x41, 0x41, 0x43, 0x45, 0x42, 0x45, 0x45, 0x42, 0x30, 0x2c, 0x17, 0x06, 0x06, 0x06, 0x0b, 0x1a, 0x31, 0x31, 0x27, 0x1f, 0x0f, 0x0a, 0x0f, 0x1a, 0x13, 0x12, 0x0f, 0x13, 0x0d, 0x0d, 0x0e, 0x07, 0x0a, 0x0d, 0x0d, 0x0d, 0x0d, 0x0e, 0x13, 0x0f, 0x0a, 0x06, 0x0b, 0x13, 0x1a, 0x1a, 0x1f, 0x1f, 0x13, 0x0b, 0x06, 0x03, 0x02, 0x02, 0x02, 0x02, 0x03, 0x0c, 0x19, 0x31, 0x31, 0x25, 0x1a, 0x1f, 0x1a, 0x18, 0x0d, 0x07, 0x0d, 0x18, 0x1f, 0x35, 0x31, 0x1b, 0x0f, 0x0a, 0x06, 0x07, 0x07, 0x07, 0x06, 0x06, 0x03, 0x03, 0x05, 0x05, 0x0c, 0x18, 0x18, 0x18, 0x13, 0x1a, 0x1a, 0x0f, 0x0a, 0x06, 0x06, 0x03, 0x03, 0x03, 0x03, 0x0b, 0x16, 0x24, 0x28, 0x39, 0x47, 0x58, 0x4f, 0x51, 0x4d, 0x51, 0x51, 0x4d, 0x50, 0x65, 0x6b, 0x79, 0x7b, 0x70, 0x6c, 0x56, 0x20, 0x04, 0x09, 0x14, 0x20, 0x40, 0x65, 0x6f, 0x81, 0x8d, 0xa5, 0xad, 0xae, 0xad, 0xb0, 0xc2, 0xb0, 0xb0, 0xc3, 0xc3, 0xc3, 0xc9, 0xca, 0xc3, 0xb0, 0xc3, 0xc3, 0xb0, 0xb0, 0xc3, 0xb0, 0xad, 0xb0, 0xad, 0xa5, 0xa6, 0xa2, 0xa2, 0xa2, 0xa2, 0xa1, 0xa1, 0x8c, 0xa1, 0x8b, 0x89, 0x83, 0x83, 0x81, 0x6e, 0x6a, 0x6a, 0x6a, 0x6a, 0x62, 0x6a, 0x6a, 0x6e, 0x83, 0x89, 0x8a, 0x8b, 0x8a, 0x89, 0x89, 0x8b, 0x8b, 0xa1, 0xa3, 0xa3, 0xa9, 0xab, 0xac, 0xab, 0xaa, 0xac, 0xac, 0xab, 0xae, 0xc2, 0xc3, 0xc6, 0xc9, 0xc9, 0xcf, 0xe6, 0xf2, 0xf6, 0xf6, 0xf7, 0xfd, 0xfd, 0xfc, 0xfe, 0xf9, 0xf9, 0xf9, 0xf9, 0xf9, 0xfa, 0xfa, 0xfa, 0xf9, 0xf8, 0xf8, 0xf8, 0xee, 0xf8, 0xf9, 0xfb, 0xfb, 0xfa, 0xfa, 0xfa, 0xfb, 0xff, 0xff, 0xff, 0xff, 0xff, 0xff, 0xff, 0xfe, 0xfd, 0xf7, 0xf4, 0xdd, 0xdc, 0xdc, 0xda, 0xda, 0xd5, 0xd2, 0xd5, 0xd3, 0xd7, 0xdc, 0xde, 0xde, 0xde, 0xdd, 0xdd, 0xde, 0xde, 0xdd, 0xdc, 0xdc, 0xde, 0xde, 0xdd, 0xde, 0xde, 0xdc, 0xd5, 0xd5, 0xd5, 0xd3, 0xd3, 0xd3, 0xd1, 0xca, 0xc3, 0xad, 0xa8, 0xa5, 0x87, 0x6d, 0x44, 0x16, 0x0b, 0x0a, 0x07, 0x0e, 0x0f, 0x0e, 0x0d, 0x0f, 0x16, 0x17, 0x17, 0x21, 0x27, 0x21, 0x27, 0x27, 0x1d, 0x1f, 0x1f, 0x1d, 0x21, 0x28, 0x34, 0x2c, 0x34, 0x34, 0x3a, 0x34,
  0x4b, 0x43, 0x43, 0x43, 0x43, 0x42, 0x45, 0x45, 0x30, 0x2c, 0x2c, 0x16, 0x0b, 0x06, 0x06, 0x0b, 0x1a, 0x25, 0x31, 0x27, 0x1f, 0x13, 0x0f, 0x1a, 0x1b, 0x13, 0x13, 0x13, 0x13, 0x0d, 0x0d, 0x0d, 0x07, 0x0d, 0x13, 0x0d, 0x07, 0x06, 0x07, 0x0d, 0x0d, 0x06, 0x0a, 0x13, 0x1f, 0x1f, 0x1b, 0x1a, 0x12, 0x0a, 0x06, 0x06, 0x03, 0x03, 0x03, 0x03, 0x06, 0x0d, 0x1e, 0x31, 0x3d, 0x3d, 0x31, 0x31, 0x36, 0x31, 0x18, 0x0d, 0x07, 0x0d, 0x25, 0x35, 0x3d, 0x3d, 0x34, 0x1f, 0x12, 0x0b, 0x0d, 0x0d, 0x07, 0x06, 0x07, 0x06, 0x06, 0x06, 0x06, 0x0d, 0x18, 0x1a, 0x1b, 0x1a, 0x1a, 0x13, 0x12, 0x0d, 0x06, 0x06, 0x06, 0x06, 0x03, 0x03, 0x06, 0x0b, 0x12, 0x24, 0x2c, 0x2a, 0x39, 0x4f, 0x43, 0x41, 0x4b, 0x4f, 0x4d, 0x50, 0x65, 0x6b, 0x6d, 0x6d, 0x70, 0x6d, 0x56, 0x20, 0x09, 0x08, 0x10, 0x20, 0x2d, 0x50, 0x6b, 0x81, 0x84, 0x90, 0xa6, 0xae, 0xb0, 0xad, 0xad, 0xad, 0xad, 0xb0, 0xb0, 0xb0, 0xc6, 0xcb, 0xc3, 0xc3, 0xb0, 0xb0, 0xc3, 0xb0, 0xc3, 0xb0, 0xb0, 0xc3, 0xaf, 0xa5, 0xa2, 0xa2, 0xa2, 0xa2, 0xa2, 0xa1, 0x8c, 0x8b, 0x8b, 0x8a, 0x89, 0x81, 0x6e, 0x6e, 0x62, 0x62, 0x62, 0x62, 0x62, 0x49, 0x62, 0x6a, 0x6a, 0x6e, 0x83, 0x8a, 0x90, 0x8f, 0x8a, 0x89, 0x89, 0x8a, 0xa3, 0xa3, 0xa1, 0xa3, 0xa9, 0xab, 0xa9, 0xa4, 0xa9, 0xab, 0xab, 0xab, 0xab, 0xac, 0xae, 0xc2, 0xc3, 0xc6, 0xd4, 0xcf, 0xdb, 0xe6, 0xf2, 0xf6, 0xf7, 0xf7, 0xfc, 0xfc, 0xfc, 0xfe, 0xfe, 0xfe, 0xfe, 0xfa, 0xfa, 0xfb, 0xfa, 0xfa, 0xfa, 0xf8, 0xfa, 0xfa, 0xf9, 0xfa, 0xfa, 0xfa, 0xfa, 0xfb, 0xff, 0xff, 0xff, 0xfb, 0xff, 0xff, 0xff, 0xfb, 0xfe, 0xf7, 0xf5, 0xf1, 0xde, 0xdc, 0xdc, 0xdc, 0xd6, 0xd5, 0xd6, 0xd3, 0xd6, 0xd7, 0xdc, 0xde, 0xde, 0xdd, 0xdd, 0xde, 0xde, 0xdd, 0xda, 0xdd, 0xde, 0xdd, 0xdd, 0xde, 0xde, 0xdc, 0xd5, 0xd5, 0xd5, 0xd2, 0xd3, 0xd7, 0xd3, 0xd1, 0xca, 0xb0, 0xad, 0xa8, 0x90, 0x87, 0x68, 0x2d, 0x12, 0x06, 0x0a, 0x0a, 0x0e, 0x0e, 0x0d, 0x0d, 0x12, 0x16, 0x17, 0x1d, 0x27, 0x1f, 0x27, 0x1f, 0x1d, 0x1f, 0x1f, 0x1d, 0x17, 0x28, 0x3a, 0x34, 0x34, 0x3a, 0x3a, 0x34,
  0x48, 0x43, 0x43, 0x43, 0x41, 0x42, 0x45, 0x45, 0x42, 0x34, 0x28, 0x16, 0x0b, 0x06, 0x06, 0x06, 0x18, 0x18, 0x1a, 0x1b, 0x1a, 0x1a, 0x1a, 0x1f, 0x1f, 0x1a, 0x16, 0x1a, 0x13, 0x0a, 0x06, 0x07, 0x0a, 0x13, 0x1b, 0x0f, 0x06, 0x02, 0x06, 0x0a, 0x06, 0x06, 0x0e, 0x1b, 0x1f, 0x1f, 0x1a, 0x0b, 0x06, 0x03, 0x03, 0x06, 0x06, 0x0b, 0x0b, 0x0a, 0x0b, 0x18, 0x31, 0x36, 0x3d, 0x3d, 0x34, 0x31, 0x31, 0x31, 0x18, 0x0d, 0x07, 0x18, 0x36, 0x3d, 0x54, 0x5f, 0x54, 0x34, 0x1d, 0x16, 0x0f, 0x0d, 0x0a, 0x06, 0x0a, 0x07, 0x07, 0x06, 0x06, 0x07, 0x0e, 0x13, 0x1b, 0x1a, 0x13, 0x12, 0x12, 0x0e, 0x0d, 0x0d, 0x07, 0x06, 0x03, 0x03, 0x03, 0x06, 0x06, 0x16, 0x1f, 0x24, 0x2c, 0x3b, 0x42, 0x42, 0x43, 0x48, 0x4f, 0x50, 0x64, 0x6b, 0x6b, 0x6b, 0x6f, 0x6d, 0x68, 0x33, 0x10, 0x04, 0x10, 0x23, 0x29, 0x41, 0x63, 0x6f, 0x84, 0x8a, 0xa5, 0xad, 0xb0, 0xad, 0xad, 0xad, 0xa6, 0xad, 0xb0, 0xb0, 0xc9, 0xdc, 0xc9, 0xc9, 0xc3, 0xc3, 0xc3, 0xaf, 0xc3, 0xc3, 0xb0, 0xb0, 0xb0, 0xad, 0xa5, 0xa6, 0xa2, 0xa1, 0x8c, 0x8c, 0x8b, 0x8b, 0x8a, 0x84, 0x81, 0x6a, 0x4c, 0x49, 0x40, 0x4c, 0x4c, 0x4c, 0x62, 0x49, 0x62, 0x6a, 0x6a, 0x6e, 0x81, 0x8a, 0x90, 0x8f, 0x8b, 0x8b, 0x8a, 0xa2, 0xa2, 0xa3, 0xa1, 0xa3, 0xa3, 0xa9, 0xa3, 0xa3, 0xa3, 0xa9, 0xa9, 0xa9, 0xaa, 0xac, 0xae, 0xc0, 0xc2, 0xc3, 0xc3, 0xc3, 0xc9, 0xcb, 0xd4, 0xef, 0xf5, 0xf5, 0xf6, 0xfd, 0xfd, 0xfd, 0xfd, 0xfe, 0xfe, 0xf9, 0xf9, 0xfb, 0xff, 0xfb, 0xfb, 0xfa, 0xfb, 0xf9, 0xf9, 0xfa, 0xfa, 0xfb, 0xfa, 0xfa, 0xfb, 0xfb, 0xff, 0xff, 0xff, 0xff, 0xfb, 0xfb, 0xfe, 0xfc, 0xf6, 0xf4, 0xde, 0xdc, 0xdc, 0xde, 0xdc, 0xd6, 0xd6, 0xd3, 0xd3, 0xd6, 0xdc, 0xdc, 0xde, 0xde, 0xde, 0xde, 0xde, 0xdd, 0xde, 0xde, 0xde, 0xde, 0xde, 0xdc, 0xdc, 0xdd, 0xdc, 0xdc, 0xdc, 0xd1, 0xd2, 0xd7, 0xd6, 0xd6, 0xd3, 0xca, 0xaf, 0xaf, 0xaf, 0xa5, 0x82, 0x4c, 0x29, 0x14, 0x06, 0x06, 0x06, 0x0a, 0x0d, 0x0f, 0x13, 0x1b, 0x1f, 0x1d, 0x1f, 0x1f, 0x1d, 0x1d, 0x1d, 0x1d, 0x21, 0x21, 0x17, 0x21, 0x28, 0x34, 0x3a, 0x3a, 0x39, 0x2c,
  0x4b, 0x43, 0x43, 0x43, 0x43, 0x42, 0x42, 0x42, 0x3b, 0x3a, 0x28, 0x16, 0x0b, 0x06, 0x03, 0x03, 0x0a, 0x18, 0x18, 0x0d, 0x0f, 0x1a, 0x1b, 0x1a, 0x1b, 0x1f, 0x1f, 0x1b, 0x0f, 0x06, 0x07, 0x0e, 0x13, 0x1b, 0x1f, 0x13, 0x06, 0x02, 0x03, 0x06, 0x06, 0x0d, 0x1b, 0x1f, 0x27, 0x1f, 0x12, 0x0a, 0x06, 0x06, 0x0b, 0x13, 0x16, 0x16, 0x1a, 0x18, 0x16, 0x31, 0x32, 0x34, 0x3a, 0x3a, 0x34, 0x24, 0x1b, 0x18, 0x18, 0x0d, 0x0a, 0x12, 0x34, 0x3d, 0x54, 0x59, 0x55, 0x3a, 0x28, 0x21, 0x16, 0x16, 0x12, 0x06, 0x0a, 0x0d, 0x0d, 0x07, 0x06, 0x07, 0x07, 0x0d, 0x0f, 0x0f, 0x13, 0x13, 0x12, 0x13, 0x0f, 0x0e, 0x07, 0x06, 0x03, 0x03, 0x03, 0x02, 0x03, 0x0b, 0x16, 0x25, 0x28, 0x2c, 0x46, 0x46, 0x30, 0x42, 0x42, 0x4a, 0x64, 0x68, 0x68, 0x6b, 0x6b, 0x6d, 0x73, 0x44, 0x10, 0x04, 0x0c, 0x1c, 0x20, 0x29, 0x4c, 0x6b, 0x81, 0x8a, 0xa2, 0xa6, 0xa6, 0xaf, 0xb0, 0xae, 0xaa, 0xad, 0xad, 0xad, 0xc9, 0xd5, 0xc8, 0xc9, 0xc9, 0xc9, 0xc3, 0xaf, 0xb0, 0xb0, 0xaf, 0xaf, 0xb0, 0xaf, 0xad, 0xa6, 0xa2, 0x8b, 0x8b, 0x8c, 0x90, 0x8f, 0x84, 0x81, 0x6a, 0x40, 0x2d, 0x38, 0x40, 0x4c, 0x4c, 0x62, 0x6a, 0x4c, 0x4c, 0x62, 0x6a, 0x6e, 0x83, 0x89, 0x8a, 0x8a, 0x8a, 0x8a, 0x89, 0x8b, 0x8c, 0xa1, 0xa1, 0xa4, 0xa9, 0xa9, 0xa4, 0xa3, 0xa4, 0xa9, 0xa9, 0xa9, 0xa9, 0xab, 0xab, 0xac, 0xae, 0xc0, 0xae, 0xae, 0xb0, 0xc3, 0xc8, 0xcb, 0xd9, 0xdb, 0xf2, 0xf6, 0xf7, 0xf7, 0xfd, 0xfd, 0xfe, 0xfe, 0xfe, 0xfb, 0xff, 0xff, 0xfb, 0xfb, 0xff, 0xfb, 0xfe, 0xfe, 0xfe, 0xfe, 0xfa, 0xfa, 0xfb, 0xfb, 0xff, 0xff, 0xff, 0xff, 0xff, 0xfb, 0xfb, 0xfc, 0xf6, 0xf4, 0xdd, 0xde, 0xdc, 0xdc, 0xd6, 0xd6, 0xd6, 0xd3, 0xd3, 0xd6, 0xdc, 0xda, 0xdc, 0xde, 0xde, 0xde, 0xde, 0xf1, 0xde, 0xde, 0xde, 0xde, 0xde, 0xdc, 0xda, 0xdc, 0xde, 0xdc, 0xdc, 0xd5, 0xd5, 0xd7, 0xd6, 0xd6, 0xd3, 0xd2, 0xc6, 0xb0, 0xaf, 0xa5, 0x8d, 0x6a, 0x4c, 0x29, 0x0b, 0x06, 0x06, 0x0b, 0x0d, 0x0d, 0x0f, 0x13, 0x1a, 0x1a, 0x1b, 0x1b, 0x16, 0x17, 0x1d, 0x28, 0x28, 0x28, 0x21, 0x17, 0x24, 0x2c, 0x34, 0x2c, 0x2c, 0x3a,
  0x4f, 0x4b, 0x4b, 0x4b, 0x4b, 0x41, 0x2e, 0x2f, 0x2e, 0x2c, 0x28, 0x16, 0x0b, 0x06, 0x03, 0x03, 0x03, 0x0d, 0x18, 0x0d, 0x0d, 0x13, 0x1b, 0x1f, 0x1f, 0x27, 0x34, 0x27, 0x12, 0x0a, 0x0f, 0x13, 0x13, 0x1b, 0x1f, 0x1a, 0x06, 0x03, 0x03, 0x06, 0x06, 0x0e, 0x1a, 0x1f, 0x31, 0x1b, 0x0b, 0x06, 0x06, 0x0b, 0x18, 0x31, 0x31, 0x27, 0x31, 0x27, 0x31, 0x34, 0x34, 0x34, 0x39, 0x3a, 0x34, 0x24, 0x16, 0x12, 0x0a, 0x06, 0x0a, 0x14, 0x32, 0x54, 0x55, 0x59, 0x59, 0x47, 0x2c, 0x28, 0x21, 0x28, 0x1d, 0x12, 0x0b, 0x0e, 0x0e, 0x0d, 0x07, 0x07, 0x0d, 0x0d, 0x0e, 0x0e, 0x13, 0x13, 0x16, 0x1a, 0x0f, 0x0e, 0x07, 0x06, 0x06, 0x03, 0x03, 0x03, 0x03, 0x06, 0x0b, 0x13, 0x1d, 0x28, 0x39, 0x39, 0x30, 0x30, 0x2e, 0x40, 0x50, 0x63, 0x65, 0x6b, 0x6d, 0x79, 0x7a, 0x53, 0x10, 0x04, 0x08, 0x14, 0x14, 0x21, 0x40, 0x63, 0x6e, 0x89, 0xa5, 0xa6, 0xa6, 0xa6, 0xad, 0xad, 0xad, 0xad, 0xa6, 0xad, 0xb0, 0xc9, 0xc6, 0xc9, 0xc9, 0xc6, 0xc3, 0xaf, 0xb0, 0xaf, 0xaf, 0xb0, 0xaf, 0xa6, 0xad, 0xa6, 0xa2, 0x8b, 0x8a, 0x8b, 0x8a, 0x83, 0x6e, 0x62, 0x40, 0x40, 0x2d, 0x38, 0x38, 0x40, 0x4c, 0x4c, 0x4c, 0x4c, 0x4c, 0x62, 0x62, 0x6a, 0x81, 0x83, 0x89, 0x8a, 0x8a, 0x89, 0x8b, 0x8a, 0x8b, 0x8c, 0xa1, 0xa1, 0xa4, 0xaa, 0xa9, 0xa3, 0xa4, 0xa3, 0xa9, 0xaa, 0xa4, 0xa9, 0xa9, 0xa9, 0xac, 0xac, 0xab, 0xac, 0xaa, 0xad, 0xb0, 0xc6, 0xc9, 0xcb, 0xd8, 0xef, 0xf2, 0xf6, 0xf7, 0xfd, 0xfd, 0xfc, 0xfe, 0xfb, 0xff, 0xff, 0xfb, 0xff, 0xff, 0xfa, 0xfa, 0xfe, 0xfe, 0xfe, 0xfa, 0xfa, 0xfa, 0xfb, 0xff, 0xff, 0xff, 0xff, 0xff, 0xff, 0xff, 0xfc, 0xf6, 0xf4, 0xdd, 0xde, 0xdc, 0xdc, 0xd5, 0xd5, 0xd6, 0xd3, 0xd3, 0xd7, 0xdc, 0xda, 0xdc, 0xde, 0xde, 0xde, 0xde, 0xde, 0xde, 0xde, 0xdd, 0xdd, 0xde, 0xdd, 0xdc, 0xdc, 0xdc, 0xde, 0xde, 0xde, 0xdc, 0xde, 0xd6, 0xd6, 0xd3, 0xd1, 0xc9, 0xb0, 0xa6, 0xa2, 0x8d, 0x81, 0x6b, 0x40, 0x20, 0x10, 0x03, 0x0a, 0x0d, 0x07, 0x07, 0x0e, 0x0f, 0x1a, 0x1b, 0x16, 0x17, 0x1d, 0x27, 0x21, 0x21, 0x21, 0x17, 0x17, 0x21, 0x28, 0x28, 0x28, 0x2c, 0x3a,
  0x4b, 0x4a, 0x4b, 0x4f, 0x4b, 0x2e, 0x2e, 0x30, 0x2d, 0x2c, 0x21, 0x12, 0x0b, 0x06, 0x03, 0x02, 0x02, 0x03, 0x06, 0x06, 0x07, 0x0f, 0x1a, 0x1f, 0x1d, 0x27, 0x34, 0x27, 0x16, 0x12, 0x16, 0x1b, 0x1a, 0x1b, 0x1f, 0x1b, 0x0d, 0x06, 0x06, 0x07, 0x0a, 0x0f, 0x1b, 0x1b, 0x1b, 0x12, 0x06, 0x0a, 0x0b, 0x13, 0x1f, 0x36, 0x3b, 0x39, 0x34, 0x3a, 0x39, 0x3a, 0x34, 0x2c, 0x2c, 0x34, 0x2c, 0x22, 0x14, 0x0b, 0x06, 0x0c, 0x0c, 0x14, 0x32, 0x3d, 0x55, 0x59, 0x59, 0x47, 0x2a, 0x29, 0x2c, 0x2c, 0x28, 0x17, 0x16, 0x12, 0x0d, 0x0d, 0x07, 0x07, 0x07, 0x0d, 0x0a, 0x0d, 0x1a, 0x1b, 0x1d, 0x1a, 0x0e, 0x0e, 0x07, 0x07, 0x07, 0x07, 0x06, 0x03, 0x03, 0x06, 0x06, 0x0b, 0x16, 0x27, 0x34, 0x39, 0x3b, 0x3b, 0x2f, 0x30, 0x43, 0x64, 0x6b, 0x6d, 0x7b, 0x7b, 0x79, 0x44, 0x10, 0x04, 0x05, 0x0c, 0x0b, 0x17, 0x2a, 0x4e, 0x6b, 0x84, 0x8a, 0xa5, 0xa6, 0xa6, 0xa6, 0xad, 0xad, 0xad, 0xad, 0xad, 0xb0, 0xc6, 0xca, 0xc9, 0xc9, 0xc9, 0xc3, 0xc3, 0xc3, 0xaf, 0xad, 0xaf, 0xa8, 0xad, 0xad, 0xad, 0xa4, 0x8b, 0x89, 0x84, 0x81, 0x6a, 0x4c, 0x2d, 0x2d, 0x2d, 0x2d, 0x40, 0x40, 0x40, 0x4c, 0x62, 0x4c, 0x62, 0x6a, 0x6a, 0x6a, 0x6a, 0x6e, 0x84, 0x84, 0x83, 0x89, 0x8a, 0x8b, 0x8b, 0x8b, 0x8c, 0xa1, 0xa1, 0xa3, 0xa9, 0xa3, 0xa3, 0xa3, 0xa3, 0xa9, 0xa9, 0xa3, 0xa4, 0xa4, 0xa9, 0xac, 0xac, 0xab, 0xaa, 0xaa, 0xae, 0xb0, 0xb0, 0xc3, 0xca, 0xd1, 0xd5, 0xd4, 0xdb, 0xf5, 0xf7, 0xf7, 0xfc, 0xfc, 0xfe, 0xfe, 0xfb, 0xfb, 0xfb, 0xfb, 0xfa, 0xfb, 0xfe, 0xfb, 0xfb, 0xfb, 0xfb, 0xfb, 0xfb, 0xff, 0xff, 0xfb, 0xfb, 0xfb, 0xff, 0xfe, 0xf6, 0xf5, 0xf5, 0xde, 0xde, 0xde, 0xda, 0xd6, 0xd5, 0xd6, 0xd7, 0xd7, 0xd7, 0xdc, 0xdc, 0xdc, 0xdc, 0xde, 0xde, 0xde, 0xde, 0xf1, 0xf1, 0xf1, 0xdd, 0xde, 0xf1, 0xde, 0xdc, 0xda, 0xf1, 0xde, 0xde, 0xdc, 0xdc, 0xd6, 0xd3, 0xd3, 0xd1, 0xca, 0xc3, 0xaf, 0xa6, 0xa5, 0x8d, 0x82, 0x65, 0x2f, 0x12, 0x06, 0x0a, 0x0a, 0x07, 0x06, 0x07, 0x0d, 0x1a, 0x1f, 0x1d, 0x27, 0x27, 0x21, 0x1d, 0x17, 0x17, 0x17, 0x17, 0x24, 0x2c, 0x28, 0x28, 0x34, 0x28,
  0x58, 0x4d, 0x4f, 0x4b, 0x43, 0x2e, 0x2e, 0x2e, 0x2e, 0x29, 0x21, 0x0b, 0x06, 0x06, 0x03, 0x02, 0x02, 0x02, 0x02, 0x02, 0x06, 0x0e, 0x0f, 0x1a, 0x1b, 0x1b, 0x27, 0x1f, 0x1d, 0x1d, 0x1d, 0x27, 0x27, 0x27, 0x34, 0x27, 0x0f, 0x07, 0x0d, 0x0f, 0x13, 0x1a, 0x1b, 0x1b, 0x0d, 0x06, 0x06, 0x13, 0x25, 0x1f, 0x34, 0x54, 0x55, 0x45, 0x39, 0x39, 0x3a, 0x3a, 0x34, 0x28, 0x28, 0x2f, 0x34, 0x23, 0x14, 0x0b, 0x06, 0x06, 0x09, 0x10, 0x31, 0x3d, 0x59, 0x59, 0x59, 0x47, 0x2f, 0x2c, 0x30, 0x3a, 0x34, 0x28, 0x1d, 0x16, 0x13, 0x0e, 0x0d, 0x07, 0x07, 0x07, 0x0a, 0x0d, 0x13, 0x1f, 0x1f, 0x1a, 0x0f, 0x0d, 0x0a, 0x07, 0x0e, 0x0e, 0x0d, 0x07, 0x03, 0x06, 0x06, 0x0a, 0x13, 0x16, 0x31, 0x34, 0x3a, 0x39, 0x39, 0x30, 0x2e, 0x4e, 0x69, 0x6d, 0x79, 0x79, 0x79, 0x53, 0x14, 0x04, 0x05, 0x0c, 0x06, 0x0b, 0x21, 0x41, 0x65, 0x81, 0x83, 0x8b, 0xa2, 0xa2, 0xa5, 0xa6, 0xa6, 0xa6, 0xad, 0xae, 0xc2, 0xc7, 0xc6, 0xc9, 0xc9, 0xc9, 0xc3, 0xb0, 0xb0, 0xb0, 0xad, 0xaf, 0xaf, 0xaf, 0xad, 0xa6, 0xa2, 0x8a, 0x84, 0x82, 0x6e, 0x62, 0x40, 0x2d, 0x2d, 0x2d, 0x2d, 0x2d, 0x2d, 0x2d, 0x40, 0x4c, 0x56, 0x63, 0x68, 0x6b, 0x6e, 0x6e, 0x6e, 0x84, 0x84, 0x83, 0x83, 0x8b, 0xa2, 0xa2, 0x8c, 0x8c, 0xa1, 0xa3, 0xa1, 0xa1, 0xa1, 0xa1, 0xa3, 0xa3, 0xa3, 0xa3, 0xa3, 0xa3, 0xa9, 0xab, 0xab, 0xac, 0xac, 0xac, 0xae, 0xc1, 0xae, 0xad, 0xae, 0xc3, 0xc3, 0xca, 0xcb, 0xcb, 0xdb, 0xf4, 0xf6, 0xf7, 0xfd, 0xfe, 0xfe, 0xfe, 0xfb, 0xfb, 0xff, 0xff, 0xfe, 0xfe, 0xfb, 0xfb, 0xfb, 0xff, 0xff, 0xfb, 0xff, 0xfa, 0xfb, 0xfa, 0xfb, 0xfb, 0xfe, 0xf3, 0xf5, 0xf5, 0xde, 0xde, 0xdc, 0xdc, 0xd6, 0xdc, 0xd7, 0xd7, 0xd7, 0xd6, 0xd7, 0xdc, 0xdc, 0xda, 0xdc, 0xdd, 0xde, 0xde, 0xf1, 0xf0, 0xdd, 0xf1, 0xf1, 0xde, 0xde, 0xdd, 0xdd, 0xf1, 0xdd, 0xd4, 0xda, 0xd5, 0xd5, 0xd3, 0xd3, 0xd3, 0xd1, 0xca, 0xc3, 0xaf, 0xa8, 0x8f, 0x8e, 0x7b, 0x57, 0x24, 0x0b, 0x0a, 0x06, 0x06, 0x07, 0x07, 0x07, 0x0f, 0x1b, 0x1f, 0x1d, 0x27, 0x27, 0x1d, 0x17, 0x1d, 0x21, 0x21, 0x28, 0x2c, 0x21, 0x28, 0x34, 0x28,
  0x64, 0x4d, 0x4a, 0x43, 0x43, 0x43, 0x2e, 0x29, 0x2a, 0x21, 0x21, 0x12, 0x06, 0x06, 0x03, 0x02, 0x02, 0x02, 0x02, 0x02, 0x03, 0x07, 0x07, 0x0d, 0x13, 0x1b, 0x27, 0x27, 0x27, 0x28, 0x2c, 0x34, 0x3a, 0x3d, 0x34, 0x1f, 0x0d, 0x0a, 0x13, 0x1b, 0x1f, 0x1f, 0x1b, 0x16, 0x0a, 0x06, 0x0b, 0x25, 0x32, 0x34, 0x3d, 0x54, 0x54, 0x3b, 0x34, 0x34, 0x3a, 0x3a, 0x2c, 0x28, 0x2a, 0x39, 0x39, 0x24, 0x1c, 0x0b, 0x03, 0x03, 0x08, 0x14, 0x25, 0x39, 0x59, 0x59, 0x57, 0x45, 0x2e, 0x3b, 0x3b, 0x3b, 0x34, 0x28, 0x1f, 0x1a, 0x13, 0x0e, 0x0e, 0x0e, 0x07, 0x0a, 0x0a, 0x0d, 0x12, 0x1b, 0x1b, 0x1a, 0x0f, 0x0a, 0x0a, 0x0d, 0x0f, 0x0f, 0x0d, 0x07, 0x06, 0x06, 0x06, 0x06, 0x0a, 0x0b, 0x13, 0x31, 0x34, 0x2c, 0x2a, 0x2c, 0x2e, 0x43, 0x50, 0x68, 0x79, 0x7b, 0x79, 0x66, 0x20, 0x08, 0x05, 0x08, 0x08, 0x0b, 0x17, 0x41, 0x62, 0x6e, 0x83, 0x8a, 0x8a, 0x8a, 0xa1, 0xa5, 0xad, 0xad, 0xb0, 0xc2, 0xc2, 0xc6, 0xc3, 0xc6, 0xc6, 0xc6, 0xb0, 0xb0, 0xc3, 0xc3, 0xb0, 0xb0, 0xaf, 0xad, 0xa6, 0xa2, 0xa2, 0x8d, 0x8d, 0x82, 0x62, 0x4c, 0x2d, 0x2d, 0x2d, 0x2d, 0x26, 0x26, 0x29, 0x2d, 0x2d, 0x44, 0x56, 0x63, 0x68, 0x6f, 0x6e, 0x6e, 0x6e, 0x84, 0x89, 0x83, 0x8a, 0x8b, 0xa2, 0xa1, 0x8c, 0x8c, 0x8c, 0x8c, 0x8c, 0xa1, 0xa1, 0xa3, 0xa3, 0xa3, 0xa3, 0xa4, 0xa4, 0xa3, 0xa9, 0xab, 0xa9, 0xab, 0xac, 0xac, 0xae, 0xae, 0xae, 0xc2, 0xc3, 0xc2, 0xb0, 0xc3, 0xc6, 0xc9, 0xcb, 0xd9, 0xf0, 0xf5, 0xf7, 0xfc, 0xfe, 0xfe, 0xff, 0xff, 0xff, 0xff, 0xfe, 0xfe, 0xfb, 0xff, 0xff, 0xff, 0xff, 0xfb, 0xff, 0xfa, 0xfb, 0xfb, 0xfa, 0xfb, 0xfe, 0xf7, 0xf6, 0xf1, 0xdd, 0xde, 0xdc, 0xdc, 0xdc, 0xde, 0xdc, 0xd6, 0xd6, 0xd5, 0xd6, 0xdc, 0xdc, 0xd5, 0xdc, 0xde, 0xde, 0xde, 0xf4, 0xf0, 0xdb, 0xdd, 0xf1, 0xde, 0xde, 0xde, 0xdd, 0xf1, 0xdd, 0xd4, 0xd5, 0xd5, 0xd2, 0xd2, 0xd3, 0xd5, 0xd2, 0xcb, 0xc6, 0xaf, 0xa8, 0x9b, 0x8e, 0x86, 0x73, 0x44, 0x17, 0x0b, 0x06, 0x06, 0x06, 0x07, 0x0d, 0x0d, 0x13, 0x1b, 0x17, 0x1d, 0x27, 0x27, 0x27, 0x21, 0x21, 0x24, 0x28, 0x28, 0x21, 0x21, 0x28, 0x2c,
  0x58, 0x4a, 0x43, 0x40, 0x43, 0x43, 0x30, 0x2e, 0x2a, 0x28, 0x21, 0x1b, 0x0f, 0x06, 0x03, 0x02, 0x02, 0x02, 0x02, 0x02, 0x02, 0x02, 0x03, 0x03, 0x06, 0x13, 0x27, 0x34, 0x28, 0x34, 0x3a, 0x3a, 0x3d, 0x34, 0x27, 0x16, 0x12, 0x13, 0x27, 0x27, 0x34, 0x27, 0x1f, 0x13, 0x0b, 0x0b, 0x16, 0x25, 0x28, 0x34, 0x34, 0x3d, 0x47, 0x54, 0x46, 0x3b, 0x39, 0x39, 0x39, 0x2c, 0x39, 0x39, 0x2c, 0x2b, 0x17, 0x10, 0x04, 0x02, 0x08, 0x10, 0x1c, 0x32, 0x55, 0x55, 0x4f, 0x42, 0x2e, 0x30, 0x3b, 0x3a, 0x34, 0x28, 0x27, 0x1b, 0x13, 0x0f, 0x0e, 0x0e, 0x0d, 0x0a, 0x0a, 0x0f, 0x16, 0x1b, 0x1f, 0x1a, 0x0f, 0x0d, 0x0d, 0x13, 0x1b, 0x13, 0x0a, 0x0a, 0x0d, 0x0d, 0x07, 0x06, 0x06, 0x03, 0x0a, 0x1a, 0x31, 0x28, 0x28, 0x2a, 0x29, 0x42, 0x4e, 0x66, 0x6c, 0x7a, 0x7a, 0x68, 0x26, 0x08, 0x04, 0x03, 0x08, 0x10, 0x17, 0x41, 0x62, 0x6a, 0x81, 0x89, 0x89, 0x8a, 0xa1, 0xa6, 0xb0, 0xb0, 0xc3, 0xc3, 0xc2, 0xc7, 0xca, 0xca, 0xc3, 0xc3, 0xc6, 0xc6, 0xc6, 0xb0, 0xad, 0xad, 0xad, 0xa4, 0xa4, 0xa2, 0x90, 0x8d, 0x87, 0x6f, 0x49, 0x2d, 0x2d, 0x2d, 0x26, 0x20, 0x20, 0x20, 0x2d, 0x38, 0x44, 0x56, 0x66, 0x68, 0x6d, 0x6f, 0x6a, 0x6a, 0x6e, 0x81, 0x83, 0x89, 0x89, 0x8a, 0x8a, 0x8b, 0xa1, 0xa1, 0x8c, 0x8b, 0x8c, 0xa1, 0xa3, 0xa3, 0xa3, 0xa9, 0xab, 0xac, 0xa9, 0xa9, 0xa3, 0xa4, 0xaa, 0xa4, 0xac, 0xac, 0xac, 0xae, 0xc1, 0xc4, 0xc5, 0xc4, 0xc4, 0xc2, 0xc2, 0xc6, 0xc9, 0xcb, 0xd9, 0xf1, 0xf5, 0xf7, 0xf7, 0xfc, 0xfc, 0xfe, 0xfe, 0xfe, 0xfe, 0xfe, 0xff, 0xff, 0xff, 0xff, 0xff, 0xff, 0xff, 0xfb, 0xfb, 0xff, 0xfb, 0xfb, 0xfe, 0xfc, 0xf6, 0xf1, 0xdd, 0xdc, 0xdc, 0xdc, 0xde, 0xdc, 0xd6, 0xd3, 0xd6, 0xd6, 0xd6, 0xdc, 0xdc, 0xdc, 0xdc, 0xde, 0xde, 0xde, 0xf1, 0xf1, 0xf1, 0xdd, 0xdd, 0xdd, 0xdd, 0xde, 0xf1, 0xf4, 0xde, 0xda, 0xda, 0xda, 0xd5, 0xd2, 0xd5, 0xd6, 0xd5, 0xd5, 0xc9, 0xb0, 0xa8, 0x9b, 0x9b, 0x88, 0x79, 0x50, 0x29, 0x0b, 0x06, 0x06, 0x06, 0x07, 0x0e, 0x0e, 0x0f, 0x16, 0x16, 0x1d, 0x1d, 0x27, 0x28, 0x24, 0x24, 0x28, 0x21, 0x21, 0x21, 0x17, 0x21, 0x28,
  0x4d, 0x4a, 0x4b, 0x43, 0x41, 0x41, 0x41, 0x30, 0x39, 0x34, 0x24, 0x1d, 0x16, 0x0a, 0x03, 0x02, 0x02, 0x02, 0x04, 0x02, 0x02, 0x02, 0x02, 0x02, 0x03, 0x0a, 0x16, 0x27, 0x2c, 0x2c, 0x34, 0x3a, 0x3b, 0x3a, 0x24, 0x16, 0x0b, 0x16, 0x28, 0x3a, 0x34, 0x34, 0x27, 0x16, 0x12, 0x17, 0x28, 0x28, 0x34, 0x2c, 0x34, 0x54, 0x59, 0x55, 0x54, 0x2f, 0x2e, 0x30, 0x3b, 0x30, 0x30, 0x2a, 0x2a, 0x28, 0x1c, 0x10, 0x03, 0x02, 0x02, 0x02, 0x08, 0x23, 0x39, 0x46, 0x55, 0x4f, 0x30, 0x2e, 0x39, 0x34, 0x34, 0x34, 0x27, 0x1f, 0x1a, 0x13, 0x0f, 0x13, 0x0f, 0x0e, 0x0d, 0x13, 0x1b, 0x1a, 0x1d, 0x1f, 0x1b, 0x1a, 0x16, 0x1b, 0x1f, 0x1a, 0x13, 0x13, 0x0f, 0x0f, 0x0a, 0x06, 0x03, 0x06, 0x06, 0x0a, 0x12, 0x17, 0x27, 0x28, 0x24, 0x2c, 0x4e, 0x57, 0x66, 0x73, 0x7c, 0x73, 0x26, 0x04, 0x04, 0x02, 0x03, 0x10, 0x17, 0x2f, 0x50, 0x62, 0x6e, 0x83, 0x8b, 0xa2, 0xa2, 0xa6, 0xb0, 0xc3, 0xc3, 0xc3, 0xc2, 0xc3, 0xc6, 0xc6, 0xca, 0xca, 0xca, 0xc6, 0xc3, 0xad, 0xae, 0xae, 0xaa, 0xa6, 0xa2, 0x8b, 0x83, 0x84, 0x82, 0x6a, 0x40, 0x2d, 0x2d, 0x2d, 0x26, 0x26, 0x20, 0x26, 0x38, 0x38, 0x53, 0x56, 0x56, 0x65, 0x6b, 0x6f, 0x6f, 0x6e, 0x6e, 0x84, 0x89, 0x8a, 0x8a, 0x89, 0x8b, 0xa1, 0xa1, 0x8c, 0x8c, 0xa1, 0xa1, 0xa3, 0xa3, 0xa1, 0xa3, 0xab, 0xac, 0xae, 0xaa, 0xa4, 0xa3, 0xa3, 0xa9, 0xaa, 0xac, 0xae, 0xc1, 0xae, 0xae, 0xc0, 0xc1, 0xc4, 0xc4, 0xc1, 0xc1, 0xc3, 0xc6, 0xca, 0xc9, 0xcb, 0xda, 0xf0, 0xf5, 0xf7, 0xfd, 0xfd, 0xfc, 0xfe, 0xfe, 0xfe, 0xfe, 0xff, 0xff, 0xff, 0xff, 0xff, 0xff, 0xfb, 0xff, 0xff, 0xff, 0xfb, 0xf9, 0xf6, 0xf6, 0xf4, 0xdd, 0xdc, 0xdc, 0xdc, 0xdc, 0xd7, 0xd5, 0xd3, 0xd6, 0xd7, 0xd6, 0xdc, 0xdc, 0xde, 0xdc, 0xdd, 0xdd, 0xde, 0xf1, 0xf1, 0xf1, 0xdd, 0xdd, 0xdd, 0xdd, 0xde, 0xde, 0xde, 0xde, 0xde, 0xdd, 0xde, 0xda, 0xda, 0xdc, 0xdc, 0xdc, 0xd5, 0xc8, 0xaf, 0xa8, 0x8f, 0x8e, 0x87, 0x86, 0x6d, 0x40, 0x17, 0x0b, 0x06, 0x07, 0x07, 0x0e, 0x12, 0x12, 0x1a, 0x1b, 0x1d, 0x1d, 0x21, 0x21, 0x21, 0x2c, 0x2c, 0x24, 0x17, 0x17, 0x21, 0x24, 0x28,
  0x40, 0x41, 0x4b, 0x43, 0x41, 0x2e, 0x2e, 0x2e, 0x2f, 0x2c, 0x24, 0x1d, 0x1b, 0x12, 0x03, 0x02, 0x02, 0x02, 0x05, 0x08, 0x03, 0x08, 0x03, 0x03, 0x03, 0x06, 0x0b, 0x17, 0x2c, 0x34, 0x3a, 0x54, 0x47, 0x34, 0x17, 0x16, 0x12, 0x21, 0x34, 0x3a, 0x3a, 0x28, 0x1d, 0x17, 0x2c, 0x3a, 0x3d, 0x39, 0x39, 0x39, 0x3b, 0x55, 0x72, 0x59, 0x48, 0x41, 0x30, 0x30, 0x42, 0x30, 0x30, 0x2a, 0x29, 0x24, 0x16, 0x18, 0x08, 0x02, 0x02, 0x02, 0x02, 0x14, 0x22, 0x2f, 0x42, 0x30, 0x2a, 0x2a, 0x2c, 0x28, 0x28, 0x27, 0x27, 0x1f, 0x1b, 0x13, 0x0f, 0x1a, 0x13, 0x12, 0x0f, 0x13, 0x1b, 0x1a, 0x1a, 0x1b, 0x1b, 0x1f, 0x27, 0x27, 0x1d, 0x17, 0x16, 0x1b, 0x1b, 0x1a, 0x0f, 0x07, 0x03, 0x06, 0x03, 0x03, 0x06, 0x12, 0x1b, 0x1f, 0x27, 0x24, 0x2f, 0x4e, 0x67, 0x73, 0x7c, 0x73, 0x33, 0x04, 0x04, 0x04, 0x03, 0x10, 0x20, 0x2f, 0x4e, 0x63, 0x6e, 0x83, 0x8d, 0xa5, 0xa6, 0xad, 0xb0, 0xc3, 0xc3, 0xc2, 0xc3, 0xc6, 0xc6, 0xc3, 0xc6, 0xca, 0xc6, 0xc6, 0xc3, 0xad, 0xad, 0xad, 0xa6, 0xa4, 0xa2, 0x89, 0x83, 0x81, 0x6f, 0x6a, 0x49, 0x2d, 0x2d, 0x29, 0x2d, 0x29, 0x20, 0x2d, 0x2d, 0x38, 0x44, 0x56, 0x62, 0x6a, 0x6a, 0x6a, 0x6f, 0x81, 0x83, 0x84, 0x89, 0x89, 0x8a, 0x89, 0x8b, 0xa1, 0x8c, 0x8c, 0x8c, 0xa1, 0xa3, 0xa3, 0xa3, 0xa3, 0xa3, 0xa3, 0xa3, 0xa9, 0xa9, 0xa4, 0xa4, 0xa3, 0xa9, 0xaa, 0xac, 0xae, 0xac, 0xaa, 0xab, 0xae, 0xc1, 0xc4, 0xc4, 0xc4, 0xc4, 0xc5, 0xc6, 0xc7, 0xc6, 0xc6, 0xca, 0xd5, 0xdd, 0xf5, 0xf6, 0xf7, 0xf7, 0xfd, 0xfc, 0xfc, 0xfe, 0xfe, 0xfb, 0xfb, 0xff, 0xff, 0xfb, 0xfb, 0xfb, 0xff, 0xff, 0xfb, 0xfe, 0xf7, 0xf6, 0xf4, 0xdd, 0xdc, 0xdc, 0xdc, 0xde, 0xd6, 0xd2, 0xd3, 0xd3, 0xd6, 0xd5, 0xd5, 0xdc, 0xdc, 0xdc, 0xdc, 0xdc, 0xdd, 0xf1, 0xf1, 0xf1, 0xdd, 0xdd, 0xdd, 0xde, 0xde, 0xde, 0xdd, 0xdd, 0xdd, 0xde, 0xde, 0xdd, 0xdd, 0xdc, 0xd5, 0xda, 0xc9, 0xa8, 0xa5, 0x8f, 0x8d, 0x87, 0x87, 0x82, 0x70, 0x63, 0x29, 0x0b, 0x06, 0x0a, 0x07, 0x0d, 0x13, 0x13, 0x1a, 0x1b, 0x1d, 0x1f, 0x24, 0x21, 0x24, 0x28, 0x28, 0x21, 0x21, 0x21, 0x21, 0x28, 0x28,
  0x40, 0x43, 0x4b, 0x41, 0x41, 0x2e, 0x2e, 0x29, 0x2a, 0x2c, 0x28, 0x28, 0x24, 0x16, 0x0b, 0x03, 0x02, 0x02, 0x08, 0x15, 0x10, 0x10, 0x09, 0x03, 0x03, 0x03, 0x06, 0x18, 0x31, 0x2c, 0x3d, 0x55, 0x3d, 0x24, 0x12, 0x12, 0x21, 0x2c, 0x3a, 0x3b, 0x3a, 0x21, 0x16, 0x24, 0x3b, 0x59, 0x55, 0x3b, 0x39, 0x3a, 0x47, 0x54, 0x57, 0x4e, 0x43, 0x43, 0x30, 0x41, 0x46, 0x2e, 0x30, 0x2c, 0x21, 0x24, 0x23, 0x19, 0x09, 0x04, 0x02, 0x02, 0x02, 0x0c, 0x14, 0x22, 0x2a, 0x2a, 0x29, 0x29, 0x28, 0x28, 0x17, 0x17, 0x1d, 0x1f, 0x1f, 0x16, 0x12, 0x1a, 0x1b, 0x16, 0x13, 0x13, 0x13, 0x1a, 0x13, 0x1a, 0x1b, 0x27, 0x3a, 0x2c, 0x28, 0x28, 0x1f, 0x27, 0x1f, 0x1f, 0x1a, 0x0d, 0x06, 0x06, 0x03, 0x03, 0x03, 0x0a, 0x0f, 0x16, 0x1d, 0x17, 0x17, 0x44, 0x59, 0x73, 0x7c, 0x7a, 0x44, 0x09, 0x04, 0x04, 0x08, 0x10, 0x14, 0x2f, 0x4e, 0x64, 0x6f, 0x81, 0x89, 0xa2, 0xa2, 0xa2, 0xa6, 0xb0, 0xc3, 0xc2, 0xb0, 0xc3, 0xc6, 0xb0, 0xc3, 0xc6, 0xc6, 0xc3, 0xc3, 0xad, 0xa4, 0xa4, 0xa4, 0xa2, 0x8b, 0x83, 0x81, 0x6e, 0x6a, 0x6a, 0x4c, 0x2d, 0x29, 0x29, 0x2d, 0x29, 0x29, 0x2d, 0x44, 0x53, 0x49, 0x4c, 0x6a, 0x6a, 0x6a, 0x6a, 0x70, 0x84, 0x84, 0x89, 0x89, 0x89, 0x8a, 0x8a, 0x8b, 0x8c, 0x8c, 0xa2, 0xa1, 0x8c, 0xa1, 0xa3, 0xa3, 0xa3, 0xa9, 0xa3, 0xa1, 0xa3, 0xa4, 0xa3, 0xa3, 0xa4, 0xa4, 0xaa, 0xae, 0xad, 0xa4, 0xa9, 0xab, 0xae, 0xc4, 0xc5, 0xc5, 0xc7, 0xc7, 0xc5, 0xc5, 0xc6, 0xc7, 0xc6, 0xc5, 0xc7, 0xd1, 0xda, 0xdb, 0xf2, 0xf6, 0xf7, 0xf7, 0xf7, 0xfc, 0xfe, 0xfe, 0xfe, 0xff, 0xff, 0xfb, 0xfb, 0xfb, 0xfb, 0xff, 0xfe, 0xfe, 0xfc, 0xf6, 0xf4, 0xdd, 0xdc, 0xda, 0xdc, 0xde, 0xd6, 0xd6, 0xd3, 0xd1, 0xd6, 0xd5, 0xd6, 0xdc, 0xdc, 0xdc, 0xdc, 0xdc, 0xdc, 0xdb, 0xf0, 0xf1, 0xdd, 0xdd, 0xde, 0xde, 0xde, 0xde, 0xde, 0xde, 0xde, 0xde, 0xde, 0xdd, 0xde, 0xdd, 0xda, 0xcb, 0xa7, 0x8a, 0x8f, 0x89, 0x83, 0x81, 0x84, 0x82, 0x7b, 0x6d, 0x45, 0x17, 0x0b, 0x0a, 0x0a, 0x0b, 0x13, 0x16, 0x1a, 0x1a, 0x1b, 0x1f, 0x28, 0x28, 0x28, 0x28, 0x21, 0x21, 0x17, 0x21, 0x24, 0x24, 0x28,
  0x4a, 0x51, 0x4f, 0x43, 0x41, 0x2e, 0x2e, 0x2d, 0x2e, 0x34, 0x2c, 0x2c, 0x28, 0x17, 0x18, 0x08, 0x02, 0x02, 0x09, 0x1e, 0x19, 0x19, 0x14, 0x0b, 0x06, 0x03, 0x06, 0x0b, 0x16, 0x31, 0x3d, 0x54, 0x34, 0x17, 0x0b, 0x17, 0x28, 0x3a, 0x3b, 0x3b, 0x2c, 0x21, 0x17, 0x2c, 0x54, 0x55, 0x59, 0x46, 0x2a, 0x2a, 0x3b, 0x48, 0x41, 0x41, 0x4e, 0x43, 0x41, 0x43, 0x48, 0x2e, 0x30, 0x3b, 0x2c, 0x2a, 0x31, 0x19, 0x0c, 0x05, 0x02, 0x02, 0x02, 0x08, 0x06, 0x14, 0x24, 0x2a, 0x24, 0x24, 0x28, 0x24, 0x16, 0x12, 0x16, 0x1f, 0x27, 0x1f, 0x1b, 0x27, 0x27, 0x1f, 0x1f, 0x1a, 0x12, 0x1a, 0x1a, 0x1a, 0x1f, 0x34, 0x3a, 0x30, 0x39, 0x3a, 0x28, 0x27, 0x27, 0x1f, 0x1b, 0x12, 0x0f, 0x0a, 0x06, 0x03, 0x06, 0x06, 0x0a, 0x0f, 0x16, 0x16, 0x16, 0x24, 0x45, 0x67, 0x73, 0x73, 0x53, 0x15, 0x04, 0x04, 0x08, 0x10, 0x20, 0x2f, 0x4e, 0x64, 0x70, 0x81, 0x89, 0x8c, 0x8c, 0x8c, 0xa5, 0xb0, 0xb0, 0xb0, 0xaa, 0xae, 0xc3, 0xb0, 0xb0, 0xc3, 0xc2, 0xb0, 0xad, 0xa6, 0xa4, 0xa2, 0xa2, 0x90, 0x8a, 0x83, 0x6e, 0x6a, 0x6a, 0x6a, 0x4c, 0x2d, 0x2d, 0x2d, 0x29, 0x29, 0x2d, 0x2d, 0x49, 0x49, 0x4c, 0x6a, 0x6e, 0x6e, 0x6a, 0x6a, 0x6f, 0x82, 0x83, 0x89, 0x8a, 0x8b, 0x8b, 0x8c, 0x8b, 0x8c, 0xa1, 0xa4, 0xa4, 0xa1, 0xa1, 0xa1, 0xa3, 0xa3, 0xa9, 0xa9, 0xa4, 0xa4, 0xa4, 0xa3, 0xa3, 0xa4, 0xa9, 0xa9, 0xaa, 0xaa, 0xaa, 0xab, 0xac, 0xc0, 0xc1, 0xc4, 0xc5, 0xc4, 0xc5, 0xc5, 0xc5, 0xc4, 0xc4, 0xc7, 0xc5, 0xc5, 0xc5, 0xca, 0xcb, 0xd8, 0xef, 0xf5, 0xf5, 0xf6, 0xf7, 0xfc, 0xf9, 0xfe, 0xff, 0xff, 0xfb, 0xfb, 0xfb, 0xfb, 0xff, 0xfb, 0xf9, 0xf3, 0xf5, 0xf4, 0xde, 0xdc, 0xda, 0xda, 0xdc, 0xd6, 0xd6, 0xd3, 0xd1, 0xd5, 0xd6, 0xdc, 0xdc, 0xde, 0xdc, 0xdc, 0xdc, 0xdc, 0xdb, 0xdb, 0xf1, 0xf1, 0xdd, 0xde, 0xde, 0xde, 0xde, 0xde, 0xde, 0xde, 0xde, 0xde, 0xdd, 0xde, 0xd9, 0xcb, 0xaf, 0x8f, 0x8a, 0x90, 0x90, 0x84, 0x6e, 0x6e, 0x82, 0x86, 0x7c, 0x66, 0x2c, 0x12, 0x0a, 0x06, 0x12, 0x16, 0x13, 0x1a, 0x1f, 0x1b, 0x27, 0x28, 0x28, 0x28, 0x28, 0x21, 0x21, 0x17, 0x21, 0x21, 0x21, 0x21,
  0x50, 0x58, 0x4f, 0x4b, 0x43, 0x30, 0x41, 0x30, 0x42, 0x3b, 0x39, 0x30, 0x28, 0x21, 0x18, 0x03, 0x02, 0x02, 0x0c, 0x1e, 0x25, 0x25, 0x25, 0x23, 0x18, 0x0c, 0x03, 0x06, 0x0b, 0x1f, 0x3a, 0x3d, 0x34, 0x17, 0x12, 0x21, 0x34, 0x47, 0x47, 0x30, 0x21, 0x17, 0x21, 0x34, 0x54, 0x55, 0x54, 0x34, 0x21, 0x17, 0x2c, 0x3b, 0x45, 0x4e, 0x4f, 0x4b, 0x4f, 0x4b, 0x46, 0x40, 0x42, 0x3b, 0x39, 0x2c, 0x32, 0x25, 0x0c, 0x05, 0x02, 0x02, 0x03, 0x0c, 0x0c, 0x14, 0x1c, 0x24, 0x24, 0x24, 0x28, 0x21, 0x12, 0x0b, 0x12, 0x1d, 0x1f, 0x1f, 0x27, 0x34, 0x34, 0x27, 0x34, 0x27, 0x16, 0x12, 0x1a, 0x1a, 0x1f, 0x34, 0x3b, 0x3b, 0x3a, 0x2c, 0x28, 0x28, 0x27, 0x1d, 0x1d, 0x16, 0x0f, 0x0d, 0x06, 0x03, 0x06, 0x06, 0x06, 0x0b, 0x1a, 0x16, 0x16, 0x17, 0x24, 0x4e, 0x64, 0x66, 0x53, 0x1c, 0x08, 0x04, 0x08, 0x10, 0x22, 0x39, 0x4e, 0x64, 0x7b, 0x84, 0x8a, 0x8c, 0xa2, 0xa2, 0xa6, 0xad, 0xad, 0xb0, 0xb0, 0xc2, 0xc2, 0xc3, 0xb0, 0xa6, 0xa5, 0xa2, 0xa5, 0xa2, 0xa2, 0xa5, 0xa2, 0x90, 0x8a, 0x83, 0x6e, 0x6a, 0x6a, 0x6a, 0x4c, 0x40, 0x49, 0x40, 0x2d, 0x2d, 0x2d, 0x2d, 0x40, 0x49, 0x62, 0x6a, 0x6e, 0x6e, 0x6e, 0x6a, 0x6e, 0x81, 0x83, 0x89, 0x8a, 0x8b, 0x8b, 0x8c, 0x8c, 0x8c, 0xa1, 0xa3, 0xa4, 0xa4, 0xa3, 0xa3, 0xa4, 0xa3, 0xa9, 0xa9, 0xa4, 0xa9, 0xa4, 0xa4, 0xa9, 0xa9, 0xab, 0xaa, 0xa4, 0xa6, 0xae, 0xc0, 0xc1, 0xc1, 0xc1, 0xc1, 0xc4, 0xc4, 0xc4, 0xc5, 0xc7, 0xc4, 0xc4, 0xc5, 0xc5, 0xc5, 0xc4, 0xc4, 0xca, 0xcb, 0xcf, 0xdb, 0xef, 0xef, 0xf6, 0xf6, 0xf7, 0xfc, 0xfe, 0xfe, 0xfe, 0xfe, 0xfb, 0xfb, 0xfe, 0xfe, 0xf9, 0xf3, 0xf2, 0xf1, 0xdc, 0xdc, 0xdc, 0xd6, 0xd5, 0xd2, 0xd5, 0xd1, 0xca, 0xd2, 0xd5, 0xd6, 0xd6, 0xdc, 0xde, 0xdc, 0xdc, 0xdc, 0xd9, 0xdb, 0xf1, 0xf1, 0xdd, 0xde, 0xde, 0xde, 0xde, 0xde, 0xde, 0xde, 0xde, 0xf1, 0xf1, 0xd8, 0xc8, 0xa8, 0xa8, 0xa8, 0xa7, 0xa8, 0xa7, 0x84, 0x6e, 0x6a, 0x81, 0x8e, 0x88, 0x79, 0x57, 0x24, 0x0b, 0x0b, 0x12, 0x16, 0x12, 0x1a, 0x1f, 0x1f, 0x28, 0x2c, 0x2c, 0x24, 0x17, 0x21, 0x21, 0x24, 0x28, 0x21, 0x17, 0x21,
  0x57, 0x57, 0x50, 0x4e, 0x30, 0x2e, 0x30, 0x2e, 0x48, 0x43, 0x42, 0x2e, 0x2a, 0x28, 0x1d, 0x0b, 0x02, 0x03, 0x18, 0x1e, 0x31, 0x31, 0x32, 0x2c, 0x2c, 0x23, 0x10, 0x03, 0x08, 0x16, 0x2c, 0x34, 0x27, 0x13, 0x17, 0x34, 0x3d, 0x54, 0x3d, 0x28, 0x21, 0x17, 0x28, 0x3b, 0x47, 0x54, 0x2c, 0x1f, 0x0b, 0x0b, 0x21, 0x2c, 0x3a, 0x54, 0x59, 0x58, 0x58, 0x58, 0x4a, 0x40, 0x2f, 0x42, 0x46, 0x3b, 0x2a, 0x24, 0x10, 0x05, 0x01, 0x02, 0x06, 0x0d, 0x18, 0x0b, 0x18, 0x25, 0x31, 0x28, 0x2c, 0x21, 0x17, 0x17, 0x17, 0x17, 0x1d, 0x1b, 0x1d, 0x2c, 0x3a, 0x34, 0x34, 0x28, 0x27, 0x17, 0x17, 0x1d, 0x17, 0x27, 0x34, 0x2c, 0x27, 0x21, 0x21, 0x2c, 0x34, 0x1d, 0x16, 0x13, 0x0d, 0x0a, 0x06, 0x03, 0x03, 0x06, 0x0c, 0x06, 0x1e, 0x1b, 0x13, 0x17, 0x28, 0x2e, 0x43, 0x4e, 0x44, 0x1c, 0x08, 0x08, 0x08, 0x0b, 0x24, 0x3a, 0x4f, 0x6b, 0x82, 0x84, 0x89, 0x8f, 0xa5, 0xa6, 0xa4, 0xa6, 0xaa, 0xb0, 0xc3, 0xc3, 0xb0, 0xb0, 0xaf, 0xa1, 0x89, 0x8b, 0x8c, 0x8b, 0xa2, 0xa5, 0x90, 0x8a, 0x8a, 0x83, 0x6e, 0x6a, 0x6a, 0x6a, 0x62, 0x40, 0x40, 0x40, 0x44, 0x38, 0x40, 0x49, 0x4c, 0x62, 0x62, 0x62, 0x6a, 0x6a, 0x6a, 0x6e, 0x81, 0x83, 0x83, 0x89, 0x8b, 0x8a, 0x8b, 0x8b, 0x8c, 0xa1, 0xa1, 0x8c, 0xa1, 0xa1, 0xa1, 0xa3, 0xa9, 0xa4, 0xa3, 0xa3, 0xa3, 0xa4, 0xa9, 0xa3, 0xa9, 0xa9, 0xa9, 0xac, 0xaf, 0xad, 0xae, 0xc1, 0xc1, 0xc1, 0xc1, 0xc1, 0xc4, 0xc4, 0xc1, 0xc1, 0xc4, 0xc4, 0xc4, 0xc4, 0xc4, 0xc4, 0xc5, 0xc7, 0xd0, 0xd2, 0xd5, 0xd4, 0xcb, 0xd9, 0xf4, 0xf5, 0xf5, 0xf7, 0xfc, 0xfc, 0xf9, 0xfe, 0xfe, 0xfe, 0xfe, 0xfc, 0xf5, 0xf0, 0xf1, 0xde, 0xd7, 0xd6, 0xd6, 0xd7, 0xd7, 0xd3, 0xd3, 0xd3, 0xd1, 0xd3, 0xd6, 0xd5, 0xd6, 0xd7, 0xd7, 0xd7, 0xd6, 0xd7, 0xdc, 0xdd, 0xde, 0xde, 0xdd, 0xdd, 0xf1, 0xf1, 0xf1, 0xdd, 0xdc, 0xde, 0xde, 0xde, 0xd8, 0xb7, 0xb2, 0xb5, 0xcc, 0xce, 0xb7, 0xb2, 0xa7, 0x8e, 0x6e, 0x6a, 0x7b, 0x87, 0x88, 0x85, 0x79, 0x44, 0x14, 0x0b, 0x0f, 0x1a, 0x13, 0x1b, 0x1f, 0x27, 0x34, 0x2c, 0x2c, 0x28, 0x1d, 0x27, 0x27, 0x27, 0x27, 0x1d, 0x1d, 0x1d,
  0x58, 0x50, 0x57, 0x4f, 0x4b, 0x43, 0x42, 0x42, 0x4f, 0x4e, 0x42, 0x2e, 0x30, 0x34, 0x1f, 0x18, 0x08, 0x02, 0x0c, 0x25, 0x35, 0x34, 0x3d, 0x54, 0x3d, 0x34, 0x1c, 0x09, 0x03, 0x12, 0x31, 0x27, 0x1d, 0x12, 0x17, 0x34, 0x54, 0x54, 0x3a, 0x24, 0x17, 0x17, 0x34, 0x47, 0x47, 0x3a, 0x17, 0x12, 0x0a, 0x0b, 0x16, 0x21, 0x2c, 0x47, 0x57, 0x67, 0x58, 0x51, 0x58, 0x41, 0x2d, 0x30, 0x54, 0x47, 0x2c, 0x22, 0x10, 0x05, 0x02, 0x02, 0x0c, 0x18, 0x1e, 0x1e, 0x1e, 0x25, 0x31, 0x28, 0x2c, 0x2a, 0x28, 0x28, 0x21, 0x1d, 0x1d, 0x1d, 0x1d, 0x2c, 0x3a, 0x3a, 0x3a, 0x3d, 0x3a, 0x28, 0x17, 0x1d, 0x1d, 0x16, 0x17, 0x21, 0x17, 0x1d, 0x1d, 0x28, 0x34, 0x27, 0x1d, 0x1b, 0x0b, 0x06, 0x03, 0x02, 0x03, 0x0c, 0x0c, 0x06, 0x0d, 0x18, 0x16, 0x16, 0x21, 0x41, 0x4b, 0x57, 0x56, 0x26, 0x08, 0x02, 0x03, 0x0d, 0x1d, 0x39, 0x57, 0x65, 0x70, 0x84, 0x89, 0x8f, 0xa2, 0xa6, 0xa6, 0xad, 0xad, 0xb0, 0xc2, 0xc2, 0xc2, 0xc2, 0xb0, 0xa2, 0x8b, 0x8b, 0x8c, 0x8c, 0xa1, 0xa5, 0x90, 0x8f, 0x8a, 0x83, 0x6e, 0x6a, 0x6a, 0x6a, 0x62, 0x4c, 0x62, 0x49, 0x49, 0x4c, 0x49, 0x62, 0x62, 0x62, 0x6a, 0x6a, 0x6b, 0x6a, 0x6e, 0x6e, 0x81, 0x83, 0x83, 0x83, 0x8a, 0x8b, 0x8b, 0x8c, 0xa1, 0xa3, 0xa3, 0xa1, 0xa1, 0xa3, 0xa3, 0xa4, 0xa4, 0xa3, 0xa3, 0xa9, 0xa3, 0xa4, 0xa9, 0xa9, 0xa9, 0xa9, 0xab, 0xae, 0xad, 0xa6, 0xac, 0xae, 0xae, 0xae, 0xc1, 0xc4, 0xc4, 0xc5, 0xc4, 0xc4, 0xc5, 0xc5, 0xc5, 0xc4, 0xc2, 0xc2, 0xc4, 0xc7, 0xd0, 0xca, 0xca, 0xc9, 0xc9, 0xd2, 0xdc, 0xde, 0xf1, 0xf4, 0xf6, 0xf6, 0xf7, 0xfc, 0xfc, 0xfc, 0xf7, 0xf6, 0xef, 0xdd, 0xdd, 0xdc, 0xd7, 0xd3, 0xd1, 0xd3, 0xd2, 0xd1, 0xd2, 0xd3, 0xd3, 0xd7, 0xd6, 0xd3, 0xd5, 0xd6, 0xd7, 0xd7, 0xd7, 0xd7, 0xdc, 0xdd, 0xde, 0xde, 0xde, 0xdd, 0xde, 0xde, 0xdd, 0xdb, 0xdb, 0xda, 0xdc, 0xda, 0xce, 0xb7, 0xb8, 0xcc, 0xcc, 0xce, 0xce, 0xb8, 0xb2, 0xa7, 0x87, 0x6a, 0x6a, 0x7b, 0x8e, 0x8e, 0x88, 0x66, 0x21, 0x0b, 0x0b, 0x0f, 0x13, 0x1b, 0x27, 0x34, 0x34, 0x2c, 0x28, 0x27, 0x27, 0x28, 0x27, 0x1d, 0x1d, 0x1d, 0x1d, 0x27,
  0x50, 0x50, 0x64, 0x49, 0x50, 0x58, 0x4a, 0x4b, 0x4b, 0x4e, 0x48, 0x46, 0x3b, 0x34, 0x27, 0x1c, 0x0c, 0x03, 0x0c, 0x1e, 0x36, 0x3d, 0x54, 0x54, 0x3d, 0x34, 0x25, 0x12, 0x06, 0x12, 0x31, 0x34, 0x1d, 0x16, 0x21, 0x3a, 0x54, 0x54, 0x34, 0x2a, 0x24, 0x28, 0x3a, 0x54, 0x3b, 0x28, 0x0b, 0x0a, 0x06, 0x0b, 0x0b, 0x16, 0x24, 0x46, 0x54, 0x58, 0x58, 0x58, 0x58, 0x43, 0x30, 0x46, 0x48, 0x47, 0x34, 0x21, 0x0b, 0x08, 0x02, 0x02, 0x0c, 0x1e, 0x31, 0x25, 0x1c, 0x25, 0x2c, 0x39, 0x3a, 0x3a, 0x3b, 0x34, 0x27, 0x1d, 0x1d, 0x1d, 0x27, 0x34, 0x3a, 0x3b, 0x55, 0x55, 0x54, 0x34, 0x2a, 0x2c, 0x28, 0x1d, 0x17, 0x17, 0x17, 0x1d, 0x27, 0x28, 0x27, 0x27, 0x1f, 0x1f, 0x0f, 0x06, 0x03, 0x02, 0x03, 0x06, 0x06, 0x03, 0x03, 0x0a, 0x12, 0x12, 0x17, 0x2a, 0x46, 0x57, 0x53, 0x33, 0x09, 0x02, 0x02, 0x0b, 0x17, 0x34, 0x57, 0x65, 0x70, 0x84, 0x89, 0x8f, 0xa2, 0xa6, 0xad, 0xb0, 0xad, 0xaa, 0xae, 0xae, 0xb0, 0xb0, 0xad, 0xa4, 0xa1, 0xa1, 0xa2, 0xa2, 0xa2, 0xa2, 0x90, 0x8f, 0x89, 0x81, 0x81, 0x6e, 0x6e, 0x6a, 0x62, 0x62, 0x6b, 0x62, 0x56, 0x4c, 0x4c, 0x6a, 0x6a, 0x6a, 0x6b, 0x6f, 0x70, 0x6f, 0x6e, 0x6e, 0x81, 0x83, 0x83, 0x83, 0x89, 0x8a, 0x8a, 0x8c, 0xa1, 0xa1, 0xa3, 0xa1, 0xa1, 0xa3, 0xa3, 0xa4, 0xa3, 0xa3, 0xa4, 0xa9, 0xa4, 0xa9, 0xab, 0xab, 0xa9, 0xa9, 0xab, 0xc0, 0xb0, 0xae, 0xb0, 0xc2, 0xb0, 0xc2, 0xc4, 0xc6, 0xc6, 0xca, 0xca, 0xca, 0xd0, 0xd1, 0xd1, 0xd0, 0xca, 0xca, 0xc7, 0xc6, 0xca, 0xca, 0xca, 0xc6, 0xca, 0xca, 0xd1, 0xd2, 0xd5, 0xda, 0xdb, 0xf2, 0xf5, 0xf6, 0xf6, 0xf5, 0xf2, 0xf0, 0xef, 0xdd, 0xda, 0xd6, 0xd6, 0xd3, 0xd2, 0xd1, 0xca, 0xc6, 0xca, 0xd2, 0xd7, 0xd6, 0xd5, 0xd2, 0xd5, 0xd6, 0xd6, 0xd6, 0xd7, 0xd7, 0xde, 0xdc, 0xdd, 0xde, 0xde, 0xdd, 0xde, 0xdd, 0xdb, 0xf1, 0xf0, 0xd9, 0xdb, 0xd9, 0xce, 0xce, 0xcc, 0xcd, 0xcd, 0xce, 0xe3, 0xcc, 0xb6, 0xb2, 0x99, 0x6f, 0x49, 0x6a, 0x8e, 0x99, 0x8e, 0x7c, 0x45, 0x16, 0x12, 0x0b, 0x13, 0x1b, 0x27, 0x28, 0x34, 0x2c, 0x28, 0x2c, 0x28, 0x27, 0x27, 0x1f, 0x1f, 0x1d, 0x1d, 0x1d,
  0x65, 0x65, 0x4c, 0x4c, 0x51, 0x58, 0x4d, 0x51, 0x4a, 0x57, 0x43, 0x42, 0x3b, 0x39, 0x34, 0x23, 0x10, 0x08, 0x08, 0x18, 0x32, 0x3d, 0x3d, 0x3b, 0x54, 0x3d, 0x32, 0x1c, 0x0b, 0x0b, 0x1f, 0x28, 0x17, 0x21, 0x28, 0x47, 0x55, 0x54, 0x39, 0x2c, 0x34, 0x39, 0x54, 0x54, 0x2f, 0x17, 0x0b, 0x0b, 0x0b, 0x0b, 0x0b, 0x12, 0x21, 0x3b, 0x4f, 0x58, 0x67, 0x64, 0x50, 0x4f, 0x58, 0x4f, 0x48, 0x3b, 0x2c, 0x1d, 0x12, 0x0c, 0x03, 0x03, 0x0c, 0x1e, 0x31, 0x25, 0x12, 0x24, 0x3a, 0x3b, 0x47, 0x3b, 0x54, 0x47, 0x2c, 0x28, 0x1d, 0x1d, 0x28, 0x39, 0x3b, 0x47, 0x55, 0x54, 0x54, 0x3b, 0x34, 0x3a, 0x2c, 0x27, 0x1f, 0x17, 0x16, 0x1f, 0x1f, 0x27, 0x31, 0x1f, 0x1f, 0x1f, 0x13, 0x06, 0x06, 0x02, 0x03, 0x06, 0x03, 0x03, 0x03, 0x03, 0x0b, 0x16, 0x1d, 0x2c, 0x46, 0x55, 0x54, 0x33, 0x10, 0x08, 0x02, 0x06, 0x16, 0x34, 0x57, 0x68, 0x70, 0x84, 0x8d, 0x8f, 0x90, 0xa6, 0xa6, 0xad, 0xa6, 0xa6, 0xaa, 0xad, 0xad, 0xae, 0xac, 0xaa, 0xa2, 0xa1, 0xa4, 0xa2, 0x8c, 0x8b, 0x8b, 0x8b, 0x89, 0x83, 0x83, 0x81, 0x6e, 0x6e, 0x6a, 0x62, 0x6a, 0x65, 0x63, 0x62, 0x62, 0x6a, 0x62, 0x6a, 0x6b, 0x70, 0x82, 0x7b, 0x81, 0x81, 0x83, 0x89, 0x89, 0x8a, 0x8b, 0x8a, 0x8b, 0x8b, 0x8c, 0xa1, 0xa1, 0xa1, 0xa1, 0x8c, 0xa1, 0xa3, 0xa4, 0xa4, 0xa9, 0xa9, 0xa9, 0xaa, 0xab, 0xab, 0xac, 0xac, 0xae, 0xc1, 0xc2, 0xc3, 0xc6, 0xc6, 0xca, 0xca, 0xca, 0xc9, 0xcb, 0xd5, 0xd6, 0xd5, 0xdc, 0xdc, 0xd6, 0xdc, 0xdc, 0xdc, 0xd5, 0xd2, 0xd1, 0xd1, 0xd0, 0xc7, 0xc7, 0xd0, 0xc7, 0xd0, 0xd1, 0xd2, 0xd5, 0xd5, 0xde, 0xde, 0xf0, 0xdb, 0xdd, 0xdd, 0xdc, 0xd6, 0xd2, 0xd1, 0xd1, 0xd1, 0xd1, 0xc6, 0xc6, 0xc6, 0xc6, 0xd0, 0xd1, 0xd1, 0xd2, 0xd3, 0xd3, 0xd3, 0xd5, 0xd6, 0xdc, 0xd6, 0xde, 0xdc, 0xdc, 0xde, 0xf1, 0xf1, 0xf1, 0xf0, 0xef, 0xf4, 0xf1, 0xcf, 0xcf, 0xe6, 0xce, 0xe1, 0xe1, 0xcd, 0xdf, 0xe1, 0xdf, 0xdf, 0xbe, 0xb6, 0xb4, 0x92, 0x4c, 0x4c, 0x86, 0x99, 0x9b, 0x94, 0x73, 0x21, 0x12, 0x0a, 0x12, 0x1b, 0x1f, 0x27, 0x27, 0x2c, 0x28, 0x2c, 0x27, 0x27, 0x27, 0x1f, 0x1d, 0x1d, 0x1d, 0x1f,
  0x6d, 0x6b, 0x4d, 0x4d, 0x50, 0x51, 0x64, 0x58, 0x58, 0x67, 0x43, 0x41, 0x42, 0x3b, 0x39, 0x24, 0x14, 0x08, 0x03, 0x18, 0x32, 0x3d, 0x3b, 0x47, 0x55, 0x54, 0x2c, 0x17, 0x0b, 0x0b, 0x17, 0x24, 0x17, 0x21, 0x2a, 0x47, 0x59, 0x55, 0x3b, 0x2e, 0x30, 0x47, 0x55, 0x47, 0x2a, 0x17, 0x14, 0x12, 0x12, 0x12, 0x12, 0x16, 0x21, 0x30, 0x54, 0x67, 0x67, 0x67, 0x4f, 0x57, 0x67, 0x58, 0x48, 0x3a, 0x28, 0x1d, 0x18, 0x0c, 0x03, 0x03, 0x0c, 0x1e, 0x35, 0x25, 0x17, 0x24, 0x39, 0x34, 0x30, 0x30, 0x47, 0x54, 0x54, 0x3a, 0x2c, 0x27, 0x28, 0x39, 0x47, 0x47, 0x47, 0x3b, 0x39, 0x34, 0x2c, 0x2c, 0x28, 0x28, 0x1f, 0x12, 0x12, 0x18, 0x18, 0x18, 0x18, 0x18, 0x1f, 0x1f, 0x1b, 0x13, 0x0b, 0x06, 0x06, 0x06, 0x06, 0x07, 0x06, 0x06, 0x0f, 0x1b, 0x1f, 0x2c, 0x3b, 0x54, 0x55, 0x38, 0x14, 0x08, 0x02, 0x03, 0x18, 0x39, 0x55, 0x68, 0x6f, 0x82, 0x8d, 0x8f, 0x8d, 0x90, 0xa6, 0xa6, 0xa6, 0xa6, 0xa6, 0xaa, 0xae, 0xae, 0xae, 0xaa, 0xa4, 0xa2, 0xa1, 0xa1, 0x8a, 0x89, 0x8b, 0x8a, 0x83, 0x83, 0x83, 0x81, 0x6f, 0x6f, 0x6f, 0x6a, 0x62, 0x62, 0x6a, 0x62, 0x6a, 0x62, 0x62, 0x6a, 0x6f, 0x70, 0x70, 0x70, 0x82, 0x84, 0x83, 0x83, 0x8a, 0x8b, 0x8a, 0x8a, 0x8b, 0x8c, 0x8c, 0xa1, 0xa3, 0xa3, 0x8c, 0x8c, 0xa1, 0xa3, 0xa3, 0xa4, 0xa9, 0xa4, 0xa4, 0xab, 0xab, 0xac, 0xae, 0xae, 0xc2, 0xc4, 0xc6, 0xca, 0xd1, 0xd2, 0xd5, 0xda, 0xda, 0xd4, 0xd9, 0xdd, 0xf1, 0xdd, 0xdb, 0xdd, 0xdd, 0xdd, 0xf1, 0xf1, 0xde, 0xde, 0xdc, 0xd7, 0xd3, 0xd0, 0xd0, 0xd1, 0xd0, 0xd0, 0xd0, 0xca, 0xd0, 0xd1, 0xd3, 0xd2, 0xd2, 0xd7, 0xd7, 0xd2, 0xd3, 0xd2, 0xca, 0xca, 0xca, 0xca, 0xca, 0xc3, 0xc6, 0xc7, 0xc6, 0xc6, 0xc6, 0xca, 0xd1, 0xd3, 0xd3, 0xd3, 0xd2, 0xd6, 0xd6, 0xda, 0xdc, 0xdc, 0xdd, 0xf1, 0xf4, 0xf4, 0xf4, 0xf1, 0xf0, 0xf2, 0xe6, 0xe1, 0xcd, 0xdf, 0xe1, 0xe1, 0xe4, 0xe2, 0xe2, 0xe0, 0xe0, 0xe2, 0xe0, 0xdf, 0xbf, 0x9e, 0x73, 0x40, 0x6a, 0x8e, 0x9c, 0x9c, 0x7c, 0x2f, 0x14, 0x0a, 0x12, 0x16, 0x1d, 0x27, 0x27, 0x27, 0x27, 0x27, 0x27, 0x27, 0x27, 0x1d, 0x1b, 0x1d, 0x1f, 0x27,
  0x68, 0x65, 0x62, 0x4d, 0x4d, 0x50, 0x64, 0x67, 0x67, 0x67, 0x4f, 0x46, 0x42, 0x47, 0x3b, 0x2b, 0x14, 0x03, 0x02, 0x0b, 0x31, 0x3d, 0x54, 0x54, 0x55, 0x47, 0x2a, 0x17, 0x12, 0x12, 0x17, 0x24, 0x24, 0x29, 0x29, 0x47, 0x67, 0x57, 0x42, 0x30, 0x46, 0x59, 0x57, 0x45, 0x2a, 0x22, 0x21, 0x21, 0x24, 0x24, 0x24, 0x28, 0x28, 0x30, 0x48, 0x67, 0x67, 0x67, 0x58, 0x67, 0x67, 0x58, 0x47, 0x34, 0x31, 0x18, 0x0d, 0x0c, 0x02, 0x03, 0x0c, 0x1e, 0x35, 0x31, 0x24, 0x2a, 0x3b, 0x2f, 0x2a, 0x2e, 0x47, 0x59, 0x59, 0x54, 0x34, 0x2c, 0x34, 0x39, 0x3a, 0x39, 0x34, 0x2c, 0x28, 0x28, 0x34, 0x34, 0x28, 0x25, 0x12, 0x06, 0x08, 0x0c, 0x0c, 0x08, 0x05, 0x0c, 0x1e, 0x31, 0x31, 0x31, 0x31, 0x13, 0x0b, 0x0a, 0x0d, 0x0f, 0x0d, 0x0d, 0x1a, 0x1f, 0x1f, 0x24, 0x30, 0x54, 0x4e, 0x44, 0x1c, 0x08, 0x02, 0x03, 0x12, 0x36, 0x54, 0x66, 0x6b, 0x7b, 0x87, 0x8d, 0x89, 0x8f, 0xa5, 0xa6, 0xa6, 0xa6, 0xa6, 0xa6, 0xad, 0xad, 0xa6, 0xa4, 0xa2, 0xa2, 0xa1, 0xa1, 0x8a, 0x8a, 0x8a, 0x83, 0x83, 0x83, 0x81, 0x81, 0x6f, 0x6e, 0x6a, 0x62, 0x6a, 0x6a, 0x6a, 0x62, 0x62, 0x62, 0x6e, 0x6e, 0x6f, 0x7b, 0x70, 0x81, 0x84, 0x84, 0x83, 0x83, 0x83, 0x8a, 0x89, 0x83, 0x8a, 0x8c, 0x8c, 0xa1, 0xa9, 0xa3, 0xa1, 0xa3, 0xa9, 0xa4, 0xa3, 0xa3, 0xa4, 0xa3, 0xa3, 0xaa, 0xae, 0xac, 0xae, 0xc2, 0xc6, 0xca, 0xd2, 0xd6, 0xde, 0xde, 0xdb, 0xdb, 0xe6, 0xd8, 0xce, 0xd8, 0xd8, 0xce, 0xcc, 0xcc, 0xcc, 0xce, 0xce, 0xd8, 0xf0, 0xf1, 0xde, 0xde, 0xde, 0xd3, 0xd3, 0xd3, 0xd0, 0xd0, 0xd1, 0xd0, 0xd0, 0xd0, 0xd0, 0xd0, 0xd1, 0xd1, 0xd0, 0xca, 0xd0, 0xca, 0xc7, 0xc6, 0xc7, 0xca, 0xc7, 0xc5, 0xc6, 0xc7, 0xc7, 0xc5, 0xc6, 0xc7, 0xd0, 0xd1, 0xd3, 0xd3, 0xd5, 0xd6, 0xdc, 0xdd, 0xdd, 0xdd, 0xf1, 0xf1, 0xf1, 0xf0, 0xe6, 0xe6, 0xe6, 0xe6, 0xe5, 0xe1, 0xe2, 0xe2, 0xe2, 0xe7, 0xe7, 0xe7, 0xe7, 0xe2, 0xe2, 0xe7, 0xe2, 0xe2, 0xe2, 0xba, 0x91, 0x44, 0x49, 0x86, 0x9b, 0x9b, 0x86, 0x4c, 0x20, 0x0b, 0x12, 0x16, 0x17, 0x1f, 0x1f, 0x1f, 0x1d, 0x1f, 0x1f, 0x1f, 0x1f, 0x1f, 0x1f, 0x1d, 0x1f, 0x1f,
  0x65, 0x65, 0x65, 0x64, 0x63, 0x50, 0x64, 0x64, 0x64, 0x57, 0x58, 0x4f, 0x48, 0x47, 0x3b, 0x24, 0x14, 0x03, 0x03, 0x0b, 0x25, 0x3d, 0x54, 0x46, 0x54, 0x54, 0x39, 0x24, 0x21, 0x12, 0x17, 0x24, 0x24, 0x30, 0x43, 0x4f, 0x69, 0x67, 0x4f, 0x41, 0x43, 0x58, 0x58, 0x46, 0x2f, 0x29, 0x2e, 0x30, 0x2f, 0x39, 0x3a, 0x3a, 0x3b, 0x54, 0x57, 0x58, 0x58, 0x64, 0x64, 0x64, 0x67, 0x55, 0x3b, 0x32, 0x25, 0x0d, 0x0c, 0x08, 0x05, 0x02, 0x03, 0x18, 0x25, 0x31, 0x34, 0x3b, 0x47, 0x2e, 0x29, 0x30, 0x54, 0x55, 0x54, 0x3a, 0x2c, 0x2c, 0x34, 0x34, 0x28, 0x27, 0x27, 0x21, 0x12, 0x17, 0x2c, 0x3d, 0x24, 0x0b, 0x08, 0x04, 0x04, 0x04, 0x01, 0x01, 0x01, 0x01, 0x0c, 0x19, 0x31, 0x36, 0x3d, 0x27, 0x1a, 0x13, 0x0f, 0x13, 0x1a, 0x13, 0x16, 0x1d, 0x1f, 0x2c, 0x47, 0x54, 0x44, 0x44, 0x23, 0x10, 0x02, 0x03, 0x0b, 0x32, 0x54, 0x66, 0x6b, 0x70, 0x84, 0x84, 0x83, 0x89, 0x8f, 0xa5, 0xa6, 0xa5, 0xa2, 0xa2, 0xa4, 0xa2, 0x8c, 0x8c, 0xa1, 0xa1, 0x8c, 0xa1, 0x8a, 0x8b, 0x89, 0x83, 0x83, 0x83, 0x83, 0x83, 0x81, 0x6f, 0x6f, 0x6a, 0x6e, 0x6a, 0x6e, 0x6e, 0x6a, 0x6a, 0x6a, 0x6f, 0x6f, 0x70, 0x7b, 0x82, 0x84, 0x83, 0x83, 0x83, 0x83, 0x83, 0x8a, 0x89, 0x8a, 0x8c, 0x8c, 0xa1, 0xa3, 0xa3, 0xa3, 0xa4, 0xa4, 0xa3, 0xa3, 0xa3, 0xa9, 0xa4, 0xa4, 0xae, 0xc2, 0xc4, 0xc3, 0xc6, 0xca, 0xd2, 0xdd, 0xde, 0xf4, 0xdb, 0xce, 0xcc, 0xbd, 0xbb, 0xb4, 0xb2, 0xb1, 0xb1, 0xb1, 0xb1, 0xb1, 0xb1, 0xb2, 0xbd, 0xce, 0xce, 0xdb, 0xf4, 0xde, 0xdc, 0xdc, 0xd6, 0xd2, 0xcb, 0xd1, 0xd1, 0xd1, 0xca, 0xc7, 0xc7, 0xd0, 0xc7, 0xc4, 0xc6, 0xc7, 0xc7, 0xc6, 0xc7, 0xc7, 0xc7, 0xc7, 0xc5, 0xc7, 0xc7, 0xc7, 0xc5, 0xc5, 0xc6, 0xca, 0xd1, 0xd3, 0xd6, 0xd5, 0xdc, 0xde, 0xde, 0xdd, 0xf4, 0xf4, 0xf1, 0xe6, 0xe6, 0xe3, 0xe3, 0xe1, 0xe5, 0xe9, 0xe4, 0xe9, 0xec, 0xe7, 0xea, 0xec, 0xe8, 0xe8, 0xe7, 0xe7, 0xe7, 0xe7, 0xe2, 0xe2, 0xe0, 0x9f, 0x56, 0x2d, 0x6a, 0x8e, 0xa7, 0x8e, 0x68, 0x2d, 0x12, 0x0b, 0x16, 0x1f, 0x1d, 0x1d, 0x1d, 0x1d, 0x1d, 0x1f, 0x27, 0x27, 0x27, 0x1f, 0x1a, 0x1a, 0x1b,
  0x68, 0x62, 0x50, 0x50, 0x4c, 0x4e, 0x64, 0x67, 0x64, 0x57, 0x4f, 0x4a, 0x42, 0x46, 0x3b, 0x2a, 0x20, 0x09, 0x03, 0x08, 0x1c, 0x39, 0x39, 0x30, 0x48, 0x4f, 0x3b, 0x2c, 0x21, 0x16, 0x1f, 0x28, 0x29, 0x46, 0x58, 0x58, 0x67, 0x69, 0x58, 0x58, 0x58, 0x58, 0x58, 0x4e, 0x43, 0x43, 0x4b, 0x48, 0x45, 0x47, 0x54, 0x3a, 0x3a, 0x54, 0x59, 0x58, 0x51, 0x58, 0x67, 0x57, 0x4e, 0x3b, 0x2b, 0x1e, 0x18, 0x03, 0x03, 0x05, 0x04, 0x02, 0x02, 0x0d, 0x1e, 0x25, 0x34, 0x47, 0x54, 0x42, 0x29, 0x2e, 0x45, 0x39, 0x3b, 0x2c, 0x21, 0x21, 0x27, 0x27, 0x1f, 0x1f, 0x1f, 0x16, 0x0b, 0x16, 0x34, 0x54, 0x28, 0x12, 0x08, 0x04, 0x01, 0x00, 0x00, 0x00, 0x00, 0x01, 0x01, 0x08, 0x18, 0x31, 0x36, 0x27, 0x1f, 0x1d, 0x1b, 0x1a, 0x1f, 0x1a, 0x13, 0x1d, 0x27, 0x28, 0x3a, 0x3b, 0x44, 0x54, 0x38, 0x19, 0x03, 0x02, 0x0c, 0x25, 0x53, 0x66, 0x6d, 0x6f, 0x6f, 0x81, 0x81, 0x83, 0x8a, 0x8f, 0x90, 0xa2, 0xa1, 0x8c, 0x8b, 0x8b, 0x89, 0x8b, 0x8b, 0x8a, 0x8a, 0x8c, 0x8a, 0x8a, 0x89, 0x89, 0x89, 0x83, 0x83, 0x84, 0x84, 0x82, 0x6e, 0x62, 0x6a, 0x6a, 0x6a, 0x6e, 0x6e, 0x6e, 0x6f, 0x6f, 0x6f, 0x6f, 0x7b, 0x82, 0x81, 0x83, 0x83, 0x83, 0x8a, 0x8a, 0x8a, 0x8a, 0x8c, 0xa1, 0x8c, 0xa1, 0xa1, 0xa1, 0xab, 0xab, 0xa3, 0xa3, 0xa3, 0xa4, 0xa4, 0xa3, 0xaa, 0xc1, 0xc2, 0xc2, 0xc3, 0xca, 0xd2, 0xde, 0xf1, 0xd9, 0xd8, 0xb8, 0xb1, 0x9a, 0x92, 0x92, 0x92, 0x7e, 0x74, 0x7e, 0x7e, 0x7e, 0x7e, 0x93, 0x9a, 0x99, 0xb1, 0xb8, 0xce, 0xf4, 0xf4, 0xf1, 0xdd, 0xde, 0xdc, 0xd4, 0xcb, 0xc9, 0xd0, 0xca, 0xc6, 0xc7, 0xca, 0xc7, 0xc3, 0xc6, 0xc7, 0xc5, 0xc5, 0xc5, 0xc5, 0xc7, 0xc7, 0xc5, 0xc7, 0xc5, 0xc5, 0xc5, 0xc5, 0xc7, 0xd0, 0xd1, 0xd3, 0xd7, 0xdc, 0xdc, 0xdc, 0xde, 0xf0, 0xf4, 0xf4, 0xe6, 0xe5, 0xe1, 0xe1, 0xe2, 0xe4, 0xe4, 0xeb, 0xeb, 0xed, 0xed, 0xe8, 0xea, 0xec, 0xea, 0xed, 0xec, 0xea, 0xea, 0xe8, 0xe7, 0xe8, 0xea, 0xbc, 0x7e, 0x2d, 0x40, 0x86, 0x9b, 0x8e, 0x7b, 0x4e, 0x1d, 0x0b, 0x12, 0x17, 0x1d, 0x1d, 0x1d, 0x1d, 0x1b, 0x1f, 0x27, 0x1f, 0x1f, 0x1b, 0x16, 0x16, 0x1b,
  0x69, 0x50, 0x4c, 0x50, 0x4e, 0x64, 0x69, 0x67, 0x64, 0x66, 0x50, 0x4a, 0x41, 0x43, 0x45, 0x39, 0x24, 0x10, 0x02, 0x02, 0x10, 0x2b, 0x2f, 0x42, 0x57, 0x4f, 0x47, 0x39, 0x28, 0x24, 0x32, 0x2c, 0x2f, 0x46, 0x58, 0x51, 0x4f, 0x64, 0x58, 0x58, 0x69, 0x67, 0x58, 0x58, 0x57, 0x64, 0x57, 0x50, 0x57, 0x57, 0x55, 0x47, 0x47, 0x55, 0x57, 0x58, 0x51, 0x4f, 0x67, 0x57, 0x41, 0x2a, 0x17, 0x0b, 0x0c, 0x02, 0x02, 0x01, 0x01, 0x02, 0x02, 0x0c, 0x19, 0x31, 0x39, 0x54, 0x57, 0x4f, 0x42, 0x2e, 0x2e, 0x2e, 0x2c, 0x28, 0x21, 0x21, 0x24, 0x27, 0x1f, 0x1f, 0x1f, 0x1b, 0x13, 0x1b, 0x34, 0x54, 0x3d, 0x25, 0x0c, 0x04, 0x01, 0x00, 0x00, 0x00, 0x00, 0x00, 0x01, 0x04, 0x0c, 0x31, 0x34, 0x27, 0x1d, 0x1d, 0x1a, 0x1a, 0x1b, 0x1a, 0x1b, 0x1f, 0x27, 0x28, 0x34, 0x3a, 0x45, 0x4e, 0x54, 0x31, 0x08, 0x02, 0x08, 0x1c, 0x44, 0x66, 0x79, 0x6f, 0x6e, 0x81, 0x81, 0x89, 0x8a, 0x8a, 0x8b, 0x8c, 0x8b, 0x8b, 0x8a, 0x89, 0x83, 0x8a, 0x8b, 0x89, 0x89, 0x8b, 0x8a, 0x89, 0x8a, 0x8b, 0x8a, 0x83, 0x83, 0x84, 0x84, 0x81, 0x6f, 0x6a, 0x6a, 0x62, 0x6a, 0x6e, 0x6a, 0x6a, 0x6f, 0x6f, 0x6e, 0x6f, 0x81, 0x81, 0x81, 0x83, 0x83, 0x89, 0x8a, 0x8b, 0x89, 0x8b, 0xa1, 0xa1, 0x8c, 0x8c, 0xa1, 0xa1, 0xa9, 0xab, 0xa4, 0xa3, 0xa3, 0xa3, 0xa3, 0xa9, 0xae, 0xc2, 0xc2, 0xc6, 0xd1, 0xd5, 0xdd, 0xdd, 0xcc, 0xb5, 0xb2, 0x94, 0x7e, 0x71, 0x71, 0x71, 0x71, 0x52, 0x52, 0x53, 0x71, 0x53, 0x71, 0x71, 0x74, 0x7e, 0x92, 0x9c, 0xb5, 0xcc, 0xce, 0xcf, 0xf0, 0xf4, 0xf1, 0xd9, 0xcb, 0xcb, 0xd1, 0xca, 0xca, 0xc7, 0xc6, 0xc6, 0xc7, 0xc7, 0xc7, 0xc5, 0xc5, 0xc5, 0xc5, 0xc5, 0xc5, 0xc5, 0xc7, 0xc4, 0xc4, 0xc5, 0xc7, 0xd0, 0xd0, 0xd1, 0xd3, 0xd6, 0xdc, 0xdc, 0xda, 0xdb, 0xef, 0xe6, 0xe6, 0xe3, 0xe3, 0xe3, 0xe2, 0xe7, 0xe9, 0xe9, 0xec, 0xed, 0xee, 0xee, 0xee, 0xed, 0xee, 0xee, 0xed, 0xee, 0xed, 0xec, 0xea, 0xea, 0xea, 0xe8, 0xe0, 0x9a, 0x49, 0x2d, 0x6f, 0x8e, 0x99, 0x86, 0x68, 0x2c, 0x14, 0x12, 0x16, 0x1b, 0x1b, 0x1b, 0x1b, 0x1b, 0x1d, 0x1d, 0x1b, 0x1b, 0x16, 0x1a, 0x1b, 0x1b,
  0x67, 0x58, 0x51, 0x4d, 0x51, 0x51, 0x64, 0x69, 0x69, 0x50, 0x49, 0x4c, 0x49, 0x43, 0x41, 0x45, 0x34, 0x19, 0x08, 0x08, 0x10, 0x23, 0x39, 0x45, 0x54, 0x55, 0x48, 0x3b, 0x39, 0x39, 0x34, 0x39, 0x45, 0x48, 0x58, 0x50, 0x4e, 0x4f, 0x67, 0x58, 0x67, 0x58, 0x58, 0x67, 0x57, 0x66, 0x66, 0x66, 0x66, 0x66, 0x57, 0x57, 0x57, 0x57, 0x58, 0x58, 0x58, 0x58, 0x59, 0x57, 0x46, 0x29, 0x16, 0x0b, 0x08, 0x02, 0x01, 0x00, 0x00, 0x01, 0x02, 0x0c, 0x19, 0x31, 0x3b, 0x57, 0x50, 0x51, 0x48, 0x2e, 0x2e, 0x2e, 0x2e, 0x2a, 0x29, 0x2a, 0x2c, 0x28, 0x27, 0x1d, 0x1b, 0x1f, 0x1f, 0x1f, 0x34, 0x3d, 0x3d, 0x36, 0x15, 0x04, 0x01, 0x00, 0x00, 0x00, 0x00, 0x00, 0x01, 0x04, 0x14, 0x32, 0x3a, 0x28, 0x1d, 0x13, 0x13, 0x1a, 0x1a, 0x1a, 0x1b, 0x1d, 0x27, 0x27, 0x2c, 0x39, 0x42, 0x48, 0x54, 0x32, 0x0c, 0x02, 0x04, 0x15, 0x38, 0x57, 0x6b, 0x6b, 0x6e, 0x6e, 0x81, 0x84, 0x84, 0x83, 0x89, 0x89, 0x8a, 0x8b, 0x8a, 0x89, 0x89, 0x8a, 0x8a, 0x89, 0x8a, 0x8b, 0x8a, 0x8a, 0x8a, 0x89, 0x83, 0x83, 0x81, 0x81, 0x81, 0x6e, 0x6f, 0x6a, 0x62, 0x62, 0x6a, 0x6a, 0x6a, 0x6e, 0x6e, 0x6f, 0x6f, 0x6f, 0x81, 0x81, 0x83, 0x83, 0x83, 0x89, 0x8a, 0x8a, 0x83, 0x8b, 0x8c, 0x8c, 0x8c, 0x8c, 0x8c, 0xa2, 0xa4, 0xa9, 0xa9, 0xa4, 0xa3, 0xa3, 0xa9, 0xac, 0xc1, 0xc2, 0xc5, 0xd1, 0xdd, 0xf0, 0xe6, 0xbd, 0x9c, 0x92, 0x7e, 0x71, 0x71, 0x3c, 0x3c, 0x26, 0x26, 0x26, 0x26, 0x26, 0x26, 0x26, 0x26, 0x26, 0x3c, 0x71, 0x71, 0x74, 0x92, 0x9a, 0xb1, 0xb8, 0xce, 0xe6, 0xf0, 0xd9, 0xdb, 0xda, 0xd5, 0xca, 0xca, 0xca, 0xca, 0xc6, 0xc6, 0xc7, 0xc5, 0xc5, 0xc6, 0xc6, 0xc6, 0xc5, 0xc4, 0xc5, 0xc5, 0xc2, 0xc1, 0xc5, 0xc7, 0xd0, 0xca, 0xd1, 0xd6, 0xd6, 0xdd, 0xdb, 0xef, 0xd9, 0xe6, 0xe3, 0xe1, 0xe1, 0xe2, 0xe2, 0xe7, 0xe8, 0xea, 0xed, 0xed, 0xee, 0xee, 0xee, 0xf8, 0xf8, 0xf8, 0xf8, 0xee, 0xf8, 0xf8, 0xee, 0xed, 0xed, 0xed, 0xe7, 0xe7, 0xba, 0x74, 0x40, 0x62, 0x88, 0x8e, 0x87, 0x6f, 0x49, 0x20, 0x12, 0x13, 0x13, 0x1a, 0x16, 0x17, 0x1d, 0x1b, 0x1a, 0x1b, 0x1b, 0x16, 0x1a, 0x1a, 0x1a,
  0x51, 0x4d, 0x4d, 0x43, 0x4a, 0x4a, 0x4d, 0x64, 0x64, 0x50, 0x49, 0x49, 0x4a, 0x40, 0x42, 0x47, 0x39, 0x1c, 0x08, 0x03, 0x09, 0x14, 0x2b, 0x54, 0x4e, 0x48, 0x48, 0x54, 0x54, 0x54, 0x3b, 0x45, 0x47, 0x4f, 0x4f, 0x57, 0x50, 0x4d, 0x67, 0x58, 0x58, 0x58, 0x58, 0x67, 0x67, 0x67, 0x69, 0x6c, 0x69, 0x66, 0x66, 0x67, 0x67, 0x58, 0x64, 0x64, 0x64, 0x64, 0x58, 0x58, 0x46, 0x28, 0x12, 0x06, 0x02, 0x02, 0x00, 0x00, 0x00, 0x01, 0x05, 0x0c, 0x19, 0x32, 0x47, 0x59, 0x64, 0x58, 0x4f, 0x30, 0x2e, 0x2e, 0x30, 0x3b, 0x46, 0x3b, 0x3b, 0x34, 0x21, 0x17, 0x16, 0x1f, 0x1f, 0x1f, 0x27, 0x34, 0x27, 0x32, 0x1e, 0x09, 0x04, 0x00, 0x00, 0x00, 0x00, 0x01, 0x04, 0x09, 0x1c, 0x34, 0x3d, 0x28, 0x1b, 0x0f, 0x0f, 0x0f, 0x1a, 0x1a, 0x13, 0x13, 0x1d, 0x1b, 0x1d, 0x2a, 0x42, 0x4a, 0x4e, 0x36, 0x19, 0x04, 0x04, 0x10, 0x33, 0x4e, 0x68, 0x6b, 0x6a, 0x6a, 0x6e, 0x81, 0x81, 0x81, 0x81, 0x83, 0x89, 0x89, 0x89, 0x89, 0x89, 0x8a, 0x8a, 0x8a, 0x8a, 0x8b, 0x8a, 0x89, 0x89, 0x81, 0x81, 0x81, 0x81, 0x6f, 0x6f, 0x6e, 0x6a, 0x62, 0x49, 0x49, 0x62, 0x6a, 0x6f, 0x82, 0x81, 0x6f, 0x6f, 0x6f, 0x81, 0x81, 0x83, 0x83, 0x89, 0x8a, 0x8a, 0x89, 0x89, 0x8a, 0x8b, 0x8c, 0xa2, 0xa1, 0xa1, 0xa4, 0xa9, 0xa9, 0xa9, 0xa9, 0xa9, 0xaa, 0xaa, 0xac, 0xc1, 0xc4, 0xca, 0xd6, 0xda, 0xce, 0xb5, 0x9a, 0x7e, 0x71, 0x71, 0x3c, 0x26, 0x3c, 0x26, 0x26, 0x15, 0x15, 0x15, 0x15, 0x15, 0x15, 0x15, 0x15, 0x26, 0x26, 0x3c, 0x52, 0x71, 0x74, 0x93, 0xb1, 0xb5, 0xcc, 0xe6, 0xf1, 0xf1, 0xd9, 0xcb, 0xcb, 0xca, 0xca, 0xca, 0xc6, 0xc7, 0xc7, 0xc5, 0xc5, 0xc5, 0xc6, 0xc6, 0xc4, 0xc4, 0xc5, 0xc5, 0xc4, 0xc2, 0xc4, 0xc7, 0xd1, 0xd1, 0xd3, 0xdc, 0xdc, 0xda, 0xdb, 0xdb, 0xcf, 0xce, 0xdf, 0xe1, 0xe4, 0xe2, 0xe0, 0xe7, 0xea, 0xea, 0xed, 0xee, 0xee, 0xee, 0xee, 0xf8, 0xf8, 0xee, 0xee, 0xf8, 0xee, 0xee, 0xee, 0xee, 0xee, 0xed, 0xea, 0xea, 0xe2, 0x97, 0x49, 0x2d, 0x70, 0x99, 0x8e, 0x82, 0x66, 0x29, 0x12, 0x0b, 0x0d, 0x0f, 0x13, 0x16, 0x1b, 0x13, 0x1a, 0x1b, 0x1b, 0x1b, 0x1a, 0x1a, 0x16,
  0x4d, 0x4a, 0x4a, 0x43, 0x41, 0x43, 0x4d, 0x51, 0x4d, 0x64, 0x64, 0x4a, 0x41, 0x43, 0x48, 0x47, 0x2c, 0x1e, 0x0c, 0x04, 0x08, 0x14, 0x2b, 0x44, 0x54, 0x46, 0x48, 0x48, 0x54, 0x54, 0x47, 0x45, 0x42, 0x4b, 0x4f, 0x58, 0x58, 0x58, 0x69, 0x67, 0x4a, 0x51, 0x67, 0x58, 0x67, 0x79, 0x6d, 0x6d, 0x6d, 0x69, 0x64, 0x67, 0x69, 0x64, 0x67, 0x64, 0x63, 0x67, 0x50, 0x50, 0x43, 0x29, 0x12, 0x0b, 0x03, 0x02, 0x01, 0x01, 0x00, 0x04, 0x05, 0x19, 0x1e, 0x32, 0x54, 0x69, 0x6c, 0x69, 0x58, 0x46, 0x30, 0x30, 0x3b, 0x48, 0x55, 0x54, 0x47, 0x2c, 0x17, 0x16, 0x1b, 0x1f, 0x1f, 0x1f, 0x27, 0x1f, 0x16, 0x1f, 0x25, 0x10, 0x04, 0x01, 0x01, 0x01, 0x04, 0x05, 0x0c, 0x1e, 0x31, 0x28, 0x34, 0x27, 0x1a, 0x0f, 0x0e, 0x0d, 0x0e, 0x0e, 0x0f, 0x12, 0x16, 0x16, 0x21, 0x2c, 0x4a, 0x4a, 0x4e, 0x53, 0x1e, 0x04, 0x04, 0x09, 0x26, 0x4e, 0x67, 0x6b, 0x6a, 0x6a, 0x6e, 0x81, 0x81, 0x81, 0x81, 0x84, 0x83, 0x81, 0x83, 0x83, 0x89, 0x89, 0x8a, 0x8a, 0x8a, 0x8a, 0x83, 0x83, 0x83, 0x81, 0x81, 0x6e, 0x81, 0x81, 0x81, 0x6e, 0x6a, 0x6a, 0x62, 0x4c, 0x62, 0x6e, 0x6f, 0x81, 0x81, 0x6e, 0x6e, 0x6e, 0x81, 0x81, 0x83, 0x89, 0x8a, 0x8b, 0x8a, 0x89, 0x8a, 0x8a, 0x8b, 0x8c, 0xa3, 0xa3, 0xa1, 0xa4, 0xa9, 0xa4, 0xa9, 0xa9, 0xa9, 0xac, 0xc1, 0xc2, 0xc6, 0xca, 0xd2, 0xd4, 0xc8, 0xb1, 0x93, 0x74, 0x71, 0x38, 0x26, 0x26, 0x15, 0x15, 0x15, 0x15, 0x15, 0x11, 0x11, 0x15, 0x15, 0x11, 0x15, 0x15, 0x15, 0x15, 0x26, 0x3c, 0x52, 0x71, 0x74, 0x7e, 0x97, 0xb1, 0xcc, 0xe6, 0xef, 0xd9, 0xd9, 0xd4, 0xd2, 0xcb, 0xca, 0xc6, 0xca, 0xc7, 0xc5, 0xc7, 0xc7, 0xc7, 0xc7, 0xc4, 0xc5, 0xc7, 0xc5, 0xc7, 0xca, 0xc6, 0xca, 0xd0, 0xcb, 0xd5, 0xda, 0xd9, 0xd8, 0xcf, 0xd8, 0xce, 0xcd, 0xe1, 0xe4, 0xe9, 0xe8, 0xe9, 0xec, 0xed, 0xed, 0xee, 0xee, 0xf8, 0xf8, 0xf8, 0xf8, 0xf8, 0xf8, 0xee, 0xf8, 0xf8, 0xed, 0xed, 0xee, 0xee, 0xee, 0xed, 0xee, 0xea, 0xb9, 0x74, 0x2d, 0x6b, 0x99, 0x9b, 0x8e, 0x7c, 0x40, 0x14, 0x0b, 0x0e, 0x0f, 0x13, 0x16, 0x1a, 0x13, 0x13, 0x1a, 0x1a, 0x1a, 0x1a, 0x1a, 0x13,
  0x4d, 0x4a, 0x4d, 0x4d, 0x4d, 0x4d, 0x58, 0x64, 0x51, 0x64, 0x64, 0x4d, 0x4d, 0x58, 0x48, 0x3a, 0x3b, 0x35, 0x15, 0x08, 0x04, 0x10, 0x26, 0x38, 0x2f, 0x48, 0x4b, 0x42, 0x39, 0x39, 0x3b, 0x42, 0x43, 0x4b, 0x50, 0x58, 0x58, 0x67, 0x69, 0x64, 0x4a, 0x51, 0x4d, 0x4d, 0x63, 0x6c, 0x6d, 0x6d, 0x6f, 0x6d, 0x6c, 0x69, 0x67, 0x4d, 0x51, 0x4d, 0x63, 0x6d, 0x65, 0x64, 0x48, 0x30, 0x21, 0x12, 0x09, 0x02, 0x02, 0x04, 0x01, 0x04, 0x05, 0x0c, 0x19, 0x2c, 0x54, 0x69, 0x79, 0x6d, 0x69, 0x58, 0x41, 0x43, 0x48, 0x55, 0x59, 0x55, 0x54, 0x34, 0x17, 0x16, 0x1f, 0x27, 0x1f, 0x1f, 0x1f, 0x1b, 0x1a, 0x1b, 0x1b, 0x18, 0x09, 0x05, 0x05, 0x05, 0x0c, 0x19, 0x1e, 0x31, 0x27, 0x1d, 0x1b, 0x1a, 0x13, 0x0f, 0x0f, 0x07, 0x0e, 0x0e, 0x0e, 0x0f, 0x1b, 0x27, 0x2c, 0x47, 0x4f, 0x4f, 0x57, 0x59, 0x32, 0x09, 0x01, 0x08, 0x1c, 0x44, 0x66, 0x68, 0x65, 0x6a, 0x6a, 0x6f, 0x6f, 0x6f, 0x81, 0x81, 0x81, 0x6e, 0x6e, 0x83, 0x84, 0x83, 0x83, 0x89, 0x8a, 0x8a, 0x89, 0x83, 0x83, 0x81, 0x81, 0x6e, 0x81, 0x81, 0x6f, 0x6f, 0x6a, 0x65, 0x62, 0x4c, 0x6a, 0x7b, 0x82, 0x81, 0x81, 0x81, 0x81, 0x83, 0x83, 0x83, 0x83, 0x83, 0x8a, 0x8b, 0x8b, 0x8a, 0x8a, 0x8b, 0x8c, 0x8c, 0x8c, 0xa1, 0x8c, 0xa3, 0xa9, 0xa4, 0xa9, 0xa9, 0xab, 0xc1, 0xc2, 0xc6, 0xcb, 0xd4, 0xd4, 0xc8, 0x9a, 0x7e, 0x71, 0x3c, 0x26, 0x15, 0x15, 0x15, 0x15, 0x11, 0x15, 0x15, 0x11, 0x11, 0x11, 0x11, 0x11, 0x11, 0x15, 0x15, 0x15, 0x15, 0x15, 0x26, 0x3c, 0x3c, 0x3c, 0x71, 0x7e, 0x92, 0xb1, 0xcc, 0xe3, 0xe6, 0xf4, 0xf1, 0xdd, 0xd4, 0xcb, 0xca, 0xd1, 0xd0, 0xc7, 0xc7, 0xc7, 0xc7, 0xc7, 0xc7, 0xc7, 0xc7, 0xc4, 0xc6, 0xd0, 0xca, 0xd1, 0xc9, 0xc8, 0xcb, 0xcf, 0xcf, 0xce, 0xcc, 0xe1, 0xe1, 0xe1, 0xe2, 0xe4, 0xe7, 0xe7, 0xea, 0xed, 0xee, 0xee, 0xee, 0xf8, 0xfa, 0xfa, 0xfb, 0xfa, 0xf9, 0xfa, 0xfa, 0xf8, 0xee, 0xf8, 0xf8, 0xf8, 0xf8, 0xf8, 0xf8, 0xf8, 0xf8, 0xe7, 0x92, 0x40, 0x62, 0x8e, 0xb5, 0x9b, 0x86, 0x66, 0x29, 0x12, 0x13, 0x13, 0x0f, 0x12, 0x13, 0x0f, 0x0f, 0x0f, 0x0f, 0x0f, 0x0f, 0x0f, 0x0f,
  0x58, 0x4a, 0x4d, 0x51, 0x4d, 0x4d, 0x51, 0x64, 0x51, 0x4d, 0x51, 0x51, 0x4d, 0x47, 0x3b, 0x39, 0x3a, 0x36, 0x19, 0x08, 0x04, 0x09, 0x1c, 0x33, 0x2f, 0x45, 0x43, 0x41, 0x45, 0x45, 0x45, 0x46, 0x4b, 0x51, 0x51, 0x4d, 0x4d, 0x67, 0x69, 0x67, 0x4d, 0x51, 0x4d, 0x4d, 0x65, 0x6b, 0x6f, 0x6f, 0x6f, 0x6d, 0x79, 0x69, 0x64, 0x4c, 0x4c, 0x62, 0x65, 0x6b, 0x63, 0x4d, 0x4f, 0x3a, 0x2a, 0x25, 0x0b, 0x0c, 0x08, 0x04, 0x04, 0x03, 0x03, 0x06, 0x1c, 0x2c, 0x55, 0x67, 0x69, 0x68, 0x69, 0x58, 0x43, 0x41, 0x47, 0x48, 0x59, 0x59, 0x54, 0x3a, 0x1d, 0x12, 0x16, 0x1b, 0x1a, 0x1a, 0x1b, 0x13, 0x13, 0x1b, 0x1f, 0x1b, 0x12, 0x06, 0x03, 0x0c, 0x19, 0x31, 0x31, 0x27, 0x27, 0x27, 0x1a, 0x0d, 0x0e, 0x0e, 0x0d, 0x07, 0x07, 0x0e, 0x0e, 0x0f, 0x1f, 0x28, 0x3a, 0x3b, 0x46, 0x4f, 0x57, 0x59, 0x52, 0x15, 0x04, 0x04, 0x14, 0x2b, 0x45, 0x57, 0x50, 0x62, 0x6a, 0x6a, 0x6a, 0x6f, 0x6f, 0x6e, 0x6e, 0x6e, 0x6e, 0x81, 0x84, 0x84, 0x83, 0x84, 0x89, 0x89, 0x89, 0x83, 0x84, 0x81, 0x6e, 0x6e, 0x81, 0x81, 0x81, 0x6e, 0x6a, 0x6a, 0x62, 0x62, 0x6e, 0x7b, 0x84, 0x84, 0x84, 0x89, 0x84, 0x89, 0x83, 0x83, 0x83, 0x83, 0x83, 0x8a, 0x8b, 0x8a, 0x8a, 0x8b, 0x8c, 0x8c, 0xa1, 0xa1, 0x8b, 0xa1, 0xa9, 0xa9, 0xa9, 0xaa, 0xad, 0xc2, 0xc3, 0xc9, 0xd4, 0xd4, 0xc8, 0x9a, 0x74, 0x53, 0x38, 0x26, 0x15, 0x15, 0x11, 0x15, 0x15, 0x11, 0x11, 0x15, 0x11, 0x11, 0x15, 0x15, 0x11, 0x11, 0x11, 0x15, 0x15, 0x15, 0x15, 0x15, 0x26, 0x15, 0x3c, 0x3c, 0x71, 0x74, 0x92, 0xb1, 0xbe, 0xe3, 0xf2, 0xf0, 0xf1, 0xdb, 0xd4, 0xd2, 0xd3, 0xd0, 0xc5, 0xc7, 0xc7, 0xc7, 0xc7, 0xc7, 0xd0, 0xd0, 0xca, 0xc9, 0xcb, 0xcb, 0xcb, 0xc8, 0xc8, 0xcc, 0xcc, 0xce, 0xe1, 0xe1, 0xe1, 0xe9, 0xe7, 0xe7, 0xeb, 0xea, 0xea, 0xed, 0xed, 0xf8, 0xf8, 0xf8, 0xf8, 0xf8, 0xf9, 0xfa, 0xfa, 0xfa, 0xfa, 0xfa, 0xf9, 0xf8, 0xf8, 0xf9, 0xf9, 0xf8, 0xf8, 0xfa, 0xfa, 0xf9, 0xea, 0x9d, 0x4c, 0x49, 0x86, 0xb2, 0xa7, 0x8e, 0x79, 0x2f, 0x17, 0x16, 0x13, 0x0f, 0x0f, 0x13, 0x13, 0x13, 0x0f, 0x0e, 0x0e, 0x0f, 0x0f, 0x0e,
  0x4d, 0x4a, 0x4d, 0x4d, 0x4a, 0x4a, 0x4d, 0x51, 0x51, 0x4a, 0x4f, 0x4f, 0x41, 0x2e, 0x2a, 0x32, 0x32, 0x35, 0x1e, 0x0c, 0x05, 0x08, 0x15, 0x26, 0x2f, 0x41, 0x43, 0x43, 0x4e, 0x4e, 0x4e, 0x4e, 0x50, 0x67, 0x64, 0x58, 0x64, 0x67, 0x64, 0x69, 0x65, 0x65, 0x65, 0x65, 0x6b, 0x6d, 0x70, 0x6f, 0x6f, 0x6f, 0x6d, 0x69, 0x69, 0x6c, 0x63, 0x62, 0x65, 0x65, 0x63, 0x50, 0x4b, 0x3b, 0x2f, 0x2a, 0x17, 0x23, 0x19, 0x10, 0x10, 0x0c, 0x0c, 0x0a, 0x17, 0x34, 0x55, 0x67, 0x69, 0x69, 0x69, 0x63, 0x40, 0x2e, 0x30, 0x3b, 0x54, 0x54, 0x3a, 0x28, 0x17, 0x12, 0x13, 0x1a, 0x12, 0x12, 0x12, 0x0f, 0x1a, 0x1f, 0x27, 0x1d, 0x17, 0x12, 0x06, 0x06, 0x18, 0x31, 0x35, 0x34, 0x1f, 0x1b, 0x0f, 0x0a, 0x07, 0x07, 0x06, 0x06, 0x07, 0x07, 0x0a, 0x0f, 0x27, 0x3a, 0x54, 0x3a, 0x42, 0x48, 0x4e, 0x55, 0x3d, 0x19, 0x04, 0x04, 0x10, 0x25, 0x2f, 0x48, 0x4d, 0x4d, 0x63, 0x63, 0x6a, 0x6b, 0x6a, 0x6a, 0x6a, 0x6e, 0x6e, 0x6e, 0x81, 0x84, 0x84, 0x84, 0x83, 0x83, 0x84, 0x83, 0x83, 0x83, 0x81, 0x81, 0x83, 0x83, 0x81, 0x81, 0x6a, 0x6a, 0x62, 0x6a, 0x6f, 0x81, 0x83, 0x89, 0x8a, 0x8b, 0x8a, 0x8a, 0x8a, 0x89, 0x8a, 0x8a, 0x89, 0x8a, 0x8b, 0x8b, 0x8a, 0x8c, 0x8c, 0xa1, 0xa3, 0xa3, 0xa1, 0xa3, 0xaa, 0xab, 0xab, 0xaa, 0xae, 0xc3, 0xc9, 0xd4, 0xd4, 0xb7, 0x94, 0x71, 0x38, 0x33, 0x26, 0x15, 0x15, 0x15, 0x15, 0x11, 0x11, 0x11, 0x11, 0x15, 0x11, 0x05, 0x11, 0x11, 0x11, 0x11, 0x11, 0x11, 0x11, 0x11, 0x11, 0x15, 0x15, 0x15, 0x26, 0x3c, 0x3c, 0x71, 0x74, 0x92, 0x9e, 0xbb, 0xe3, 0xe6, 0xf2, 0xf2, 0xd8, 0xd4, 0xd5, 0xd3, 0xc7, 0xc7, 0xc7, 0xc7, 0xc7, 0xc7, 0xd1, 0xd2, 0xd2, 0xcb, 0xcb, 0xc8, 0xc8, 0xcc, 0xcc, 0xcc, 0xcc, 0xe1, 0xe4, 0xe7, 0xe7, 0xea, 0xea, 0xe7, 0xea, 0xed, 0xed, 0xed, 0xee, 0xf8, 0xf9, 0xf8, 0xfa, 0xfa, 0xf8, 0xf8, 0xf8, 0xf8, 0xf8, 0xfa, 0xfa, 0xfa, 0xfa, 0xfa, 0xfa, 0xfa, 0xfa, 0xfb, 0xfa, 0xf9, 0xec, 0xbb, 0x7a, 0x4c, 0x81, 0xa8, 0xb2, 0x9b, 0x7c, 0x49, 0x21, 0x17, 0x12, 0x0e, 0x0d, 0x0f, 0x13, 0x13, 0x0f, 0x0f, 0x0f, 0x0e, 0x0d, 0x0e,
  0x4a, 0x43, 0x4a, 0x4a, 0x4d, 0x4d, 0x4a, 0x4a, 0x4a, 0x4a, 0x4a, 0x43, 0x2d, 0x29, 0x22, 0x1e, 0x1e, 0x19, 0x19, 0x0c, 0x04, 0x04, 0x09, 0x23, 0x2f, 0x40, 0x43, 0x4e, 0x4e, 0x4e, 0x4e, 0x4e, 0x50, 0x67, 0x67, 0x67, 0x69, 0x64, 0x50, 0x69, 0x6c, 0x6c, 0x65, 0x6b, 0x6d, 0x70, 0x82, 0x7b, 0x70, 0x6d, 0x6b, 0x69, 0x6c, 0x79, 0x65, 0x65, 0x6b, 0x68, 0x68, 0x64, 0x4f, 0x46, 0x42, 0x30, 0x24, 0x2b, 0x24, 0x25, 0x1c, 0x19, 0x12, 0x0b, 0x16, 0x34, 0x57, 0x67, 0x6c, 0x6d, 0x6c, 0x63, 0x40, 0x2d, 0x2e, 0x3b, 0x39, 0x34, 0x2c, 0x28, 0x1d, 0x16, 0x1b, 0x1a, 0x13, 0x13, 0x12, 0x1a, 0x1f, 0x27, 0x27, 0x27, 0x27, 0x1d, 0x0b, 0x06, 0x0b, 0x1b, 0x27, 0x27, 0x1b, 0x0f, 0x0a, 0x06, 0x03, 0x03, 0x03, 0x03, 0x06, 0x06, 0x07, 0x13, 0x27, 0x3d, 0x54, 0x47, 0x3a, 0x3b, 0x45, 0x55, 0x53, 0x1c, 0x08, 0x04, 0x09, 0x1c, 0x2b, 0x3b, 0x4e, 0x4d, 0x63, 0x62, 0x6a, 0x6b, 0x6a, 0x6a, 0x62, 0x6a, 0x6e, 0x6e, 0x81, 0x81, 0x81, 0x84, 0x81, 0x81, 0x83, 0x81, 0x83, 0x83, 0x83, 0x83, 0x83, 0x83, 0x84, 0x84, 0x81, 0x6e, 0x6e, 0x6e, 0x83, 0x83, 0x83, 0x89, 0x8b, 0x8a, 0x8a, 0x8b, 0x8c, 0x8b, 0x8b, 0x8c, 0x8c, 0x8c, 0x8c, 0x8c, 0x8c, 0xa1, 0xa1, 0xa1, 0xa4, 0xa9, 0xa4, 0xa3, 0xa9, 0xac, 0xab, 0xac, 0xad, 0xc3, 0xd2, 0xd4, 0xb8, 0x94, 0x71, 0x38, 0x26, 0x1c, 0x15, 0x15, 0x11, 0x11, 0x15, 0x11, 0x11, 0x11, 0x11, 0x11, 0x11, 0x05, 0x09, 0x11, 0x11, 0x11, 0x11, 0x11, 0x11, 0x11, 0x11, 0x11, 0x15, 0x15, 0x26, 0x3c, 0x3c, 0x71, 0x71, 0x71, 0x7e, 0x9d, 0xbb, 0xe3, 0xf2, 0xf2, 0xd8, 0xd4, 0xd5, 0xd6, 0xd1, 0xd1, 0xd1, 0xd1, 0xd0, 0xd1, 0xd2, 0xcb, 0xcb, 0xcb, 0xcc, 0xbd, 0xb8, 0xcc, 0xcd, 0xcd, 0xdf, 0xe4, 0xeb, 0xea, 0xea, 0xed, 0xed, 0xea, 0xea, 0xee, 0xee, 0xee, 0xf8, 0xf8, 0xfa, 0xf8, 0xf8, 0xf8, 0xfa, 0xfa, 0xfa, 0xfa, 0xfa, 0xfa, 0xfa, 0xfb, 0xfa, 0xfa, 0xfa, 0xff, 0xff, 0xff, 0xfa, 0xf9, 0xf3, 0xe3, 0x99, 0x6a, 0x81, 0xa8, 0xb7, 0xa7, 0x88, 0x4c, 0x29, 0x1d, 0x12, 0x0d, 0x0a, 0x0e, 0x0f, 0x0e, 0x0e, 0x0d, 0x0e, 0x0f, 0x0e, 0x0d,
  0x4d, 0x4a, 0x4a, 0x4a, 0x4d, 0x51, 0x51, 0x4d, 0x43, 0x40, 0x40, 0x40, 0x29, 0x14, 0x14, 0x10, 0x0c, 0x0c, 0x09, 0x04, 0x01, 0x01, 0x09, 0x1c, 0x29, 0x2e, 0x40, 0x50, 0x57, 0x50, 0x50, 0x49, 0x4c, 0x65, 0x67, 0x67, 0x67, 0x51, 0x4d, 0x63, 0x6d, 0x6d, 0x6b, 0x6c, 0x6d, 0x6b, 0x7b, 0x7b, 0x70, 0x6a, 0x62, 0x50, 0x66, 0x68, 0x69, 0x6d, 0x6d, 0x68, 0x69, 0x66, 0x4e, 0x48, 0x4a, 0x4f, 0x42, 0x2c, 0x24, 0x24, 0x31, 0x25, 0x18, 0x0b, 0x17, 0x2c, 0x57, 0x67, 0x69, 0x68, 0x65, 0x63, 0x4c, 0x43, 0x2e, 0x2e, 0x30, 0x3a, 0x2c, 0x28, 0x27, 0x1f, 0x1f, 0x1a, 0x13, 0x1a, 0x1a, 0x1b, 0x1f, 0x27, 0x3d, 0x3d, 0x3d, 0x34, 0x16, 0x0b, 0x0a, 0x0b, 0x16, 0x1b, 0x12, 0x0a, 0x06, 0x03, 0x02, 0x02, 0x02, 0x02, 0x03, 0x06, 0x07, 0x0f, 0x1a, 0x27, 0x3d, 0x3d, 0x34, 0x2a, 0x2f, 0x53, 0x53, 0x26, 0x09, 0x04, 0x08, 0x14, 0x31, 0x46, 0x4f, 0x51, 0x62, 0x4c, 0x62, 0x6b, 0x6f, 0x6f, 0x6e, 0x6e, 0x81, 0x81, 0x82, 0x81, 0x81, 0x81, 0x84, 0x81, 0x81, 0x84, 0x83, 0x83, 0x89, 0x83, 0x83, 0x83, 0x8a, 0x89, 0x89, 0x83, 0x83, 0x89, 0x89, 0x89, 0x83, 0x89, 0x8b, 0x8b, 0x8a, 0x8b, 0x8b, 0x8b, 0x8a, 0x8c, 0xa1, 0x8c, 0x8c, 0xa1, 0xa1, 0xa2, 0xa3, 0xa1, 0xa3, 0xa3, 0xa4, 0xa9, 0xab, 0xab, 0xac, 0xae, 0xaf, 0xc6, 0xd2, 0xc8, 0x9b, 0x74, 0x38, 0x26, 0x15, 0x15, 0x15, 0x15, 0x15, 0x15, 0x1c, 0x15, 0x15, 0x15, 0x15, 0x11, 0x11, 0x11, 0x11, 0x11, 0x11, 0x11, 0x11, 0x11, 0x11, 0x11, 0x11, 0x11, 0x15, 0x15, 0x26, 0x26, 0x3c, 0x3c, 0x71, 0x71, 0x74, 0x92, 0x9d, 0xbb, 0xe5, 0xf2, 0xe6, 0xdb, 0xdd, 0xde, 0xd5, 0xd3, 0xd3, 0xd3, 0xd1, 0xd2, 0xd3, 0xc9, 0xc8, 0xce, 0xcc, 0xcd, 0xcd, 0xbe, 0xcd, 0xe1, 0xe4, 0xe9, 0xed, 0xee, 0xee, 0xf8, 0xf8, 0xee, 0xee, 0xf8, 0xf9, 0xf9, 0xf9, 0xf9, 0xfa, 0xfa, 0xfa, 0xfa, 0xfb, 0xfb, 0xfb, 0xfb, 0xfb, 0xfb, 0xfa, 0xfb, 0xfb, 0xfb, 0xff, 0xff, 0xff, 0xfb, 0xfe, 0xfe, 0xf7, 0xeb, 0xb5, 0x87, 0x8d, 0xa8, 0xb7, 0xa8, 0x9b, 0x79, 0x45, 0x28, 0x12, 0x0a, 0x07, 0x0e, 0x0d, 0x0d, 0x0d, 0x07, 0x07, 0x0e, 0x0f, 0x0e,
  0x50, 0x4c, 0x4c, 0x49, 0x43, 0x4d, 0x58, 0x4f, 0x48, 0x39, 0x29, 0x22, 0x14, 0x08, 0x08, 0x03, 0x03, 0x08, 0x05, 0x04, 0x01, 0x01, 0x05, 0x10, 0x20, 0x2e, 0x41, 0x50, 0x57, 0x4e, 0x4e, 0x4e, 0x50, 0x68, 0x69, 0x69, 0x67, 0x49, 0x40, 0x50, 0x6d, 0x6d, 0x6d, 0x6d, 0x68, 0x6b, 0x7b, 0x79, 0x6b, 0x63, 0x49, 0x49, 0x63, 0x68, 0x6c, 0x68, 0x69, 0x67, 0x67, 0x64, 0x50, 0x4a, 0x4b, 0x58, 0x3b, 0x34, 0x2a, 0x2c, 0x2c, 0x28, 0x16, 0x12, 0x17, 0x2a, 0x55, 0x68, 0x6b, 0x6a, 0x6b, 0x6a, 0x4c, 0x49, 0x41, 0x2e, 0x30, 0x30, 0x2c, 0x28, 0x27, 0x27, 0x1f, 0x0f, 0x0f, 0x1a, 0x1a, 0x1b, 0x27, 0x27, 0x3d, 0x54, 0x55, 0x3d, 0x1f, 0x12, 0x06, 0x06, 0x0b, 0x1b, 0x0d, 0x07, 0x06, 0x02, 0x02, 0x01, 0x02, 0x02, 0x02, 0x06, 0x06, 0x0a, 0x0e, 0x1b, 0x34, 0x3d, 0x2c, 0x24, 0x2a, 0x3a, 0x39, 0x23, 0x09, 0x04, 0x04, 0x0b, 0x31, 0x47, 0x57, 0x64, 0x65, 0x62, 0x62, 0x62, 0x6a, 0x6f, 0x81, 0x82, 0x82, 0x81, 0x81, 0x6f, 0x6e, 0x81, 0x84, 0x84, 0x83, 0x89, 0x89, 0x89, 0x89, 0x89, 0x83, 0x83, 0x8a, 0x89, 0x89, 0x83, 0x89, 0x8b, 0x89, 0x89, 0x8a, 0x8a, 0x8a, 0x8a, 0x8b, 0x8c, 0x8c, 0x8c, 0xa1, 0xa1, 0xa1, 0x8c, 0xa1, 0xa1, 0xa3, 0xa3, 0xa3, 0xa1, 0xa3, 0xa3, 0xa9, 0xac, 0xac, 0xab, 0xab, 0xae, 0xc3, 0xc9, 0xc8, 0xb1, 0x74, 0x38, 0x26, 0x15, 0x15, 0x15, 0x15, 0x26, 0x71, 0x7e, 0x95, 0x95, 0x7d, 0x71, 0x3c, 0x15, 0x11, 0x11, 0x11, 0x11, 0x11, 0x11, 0x09, 0x11, 0x11, 0x11, 0x09, 0x11, 0x11, 0x15, 0x26, 0x26, 0x3c, 0x3c, 0x71, 0x71, 0x71, 0x7e, 0x96, 0xb3, 0xe1, 0xf2, 0xf2, 0xf4, 0xf4, 0xde, 0xd6, 0xd6, 0xd6, 0xd5, 0xd2, 0xd4, 0xd8, 0xce, 0xcc, 0xce, 0xe3, 0xe2, 0xe0, 0xe0, 0xe7, 0xec, 0xf3, 0xed, 0xf8, 0xf9, 0xfa, 0xfa, 0xfa, 0xf9, 0xf9, 0xfa, 0xfb, 0xfb, 0xfb, 0xfa, 0xfb, 0xff, 0xff, 0xff, 0xff, 0xfb, 0xff, 0xff, 0xff, 0xff, 0xff, 0xff, 0xff, 0xff, 0xff, 0xff, 0xff, 0xfb, 0xfe, 0xfc, 0xf7, 0xf2, 0xbd, 0xb2, 0xa8, 0xb7, 0xc8, 0xb7, 0xa7, 0x86, 0x65, 0x2f, 0x12, 0x0a, 0x07, 0x0e, 0x07, 0x07, 0x07, 0x07, 0x0d, 0x0e, 0x0e, 0x0e,
  0x50, 0x49, 0x40, 0x40, 0x49, 0x4b, 0x4e, 0x45, 0x39, 0x28, 0x12, 0x0b, 0x06, 0x02, 0x02, 0x02, 0x02, 0x04, 0x04, 0x01, 0x01, 0x01, 0x01, 0x08, 0x20, 0x2f, 0x41, 0x4b, 0x4f, 0x4e, 0x57, 0x67, 0x67, 0x64, 0x64, 0x66, 0x50, 0x40, 0x2d, 0x4c, 0x6c, 0x6c, 0x6d, 0x6d, 0x62, 0x68, 0x6d, 0x7b, 0x6c, 0x62, 0x40, 0x49, 0x62, 0x6b, 0x6d, 0x69, 0x69, 0x69, 0x64, 0x4d, 0x4d, 0x4a, 0x4f, 0x54, 0x34, 0x34, 0x34, 0x34, 0x28, 0x24, 0x17, 0x16, 0x16, 0x24, 0x4e, 0x68, 0x6d, 0x6e, 0x6f, 0x6b, 0x62, 0x4c, 0x49, 0x41, 0x30, 0x2e, 0x29, 0x1d, 0x1f, 0x27, 0x1f, 0x0e, 0x07, 0x0d, 0x0f, 0x1a, 0x1f, 0x28, 0x3a, 0x54, 0x59, 0x55, 0x3d, 0x25, 0x10, 0x03, 0x06, 0x07, 0x06, 0x06, 0x03, 0x02, 0x04, 0x01, 0x01, 0x04, 0x02, 0x03, 0x03, 0x06, 0x13, 0x16, 0x27, 0x34, 0x34, 0x28, 0x28, 0x34, 0x3a, 0x23, 0x09, 0x04, 0x03, 0x0c, 0x31, 0x34, 0x47, 0x67, 0x65, 0x65, 0x6b, 0x6b, 0x6b, 0x6e, 0x6f, 0x81, 0x6f, 0x6e, 0x6a, 0x62, 0x62, 0x6e, 0x84, 0x84, 0x84, 0x84, 0x84, 0x84, 0x89, 0x89, 0x89, 0x89, 0x8b, 0x8b, 0x8a, 0x89, 0x8b, 0x8b, 0x8a, 0x8a, 0x8a, 0x8b, 0x8b, 0x8c, 0x8c, 0xa1, 0x8c, 0x8c, 0xa1, 0xa1, 0xa1, 0xa1, 0xa1, 0xa4, 0xa9, 0xa3, 0xa3, 0xa3, 0xa3, 0xa3, 0xa9, 0xab, 0xac, 0xab, 0xac, 0xb0, 0xc8, 0xc8, 0xb2, 0x92, 0x52, 0x1c, 0x15, 0x15, 0x15, 0x3c, 0x74, 0x98, 0xbc, 0xe7, 0xed, 0xed, 0xe7, 0xb9, 0x97, 0x71, 0x3c, 0x11, 0x11, 0x11, 0x11, 0x11, 0x11, 0x11, 0x11, 0x11, 0x11, 0x11, 0x15, 0x15, 0x26, 0x3c, 0x3c, 0x3c, 0x3c, 0x71, 0x71, 0x71, 0x7e, 0x97, 0xb8, 0xce, 0xf2, 0xf5, 0xf4, 0xdd, 0xdc, 0xdd, 0xde, 0xde, 0xdd, 0xef, 0xd8, 0xce, 0xe1, 0xdf, 0xe1, 0xe2, 0xe2, 0xea, 0xed, 0xf8, 0xf8, 0xee, 0xf8, 0xf9, 0xfa, 0xfa, 0xfb, 0xfa, 0xfa, 0xfa, 0xfb, 0xff, 0xfb, 0xfb, 0xff, 0xff, 0xff, 0xff, 0xff, 0xfb, 0xff, 0xff, 0xff, 0xfb, 0xfb, 0xff, 0xff, 0xfa, 0xfb, 0xfb, 0xfb, 0xfb, 0xfc, 0xf7, 0xf7, 0xf2, 0xce, 0xb8, 0xb7, 0xcb, 0xcb, 0xb7, 0xa8, 0x8d, 0x6b, 0x40, 0x17, 0x0b, 0x0d, 0x0e, 0x07, 0x07, 0x07, 0x07, 0x07, 0x07, 0x0e, 0x0e,
  0x64, 0x50, 0x4c, 0x4c, 0x50, 0x4b, 0x4b, 0x39, 0x2b, 0x1c, 0x10, 0x08, 0x02, 0x02, 0x02, 0x02, 0x02, 0x02, 0x02, 0x01, 0x01, 0x01, 0x01, 0x08, 0x22, 0x2f, 0x41, 0x4b, 0x4e, 0x50, 0x50, 0x58, 0x67, 0x67, 0x64, 0x64, 0x4c, 0x40, 0x2d, 0x49, 0x6b, 0x6d, 0x6d, 0x6c, 0x65, 0x6c, 0x6d, 0x7c, 0x6c, 0x63, 0x62, 0x4c, 0x63, 0x6b, 0x6d, 0x6d, 0x69, 0x64, 0x4d, 0x4d, 0x4a, 0x48, 0x42, 0x2a, 0x21, 0x21, 0x24, 0x28, 0x2c, 0x28, 0x21, 0x16, 0x14, 0x22, 0x45, 0x68, 0x7b, 0x7b, 0x82, 0x7b, 0x70, 0x6b, 0x4c, 0x4e, 0x48, 0x2e, 0x21, 0x16, 0x16, 0x1b, 0x1b, 0x0e, 0x07, 0x07, 0x0e, 0x13, 0x1f, 0x27, 0x3a, 0x55, 0x59, 0x5f, 0x54, 0x32, 0x14, 0x06, 0x03, 0x03, 0x03, 0x03, 0x03, 0x02, 0x02, 0x01, 0x01, 0x02, 0x02, 0x03, 0x03, 0x06, 0x0f, 0x1a, 0x1a, 0x27, 0x2c, 0x28, 0x24, 0x2c, 0x2c, 0x19, 0x08, 0x04, 0x03, 0x0c, 0x18, 0x24, 0x39, 0x4f, 0x50, 0x65, 0x6d, 0x6d, 0x6d, 0x6f, 0x6f, 0x6e, 0x6a, 0x62, 0x4c, 0x4c, 0x6a, 0x6e, 0x81, 0x81, 0x81, 0x81, 0x84, 0x89, 0x89, 0x8a, 0x89, 0x89, 0x8a, 0x89, 0x8a, 0x8b, 0x8c, 0x8c, 0x8c, 0x8b, 0x8b, 0x8c, 0x8c, 0x8c, 0xa1, 0xa2, 0x8c, 0x8c, 0xa1, 0xa1, 0xa1, 0xa1, 0xa3, 0xa9, 0xa3, 0xa3, 0xa3, 0xa3, 0xa3, 0xa9, 0xa9, 0xab, 0xac, 0xac, 0xae, 0xc3, 0xc8, 0xb7, 0x94, 0x71, 0x15, 0x11, 0x11, 0x15, 0x3c, 0x96, 0xbf, 0xf8, 0xf8, 0xfa, 0xff, 0xff, 0xf9, 0xee, 0xea, 0xbc, 0x95, 0x3c, 0x11, 0x09, 0x11, 0x11, 0x11, 0x11, 0x11, 0x11, 0x11, 0x11, 0x11, 0x15, 0x15, 0x26, 0x3c, 0x3c, 0x3c, 0x3c, 0x71, 0x71, 0x74, 0x96, 0x9c, 0xb8, 0xe6, 0xf5, 0xf4, 0xdd, 0xdd, 0xf1, 0xf4, 0xf5, 0xf5, 0xf2, 0xe5, 0xe3, 0xe5, 0xe4, 0xe4, 0xe9, 0xec, 0xf8, 0xf8, 0xee, 0xf8, 0xf8, 0xf8, 0xf8, 0xfa, 0xfa, 0xfb, 0xfb, 0xfb, 0xfa, 0xfb, 0xfb, 0xfb, 0xff, 0xff, 0xff, 0xff, 0xff, 0xfb, 0xfb, 0xff, 0xff, 0xff, 0xfb, 0xfa, 0xff, 0xff, 0xfe, 0xfe, 0xfe, 0xf9, 0xf9, 0xf7, 0xf6, 0xf6, 0xf2, 0xe6, 0xcc, 0xcb, 0xd4, 0xcb, 0xc8, 0xb7, 0x99, 0x70, 0x4c, 0x17, 0x0b, 0x0d, 0x0d, 0x07, 0x07, 0x0d, 0x0d, 0x07, 0x07, 0x07, 0x07,
  0x50, 0x68, 0x65, 0x65, 0x64, 0x58, 0x4f, 0x2f, 0x22, 0x10, 0x08, 0x03, 0x02, 0x02, 0x02, 0x02, 0x04, 0x02, 0x02, 0x02, 0x01, 0x01, 0x04, 0x09, 0x24, 0x39, 0x43, 0x50, 0x64, 0x50, 0x4a, 0x4b, 0x64, 0x67, 0x68, 0x65, 0x63, 0x62, 0x62, 0x63, 0x6d, 0x70, 0x6d, 0x68, 0x65, 0x69, 0x68, 0x69, 0x63, 0x65, 0x6c, 0x68, 0x68, 0x6c, 0x6d, 0x6c, 0x69, 0x64, 0x4a, 0x4a, 0x4b, 0x46, 0x29, 0x17, 0x17, 0x16, 0x17, 0x27, 0x28, 0x28, 0x24, 0x17, 0x12, 0x22, 0x45, 0x68, 0x7b, 0x82, 0x82, 0x82, 0x82, 0x7b, 0x6b, 0x67, 0x57, 0x42, 0x21, 0x12, 0x12, 0x0f, 0x0d, 0x0d, 0x07, 0x07, 0x07, 0x0f, 0x16, 0x1d, 0x34, 0x54, 0x54, 0x55, 0x54, 0x3a, 0x32, 0x12, 0x06, 0x06, 0x06, 0x06, 0x03, 0x02, 0x02, 0x01, 0x02, 0x02, 0x02, 0x03, 0x03, 0x06, 0x0e, 0x0f, 0x0f, 0x1b, 0x28, 0x2c, 0x2c, 0x34, 0x28, 0x14, 0x04, 0x04, 0x03, 0x06, 0x0b, 0x21, 0x2c, 0x43, 0x4a, 0x64, 0x69, 0x6c, 0x6b, 0x6b, 0x6a, 0x62, 0x62, 0x62, 0x62, 0x62, 0x6a, 0x6e, 0x81, 0x81, 0x83, 0x81, 0x83, 0x84, 0x83, 0x8a, 0x8b, 0x8b, 0x8b, 0x8b, 0x8a, 0x8b, 0xa1, 0xa2, 0xa2, 0xa1, 0xa1, 0xa2, 0xa2, 0xa1, 0xa1, 0xa1, 0x8c, 0xa1, 0xa1, 0xa1, 0xa1, 0xa1, 0xa1, 0xa3, 0xa3, 0xa3, 0xa3, 0xa4, 0xa9, 0xa9, 0xab, 0xac, 0xae, 0xc0, 0xae, 0xc3, 0xc8, 0xb2, 0x7e, 0x3c, 0x11, 0x04, 0x11, 0x3c, 0x96, 0xe0, 0xf8, 0xfe, 0xfb, 0xff, 0xff, 0xfa, 0xf9, 0xf8, 0xfa, 0xf8, 0xe7, 0x95, 0x26, 0x04, 0x05, 0x11, 0x11, 0x11, 0x11, 0x11, 0x11, 0x11, 0x11, 0x15, 0x15, 0x26, 0x3c, 0x3c, 0x3c, 0x3c, 0x71, 0x71, 0x71, 0x7e, 0x97, 0xbd, 0xe6, 0xf5, 0xf4, 0xdb, 0xf0, 0xf4, 0xf5, 0xf5, 0xf2, 0xe5, 0xe9, 0xeb, 0xe9, 0xeb, 0xec, 0xed, 0xee, 0xf9, 0xf9, 0xf8, 0xf8, 0xf9, 0xf9, 0xf9, 0xfa, 0xfb, 0xfb, 0xfb, 0xff, 0xfb, 0xfb, 0xfb, 0xfb, 0xff, 0xff, 0xff, 0xff, 0xff, 0xfb, 0xfb, 0xff, 0xff, 0xff, 0xff, 0xfb, 0xff, 0xfe, 0xfc, 0xfc, 0xf7, 0xf6, 0xf3, 0xf2, 0xf2, 0xe6, 0xe6, 0xef, 0xd8, 0xd4, 0xd4, 0xd4, 0xcb, 0xb7, 0x9b, 0x82, 0x4c, 0x20, 0x0b, 0x0a, 0x07, 0x0d, 0x07, 0x07, 0x0d, 0x07, 0x07, 0x07, 0x07,
  0x4c, 0x64, 0x63, 0x69, 0x67, 0x64, 0x4e, 0x2a, 0x22, 0x08, 0x02, 0x03, 0x02, 0x02, 0x02, 0x02, 0x04, 0x02, 0x02, 0x02, 0x02, 0x02, 0x05, 0x14, 0x2b, 0x47, 0x4f, 0x57, 0x57, 0x58, 0x58, 0x50, 0x4d, 0x64, 0x6c, 0x6b, 0x65, 0x65, 0x63, 0x70, 0x7b, 0x70, 0x6a, 0x63, 0x63, 0x63, 0x50, 0x50, 0x4c, 0x63, 0x68, 0x6c, 0x6b, 0x6c, 0x69, 0x69, 0x69, 0x67, 0x58, 0x51, 0x58, 0x46, 0x2a, 0x21, 0x16, 0x16, 0x1f, 0x28, 0x1f, 0x24, 0x24, 0x16, 0x0b, 0x17, 0x39, 0x66, 0x6d, 0x70, 0x82, 0x87, 0x82, 0x7b, 0x79, 0x68, 0x4f, 0x42, 0x28, 0x16, 0x12, 0x0a, 0x06, 0x07, 0x06, 0x03, 0x06, 0x0d, 0x1a, 0x1f, 0x28, 0x2c, 0x2c, 0x3b, 0x3b, 0x3a, 0x34, 0x23, 0x0a, 0x03, 0x03, 0x03, 0x03, 0x02, 0x02, 0x02, 0x02, 0x02, 0x02, 0x03, 0x06, 0x0a, 0x0e, 0x0e, 0x0f, 0x1a, 0x27, 0x34, 0x34, 0x2c, 0x24, 0x0b, 0x04, 0x04, 0x03, 0x06, 0x0b, 0x1d, 0x2a, 0x42, 0x43, 0x4f, 0x58, 0x64, 0x50, 0x63, 0x62, 0x4c, 0x4c, 0x62, 0x6a, 0x6e, 0x6f, 0x6f, 0x6f, 0x81, 0x84, 0x84, 0x89, 0x89, 0x83, 0x89, 0x8b, 0x8b, 0x8c, 0x8c, 0x8c, 0x8b, 0xa1, 0xa2, 0xa1, 0x8c, 0x8c, 0xa1, 0xa1, 0xa1, 0x8c, 0x8c, 0x8c, 0xa1, 0xa3, 0xa1, 0xa1, 0xa1, 0xa3, 0xa3, 0xa3, 0xa9, 0xa4, 0xa9, 0xab, 0xab, 0xac, 0xc1, 0xc1, 0xae, 0xb0, 0xc8, 0xb7, 0x94, 0x53, 0x15, 0x05, 0x11, 0x3c, 0x95, 0xe0, 0xea, 0xf3, 0xf8, 0xfa, 0xfa, 0xfa, 0xfa, 0xfa, 0xfa, 0xfa, 0xfa, 0xee, 0xbc, 0x74, 0x15, 0x05, 0x05, 0x09, 0x11, 0x11, 0x11, 0x11, 0x11, 0x11, 0x11, 0x15, 0x26, 0x3c, 0x3c, 0x3c, 0x3c, 0x3c, 0x3c, 0x71, 0x71, 0x92, 0xb4, 0xce, 0xf4, 0xf4, 0xf0, 0xf5, 0xf5, 0xf6, 0xeb, 0xeb, 0xe9, 0xe9, 0xec, 0xf3, 0xed, 0xed, 0xee, 0xee, 0xf8, 0xf9, 0xfb, 0xfb, 0xfb, 0xfb, 0xfa, 0xfa, 0xfb, 0xfb, 0xfb, 0xff, 0xfb, 0xfb, 0xfb, 0xfb, 0xff, 0xff, 0xff, 0xff, 0xfb, 0xfb, 0xfb, 0xff, 0xff, 0xff, 0xff, 0xfb, 0xfe, 0xfc, 0xf7, 0xf6, 0xf6, 0xf2, 0xf2, 0xf2, 0xf2, 0xef, 0xdb, 0xdb, 0xdd, 0xda, 0xd4, 0xd5, 0xcb, 0xb7, 0xa7, 0x87, 0x65, 0x29, 0x16, 0x0a, 0x07, 0x0e, 0x0d, 0x07, 0x0d, 0x0e, 0x0d, 0x0d, 0x07,
  0x4c, 0x64, 0x69, 0x69, 0x64, 0x58, 0x4f, 0x2e, 0x1c, 0x08, 0x02, 0x03, 0x02, 0x02, 0x02, 0x02, 0x02, 0x02, 0x02, 0x03, 0x02, 0x03, 0x0c, 0x19, 0x34, 0x55, 0x58, 0x58, 0x58, 0x64, 0x67, 0x67, 0x50, 0x64, 0x6c, 0x6d, 0x70, 0x6d, 0x6d, 0x70, 0x70, 0x6b, 0x62, 0x50, 0x50, 0x64, 0x50, 0x64, 0x64, 0x50, 0x67, 0x6c, 0x6c, 0x68, 0x68, 0x68, 0x64, 0x67, 0x67, 0x64, 0x58, 0x48, 0x30, 0x24, 0x17, 0x16, 0x1d, 0x27, 0x27, 0x28, 0x21, 0x12, 0x0b, 0x14, 0x2b, 0x4e, 0x6c, 0x7b, 0x82, 0x87, 0x87, 0x7b, 0x6b, 0x65, 0x50, 0x46, 0x2c, 0x1d, 0x12, 0x0a, 0x0a, 0x07, 0x03, 0x03, 0x07, 0x0e, 0x13, 0x1f, 0x1d, 0x24, 0x2c, 0x34, 0x2a, 0x34, 0x2c, 0x25, 0x12, 0x06, 0x03, 0x03, 0x06, 0x03, 0x03, 0x03, 0x03, 0x03, 0x06, 0x0a, 0x0a, 0x0b, 0x12, 0x0f, 0x13, 0x1b, 0x1f, 0x27, 0x27, 0x24, 0x17, 0x0b, 0x04, 0x04, 0x03, 0x06, 0x12, 0x17, 0x2c, 0x47, 0x48, 0x4f, 0x4f, 0x4a, 0x4c, 0x50, 0x63, 0x62, 0x4c, 0x4c, 0x6a, 0x6f, 0x81, 0x81, 0x81, 0x84, 0x84, 0x84, 0x8a, 0x8a, 0x8a, 0x8b, 0x8a, 0x8b, 0x8b, 0x8b, 0x8b, 0x8c, 0x8c, 0x8c, 0x8c, 0x8c, 0xa1, 0x8c, 0x8c, 0xa1, 0xa1, 0xa1, 0xa1, 0xa3, 0xa1, 0xa1, 0xa1, 0xa3, 0xa4, 0xa3, 0xa4, 0xa9, 0xa9, 0xa9, 0xab, 0xab, 0xac, 0xae, 0xc1, 0xc2, 0xc6, 0xcb, 0xb2, 0x74, 0x26, 0x11, 0x01, 0x26, 0x74, 0xb9, 0xe0, 0xbf, 0xe0, 0xea, 0xfa, 0xf9, 0xf8, 0xf8, 0xfa, 0xfa, 0xfa, 0xfa, 0xfa, 0xea, 0x9f, 0x3c, 0x11, 0x05, 0x11, 0x11, 0x11, 0x11, 0x11, 0x11, 0x11, 0x11, 0x15, 0x15, 0x26, 0x3c, 0x3c, 0x3c, 0x3c, 0x3c, 0x71, 0x71, 0x7e, 0x92, 0xbd, 0xe6, 0xf2, 0xf5, 0xf2, 0xf6, 0xf6, 0xf3, 0xf3, 0xec, 0xec, 0xed, 0xf8, 0xf8, 0xee, 0xee, 0xee, 0xee, 0xf9, 0xfb, 0xfe, 0xff, 0xfb, 0xfa, 0xfb, 0xff, 0xfb, 0xff, 0xff, 0xff, 0xff, 0xff, 0xff, 0xfb, 0xff, 0xff, 0xfb, 0xff, 0xff, 0xff, 0xff, 0xff, 0xff, 0xff, 0xff, 0xfe, 0xf6, 0xf6, 0xf6, 0xf5, 0xf4, 0xf0, 0xf0, 0xef, 0xef, 0xf0, 0xf1, 0xdd, 0xdd, 0xda, 0xd4, 0xcb, 0xb7, 0xa7, 0x8e, 0x7b, 0x43, 0x17, 0x0b, 0x0a, 0x0d, 0x07, 0x07, 0x0e, 0x0f, 0x0e, 0x0d, 0x07,
  0x50, 0x64, 0x6c, 0x69, 0x64, 0x58, 0x4f, 0x2f, 0x20, 0x08, 0x02, 0x03, 0x02, 0x02, 0x02, 0x02, 0x02, 0x02, 0x03, 0x08, 0x03, 0x0c, 0x18, 0x23, 0x2c, 0x47, 0x4b, 0x58, 0x64, 0x50, 0x64, 0x67, 0x64, 0x65, 0x68, 0x6b, 0x7b, 0x7b, 0x79, 0x79, 0x79, 0x6d, 0x68, 0x50, 0x50, 0x64, 0x50, 0x50, 0x64, 0x50, 0x50, 0x67, 0x63, 0x63, 0x65, 0x68, 0x64, 0x58, 0x58, 0x58, 0x58, 0x58, 0x48, 0x2f, 0x24, 0x24, 0x24, 0x27, 0x28, 0x28, 0x1d, 0x12, 0x0b, 0x12, 0x24, 0x4e, 0x68, 0x70, 0x82, 0x82, 0x82, 0x81, 0x6a, 0x63, 0x64, 0x57, 0x47, 0x28, 0x16, 0x0b, 0x0b, 0x07, 0x03, 0x03, 0x07, 0x0f, 0x13, 0x16, 0x17, 0x17, 0x21, 0x28, 0x28, 0x2c, 0x34, 0x32, 0x25, 0x0c, 0x03, 0x02, 0x06, 0x06, 0x06, 0x06, 0x03, 0x0b, 0x18, 0x1a, 0x16, 0x12, 0x12, 0x0f, 0x12, 0x1b, 0x27, 0x1f, 0x21, 0x27, 0x27, 0x12, 0x08, 0x02, 0x02, 0x06, 0x0f, 0x1b, 0x34, 0x48, 0x4f, 0x4b, 0x58, 0x67, 0x64, 0x63, 0x65, 0x65, 0x62, 0x6a, 0x6a, 0x6e, 0x6f, 0x81, 0x83, 0x83, 0x84, 0x89, 0x89, 0x89, 0x8a, 0x8a, 0x8b, 0xa1, 0xa1, 0xa1, 0x8c, 0xa1, 0xa1, 0x8c, 0x8c, 0xa1, 0xa1, 0xa1, 0x8c, 0x8c, 0xa1, 0xa1, 0xa3, 0xa4, 0xa3, 0xa3, 0xa3, 0xa3, 0xa3, 0xa3, 0xa3, 0xa4, 0xa9, 0xa9, 0xa9, 0xa9, 0xaa, 0xae, 0xc2, 0xc3, 0xc8, 0xb7, 0x97, 0x71, 0x15, 0x01, 0x05, 0x3c, 0x7d, 0x96, 0x96, 0x96, 0x98, 0xb9, 0xe7, 0xed, 0xee, 0xfa, 0xfa, 0xfa, 0xfa, 0xff, 0xfb, 0xee, 0xbc, 0x74, 0x15, 0x04, 0x05, 0x05, 0x05, 0x09, 0x09, 0x11, 0x09, 0x11, 0x15, 0x15, 0x15, 0x26, 0x3c, 0x3c, 0x3c, 0x71, 0x71, 0x71, 0x74, 0x92, 0xb8, 0xe5, 0xf2, 0xf7, 0xf6, 0xf6, 0xfc, 0xfc, 0xf9, 0xf8, 0xee, 0xee, 0xee, 0xee, 0xf8, 0xfa, 0xf8, 0xee, 0xf8, 0xfa, 0xfa, 0xfb, 0xfb, 0xfa, 0xfa, 0xfb, 0xfb, 0xfb, 0xff, 0xff, 0xff, 0xff, 0xff, 0xfb, 0xff, 0xfb, 0xfb, 0xff, 0xff, 0xff, 0xff, 0xfe, 0xfe, 0xfe, 0xfc, 0xfc, 0xf7, 0xf6, 0xf5, 0xf4, 0xf1, 0xef, 0xdb, 0xef, 0xf1, 0xf0, 0xf1, 0xdd, 0xdd, 0xdc, 0xd5, 0xcb, 0xc8, 0xa8, 0x8e, 0x86, 0x66, 0x28, 0x12, 0x0a, 0x0d, 0x0d, 0x07, 0x0d, 0x07, 0x0d, 0x07, 0x07,
  0x64, 0x68, 0x6c, 0x69, 0x67, 0x58, 0x42, 0x2f, 0x24, 0x10, 0x03, 0x02, 0x02, 0x02, 0x03, 0x03, 0x02, 0x02, 0x03, 0x03, 0x03, 0x0b, 0x17, 0x21, 0x29, 0x30, 0x4b, 0x64, 0x50, 0x67, 0x67, 0x4d, 0x4d, 0x65, 0x69, 0x6d, 0x79, 0x79, 0x6c, 0x6c, 0x6c, 0x6c, 0x69, 0x67, 0x51, 0x50, 0x50, 0x51, 0x58, 0x51, 0x4e, 0x67, 0x6c, 0x65, 0x67, 0x69, 0x67, 0x51, 0x58, 0x57, 0x58, 0x58, 0x48, 0x39, 0x34, 0x34, 0x28, 0x24, 0x27, 0x27, 0x1d, 0x13, 0x0b, 0x0b, 0x17, 0x41, 0x65, 0x6a, 0x6e, 0x81, 0x84, 0x81, 0x6a, 0x62, 0x64, 0x4f, 0x47, 0x2a, 0x17, 0x0b, 0x0b, 0x0a, 0x0a, 0x0a, 0x0a, 0x0f, 0x13, 0x16, 0x1d, 0x1d, 0x16, 0x17, 0x1d, 0x28, 0x34, 0x3a, 0x31, 0x0c, 0x03, 0x03, 0x06, 0x0a, 0x0f, 0x0d, 0x12, 0x16, 0x1f, 0x27, 0x1d, 0x17, 0x17, 0x16, 0x16, 0x1d, 0x27, 0x27, 0x24, 0x28, 0x28, 0x18, 0x08, 0x03, 0x03, 0x06, 0x0d, 0x1b, 0x28, 0x47, 0x58, 0x64, 0x64, 0x65, 0x65, 0x6b, 0x6d, 0x6d, 0x6b, 0x6e, 0x6e, 0x6e, 0x81, 0x84, 0x83, 0x83, 0x89, 0x8a, 0x89, 0x89, 0x8a, 0x8a, 0x8b, 0xa1, 0xa1, 0x8c, 0x8c, 0xa2, 0xa3, 0x8c, 0x8c, 0xa1, 0xa1, 0xa1, 0xa1, 0xa1, 0xa3, 0xa1, 0xa3, 0xa9, 0xa9, 0xa3, 0xa3, 0xa9, 0xa3, 0xa3, 0xa4, 0xa9, 0xa4, 0xa4, 0xa9, 0xab, 0xae, 0xae, 0xb0, 0xc6, 0xc8, 0xb2, 0x7e, 0x3c, 0x11, 0x01, 0x11, 0x3c, 0x71, 0x52, 0x26, 0x26, 0x3c, 0x71, 0xa0, 0xe7, 0xf8, 0xf9, 0xf9, 0xf8, 0xf9, 0xfb, 0xfa, 0xf8, 0xed, 0xa0, 0x3c, 0x05, 0x01, 0x05, 0x11, 0x09, 0x09, 0x11, 0x11, 0x11, 0x11, 0x15, 0x15, 0x26, 0x3c, 0x3c, 0x3c, 0x3c, 0x3c, 0x71, 0x7d, 0x92, 0x9e, 0xcd, 0xf2, 0xf7, 0xf7, 0xf7, 0xfc, 0xfe, 0xfe, 0xf9, 0xf9, 0xee, 0xee, 0xf8, 0xf9, 0xfb, 0xfa, 0xf9, 0xfa, 0xfa, 0xfa, 0xff, 0xff, 0xfb, 0xfb, 0xfb, 0xff, 0xff, 0xff, 0xff, 0xff, 0xff, 0xfb, 0xfa, 0xfb, 0xff, 0xff, 0xff, 0xff, 0xfe, 0xfe, 0xfe, 0xfe, 0xfe, 0xfc, 0xf7, 0xf7, 0xf5, 0xf5, 0xf4, 0xf4, 0xf1, 0xdb, 0xef, 0xf4, 0xf1, 0xf1, 0xf1, 0xdd, 0xdd, 0xdd, 0xd4, 0xc8, 0xa8, 0x8e, 0x82, 0x64, 0x2a, 0x12, 0x0a, 0x0a, 0x0d, 0x0d, 0x0a, 0x0a, 0x0d, 0x0d, 0x0d,
  0x6c, 0x6c, 0x6d, 0x6d, 0x69, 0x67, 0x4f, 0x48, 0x39, 0x22, 0x14, 0x06, 0x03, 0x03, 0x06, 0x07, 0x06, 0x06, 0x03, 0x0a, 0x0b, 0x12, 0x1d, 0x28, 0x2a, 0x42, 0x4a, 0x64, 0x64, 0x69, 0x69, 0x4d, 0x4d, 0x65, 0x69, 0x6c, 0x6d, 0x6c, 0x69, 0x64, 0x67, 0x67, 0x67, 0x67, 0x58, 0x50, 0x43, 0x43, 0x43, 0x49, 0x50, 0x67, 0x68, 0x63, 0x64, 0x67, 0x67, 0x4f, 0x4f, 0x58, 0x4a, 0x4f, 0x4f, 0x47, 0x3a, 0x34, 0x28, 0x28, 0x28, 0x27, 0x1d, 0x16, 0x12, 0x0b, 0x14, 0x29, 0x4c, 0x6b, 0x6f, 0x81, 0x83, 0x81, 0x6e, 0x6a, 0x50, 0x4e, 0x47, 0x34, 0x24, 0x12, 0x12, 0x0b, 0x0f, 0x0f, 0x0d, 0x13, 0x1a, 0x1a, 0x1d, 0x17, 0x12, 0x16, 0x1b, 0x27, 0x34, 0x34, 0x31, 0x19, 0x09, 0x03, 0x06, 0x0d, 0x1b, 0x1b, 0x1f, 0x27, 0x28, 0x34, 0x34, 0x34, 0x34, 0x28, 0x27, 0x28, 0x28, 0x28, 0x28, 0x27, 0x1f, 0x0b, 0x03, 0x03, 0x06, 0x06, 0x0e, 0x1b, 0x21, 0x2e, 0x48, 0x64, 0x64, 0x63, 0x6b, 0x70, 0x70, 0x6f, 0x6f, 0x6e, 0x6e, 0x6e, 0x81, 0x83, 0x83, 0x83, 0x89, 0x89, 0x89, 0x89, 0x8a, 0x8a, 0x8c, 0x8c, 0x8c, 0x8c, 0x8c, 0xa1, 0xa1, 0x8c, 0xa1, 0xa1, 0x8c, 0x8c, 0xa1, 0xa3, 0xa3, 0xa3, 0xa3, 0xa9, 0xa9, 0xa3, 0xa3, 0xa9, 0xa9, 0xa9, 0xab, 0xab, 0xab, 0xab, 0xab, 0xc0, 0xc1, 0xc2, 0xc3, 0xc9, 0xc9, 0x9c, 0x71, 0x15, 0x01, 0x01, 0x15, 0x3c, 0x3c, 0x15, 0x04, 0x01, 0x05, 0x26, 0x7e, 0xbc, 0xed, 0xf8, 0xf9, 0xf9, 0xf9, 0xf9, 0xf9, 0xf9, 0xf8, 0xe0, 0x74, 0x11, 0x01, 0x05, 0x11, 0x11, 0x11, 0x11, 0x11, 0x11, 0x11, 0x15, 0x26, 0x26, 0x3c, 0x3c, 0x3c, 0x3c, 0x3c, 0x71, 0x74, 0x92, 0x97, 0xba, 0xf3, 0xf7, 0xfc, 0xfc, 0xfc, 0xfc, 0xfe, 0xfe, 0xf9, 0xf9, 0xf9, 0xfa, 0xfb, 0xfe, 0xff, 0xff, 0xff, 0xfb, 0xfb, 0xff, 0xff, 0xff, 0xff, 0xff, 0xff, 0xff, 0xff, 0xfa, 0xf9, 0xf9, 0xf8, 0xed, 0xee, 0xf8, 0xfa, 0xf9, 0xfe, 0xfe, 0xfe, 0xfc, 0xfc, 0xfc, 0xfc, 0xf6, 0xf6, 0xf6, 0xf5, 0xf4, 0xf5, 0xf4, 0xf4, 0xf4, 0xf4, 0xf4, 0xf4, 0xf4, 0xf1, 0xdd, 0xf1, 0xd4, 0xc8, 0xa8, 0x9b, 0x87, 0x68, 0x2f, 0x14, 0x0a, 0x0d, 0x0e, 0x0e, 0x0a, 0x0a, 0x0d, 0x0e, 0x0e,
  0x6c, 0x6d, 0x79, 0x6d, 0x6d, 0x6c, 0x67, 0x57, 0x45, 0x2a, 0x22, 0x14, 0x0b, 0x06, 0x0b, 0x18, 0x12, 0x12, 0x0b, 0x18, 0x17, 0x17, 0x24, 0x30, 0x30, 0x48, 0x4a, 0x58, 0x64, 0x67, 0x64, 0x64, 0x63, 0x66, 0x68, 0x65, 0x64, 0x64, 0x67, 0x58, 0x58, 0x58, 0x67, 0x57, 0x50, 0x4b, 0x40, 0x2d, 0x40, 0x49, 0x50, 0x50, 0x4c, 0x4c, 0x50, 0x64, 0x64, 0x50, 0x4e, 0x50, 0x4d, 0x4f, 0x58, 0x4f, 0x30, 0x2c, 0x28, 0x28, 0x28, 0x27, 0x27, 0x16, 0x12, 0x0b, 0x0b, 0x20, 0x43, 0x6c, 0x70, 0x81, 0x81, 0x81, 0x81, 0x6a, 0x63, 0x64, 0x4f, 0x39, 0x2c, 0x21, 0x17, 0x12, 0x13, 0x13, 0x13, 0x1b, 0x1a, 0x1a, 0x1b, 0x16, 0x12, 0x16, 0x1f, 0x27, 0x2c, 0x34, 0x34, 0x31, 0x18, 0x06, 0x06, 0x18, 0x1f, 0x31, 0x28, 0x34, 0x3a, 0x3a, 0x47, 0x54, 0x54, 0x46, 0x2e, 0x2a, 0x29, 0x24, 0x24, 0x25, 0x1e, 0x0c, 0x04, 0x02, 0x03, 0x06, 0x13, 0x1b, 0x17, 0x24, 0x30, 0x43, 0x43, 0x50, 0x6d, 0x6d, 0x6b, 0x6f, 0x6e, 0x6e, 0x6f, 0x6e, 0x81, 0x83, 0x83, 0x83, 0x83, 0x83, 0x89, 0x89, 0x89, 0x89, 0x8c, 0x8c, 0x8c, 0x8b, 0x8c, 0x8c, 0x8c, 0xa1, 0xa1, 0xa1, 0x8c, 0x8c, 0xa1, 0xa3, 0xa3, 0xa3, 0xa3, 0xa9, 0xa9, 0xa3, 0xa9, 0xa9, 0xab, 0xa9, 0xa9, 0xab, 0xab, 0xab, 0xab, 0xac, 0xae, 0xc3, 0xca, 0xc9, 0xb7, 0x92, 0x3c, 0x11, 0x01, 0x04, 0x15, 0x3c, 0x15, 0x01, 0x00, 0x00, 0x01, 0x11, 0x52, 0x9f, 0xe7, 0xf8, 0xfb, 0xfa, 0xfa, 0xfa, 0xfa, 0xf9, 0xf8, 0xe7, 0x7d, 0x15, 0x01, 0x05, 0x05, 0x11, 0x11, 0x11, 0x11, 0x11, 0x11, 0x15, 0x15, 0x15, 0x26, 0x3c, 0x3c, 0x3c, 0x3c, 0x3c, 0x71, 0x7e, 0x96, 0xb9, 0xec, 0xf7, 0xfc, 0xf7, 0xfc, 0xfe, 0xf9, 0xfe, 0xfe, 0xfa, 0xfe, 0xff, 0xff, 0xff, 0xff, 0xff, 0xff, 0xff, 0xff, 0xff, 0xff, 0xfa, 0xfb, 0xf9, 0xf8, 0xee, 0xed, 0xea, 0xe8, 0xe8, 0xe7, 0xe0, 0xe2, 0xe7, 0xea, 0xee, 0xf9, 0xfc, 0xf9, 0xfc, 0xfc, 0xfc, 0xfc, 0xf7, 0xf6, 0xf6, 0xf5, 0xf5, 0xf4, 0xf4, 0xf4, 0xf2, 0xf4, 0xf1, 0xf1, 0xf1, 0xf1, 0xf1, 0xf1, 0xd9, 0xc8, 0xb7, 0xa8, 0x8e, 0x79, 0x42, 0x17, 0x0b, 0x0a, 0x0d, 0x0e, 0x0e, 0x0a, 0x0d, 0x0d, 0x0d,
  0x6c, 0x79, 0x7b, 0x70, 0x6d, 0x6d, 0x6c, 0x66, 0x50, 0x45, 0x2a, 0x29, 0x24, 0x22, 0x22, 0x24, 0x32, 0x25, 0x1c, 0x23, 0x20, 0x22, 0x2b, 0x45, 0x4e, 0x57, 0x58, 0x64, 0x64, 0x64, 0x50, 0x64, 0x50, 0x49, 0x49, 0x49, 0x40, 0x4a, 0x50, 0x4b, 0x4a, 0x4b, 0x51, 0x4f, 0x4b, 0x43, 0x40, 0x2d, 0x40, 0x50, 0x64, 0x4a, 0x4a, 0x50, 0x50, 0x4d, 0x4a, 0x4d, 0x64, 0x51, 0x58, 0x58, 0x58, 0x48, 0x2c, 0x2c, 0x28, 0x27, 0x1d, 0x27, 0x27, 0x1f, 0x12, 0x0a, 0x06, 0x14, 0x2f, 0x50, 0x6f, 0x82, 0x82, 0x84, 0x82, 0x6f, 0x6b, 0x65, 0x4f, 0x47, 0x39, 0x2a, 0x24, 0x1d, 0x1d, 0x1d, 0x1b, 0x1b, 0x1a, 0x1b, 0x1f, 0x1d, 0x16, 0x16, 0x1f, 0x27, 0x27, 0x34, 0x34, 0x34, 0x1f, 0x0b, 0x06, 0x12, 0x25, 0x32, 0x3d, 0x3a, 0x47, 0x47, 0x47, 0x54, 0x55, 0x50, 0x43, 0x2e, 0x2a, 0x28, 0x24, 0x1c, 0x10, 0x08, 0x04, 0x02, 0x03, 0x07, 0x0f, 0x1b, 0x1d, 0x28, 0x3a, 0x40, 0x40, 0x49, 0x65, 0x68, 0x65, 0x6a, 0x6a, 0x6f, 0x81, 0x81, 0x81, 0x83, 0x83, 0x83, 0x83, 0x89, 0x8b, 0x8c, 0x8b, 0x8b, 0x8c, 0x8b, 0x8b, 0x8c, 0xa1, 0x8c, 0x8c, 0xa1, 0xa1, 0xa1, 0x8c, 0xa1, 0xa3, 0xa4, 0xa3, 0xa4, 0xa9, 0xa9, 0xa9, 0xa9, 0xa9, 0xa9, 0xa9, 0xa3, 0xa3, 0xa9, 0xa9, 0xab, 0xab, 0xac, 0xae, 0xc3, 0xc9, 0xc8, 0x9c, 0x74, 0x26, 0x01, 0x00, 0x11, 0x3c, 0x3e, 0x11, 0x01, 0x00, 0x00, 0x00, 0x01, 0x26, 0x91, 0xbf, 0xf8, 0xff, 0xff, 0xff, 0xfa, 0xfb, 0xf9, 0xee, 0xe7, 0x95, 0x15, 0x04, 0x04, 0x05, 0x11, 0x11, 0x11, 0x11, 0x11, 0x15, 0x15, 0x15, 0x15, 0x26, 0x3c, 0x3c, 0x3c, 0x3c, 0x71, 0x71, 0x7e, 0x92, 0xa0, 0xe2, 0xf3, 0xf9, 0xf9, 0xfc, 0xfd, 0xfc, 0xfe, 0xfe, 0xf9, 0xfe, 0xfe, 0xfb, 0xff, 0xff, 0xfb, 0xfa, 0xfa, 0xf9, 0xf8, 0xed, 0xea, 0xea, 0xe2, 0xbf, 0xbc, 0xba, 0xba, 0xba, 0xba, 0xbc, 0xbc, 0xbc, 0xbf, 0xe0, 0xe8, 0xf3, 0xf3, 0xf9, 0xfc, 0xfc, 0xf7, 0xfc, 0xfc, 0xf7, 0xf6, 0xf6, 0xf5, 0xf4, 0xf1, 0xf0, 0xf0, 0xf4, 0xf4, 0xf1, 0xf1, 0xf1, 0xf1, 0xf0, 0xdb, 0xd8, 0xc9, 0xa8, 0x99, 0x7b, 0x41, 0x17, 0x0b, 0x0b, 0x0b, 0x0a, 0x0d, 0x07, 0x0e, 0x0e, 0x0e,
  0x7a, 0x7a, 0x79, 0x6d, 0x68, 0x6c, 0x6c, 0x64, 0x4e, 0x43, 0x41, 0x45, 0x44, 0x2f, 0x44, 0x45, 0x3d, 0x36, 0x24, 0x22, 0x20, 0x22, 0x2f, 0x4e, 0x50, 0x51, 0x58, 0x67, 0x67, 0x63, 0x50, 0x64, 0x50, 0x2f, 0x29, 0x29, 0x29, 0x40, 0x43, 0x4b, 0x43, 0x41, 0x41, 0x4b, 0x4f, 0x4f, 0x43, 0x40, 0x40, 0x58, 0x67, 0x4d, 0x4a, 0x51, 0x50, 0x4a, 0x4a, 0x4d, 0x58, 0x51, 0x4f, 0x4f, 0x4f, 0x47, 0x3a, 0x34, 0x28, 0x21, 0x1d, 0x1d, 0x1d, 0x1d, 0x13, 0x0b, 0x06, 0x14, 0x29, 0x41, 0x6b, 0x82, 0x82, 0x87, 0x87, 0x7b, 0x6a, 0x63, 0x50, 0x57, 0x48, 0x30, 0x2c, 0x28, 0x27, 0x1d, 0x1f, 0x1b, 0x1b, 0x1f, 0x1f, 0x1d, 0x1d, 0x1d, 0x1d, 0x1f, 0x27, 0x34, 0x34, 0x27, 0x31, 0x12, 0x06, 0x0b, 0x1e, 0x31, 0x3d, 0x47, 0x47, 0x48, 0x4f, 0x58, 0x57, 0x67, 0x67, 0x46, 0x2a, 0x24, 0x23, 0x10, 0x04, 0x05, 0x05, 0x03, 0x06, 0x0d, 0x0f, 0x1b, 0x1f, 0x2c, 0x30, 0x2e, 0x41, 0x49, 0x4c, 0x62, 0x62, 0x6a, 0x6a, 0x6a, 0x6f, 0x81, 0x83, 0x83, 0x83, 0x83, 0x89, 0x89, 0x8b, 0x8c, 0x8c, 0xa1, 0xa1, 0x8c, 0x8c, 0xa1, 0xa3, 0xa1, 0x8c, 0xa1, 0x8c, 0xa1, 0xa3, 0xa1, 0xa4, 0xa4, 0xa9, 0xa9, 0xac, 0xa9, 0xa4, 0xa9, 0xa9, 0xa9, 0xa9, 0xa9, 0xa3, 0xa9, 0xa9, 0xab, 0xab, 0xac, 0xc2, 0xc6, 0xc9, 0xc8, 0x99, 0x71, 0x15, 0x01, 0x00, 0x11, 0x71, 0x76, 0x15, 0x01, 0x00, 0x01, 0x00, 0x01, 0x26, 0x7e, 0xbf, 0xf9, 0xfe, 0xfb, 0xfb, 0xfa, 0xff, 0xf9, 0xee, 0xe7, 0x96, 0x26, 0x09, 0x05, 0x09, 0x09, 0x11, 0x11, 0x15, 0x15, 0x15, 0x15, 0x15, 0x15, 0x15, 0x15, 0x26, 0x3c, 0x3c, 0x3c, 0x71, 0x74, 0x92, 0x9d, 0xbc, 0xec, 0xfc, 0xfc, 0xfc, 0xfd, 0xfc, 0xf9, 0xf8, 0xed, 0xee, 0xee, 0xed, 0xee, 0xed, 0xea, 0xe7, 0xe7, 0xe0, 0xbc, 0xa0, 0xa0, 0xa0, 0x98, 0x98, 0x96, 0x96, 0x96, 0x98, 0x97, 0xa0, 0xba, 0xbc, 0xbc, 0xbc, 0xe0, 0xe7, 0xe9, 0xf3, 0xfc, 0xfc, 0xfc, 0xfc, 0xfd, 0xf6, 0xf6, 0xf5, 0xf5, 0xf4, 0xf4, 0xf1, 0xf1, 0xf4, 0xf5, 0xf5, 0xf4, 0xf4, 0xf1, 0xf0, 0xdd, 0xd9, 0xcb, 0xb7, 0xa7, 0x86, 0x49, 0x21, 0x14, 0x0b, 0x12, 0x0d, 0x0d, 0x07, 0x0f, 0x13, 0x0f,
  0x7a, 0x69, 0x67, 0x64, 0x64, 0x69, 0x69, 0x65, 0x63, 0x50, 0x64, 0x66, 0x66, 0x4e, 0x66, 0x72, 0x57, 0x53, 0x44, 0x2f, 0x2d, 0x43, 0x4e, 0x64, 0x68, 0x68, 0x69, 0x69, 0x65, 0x63, 0x62, 0x50, 0x49, 0x20, 0x14, 0x14, 0x20, 0x2d, 0x2e, 0x41, 0x41, 0x43, 0x43, 0x46, 0x48, 0x46, 0x43, 0x46, 0x48, 0x4f, 0x58, 0x4f, 0x43, 0x4a, 0x4a, 0x43, 0x43, 0x41, 0x43, 0x43, 0x48, 0x48, 0x46, 0x3b, 0x39, 0x34, 0x28, 0x1d, 0x1f, 0x1d, 0x16, 0x16, 0x16, 0x12, 0x06, 0x0b, 0x22, 0x2f, 0x50, 0x79, 0x7b, 0x82, 0x86, 0x70, 0x6a, 0x6a, 0x65, 0x67, 0x4f, 0x3b, 0x3a, 0x34, 0x27, 0x1f, 0x1f, 0x1f, 0x1d, 0x1f, 0x1d, 0x1f, 0x28, 0x28, 0x27, 0x27, 0x1f, 0x27, 0x27, 0x1f, 0x1f, 0x12, 0x06, 0x0c, 0x1e, 0x36, 0x54, 0x59, 0x58, 0x58, 0x58, 0x67, 0x67, 0x67, 0x67, 0x54, 0x2c, 0x24, 0x12, 0x08, 0x04, 0x04, 0x02, 0x08, 0x0c, 0x0d, 0x13, 0x1d, 0x28, 0x34, 0x39, 0x2e, 0x41, 0x4b, 0x4c, 0x62, 0x6a, 0x6a, 0x6f, 0x6f, 0x82, 0x84, 0x83, 0x83, 0x83, 0x89, 0x8a, 0x8a, 0x8a, 0x8b, 0x8b, 0x8c, 0xa1, 0x8c, 0x8c, 0xa1, 0xa1, 0xa1, 0xa1, 0xa1, 0xa1, 0xa1, 0xa3, 0xa3, 0xa9, 0xa9, 0xa9, 0xab, 0xac, 0xab, 0xa9, 0xac, 0xac, 0xa9, 0xab, 0xab, 0xa9, 0xab, 0xab, 0xab, 0xac, 0xc0, 0xc2, 0xc3, 0xc8, 0xb7, 0x92, 0x3c, 0x11, 0x01, 0x00, 0x26, 0x95, 0x95, 0x3c, 0x11, 0x01, 0x00, 0x01, 0x11, 0x3c, 0x96, 0xe0, 0xf8, 0xf9, 0xf9, 0xf9, 0xfa, 0xfe, 0xf8, 0xee, 0xe7, 0x95, 0x1c, 0x09, 0x04, 0x04, 0x09, 0x11, 0x11, 0x11, 0x11, 0x11, 0x15, 0x15, 0x15, 0x15, 0x15, 0x26, 0x3c, 0x3c, 0x3c, 0x3c, 0x74, 0x7e, 0x96, 0xb9, 0xec, 0xf7, 0xf7, 0xf7, 0xf7, 0xf3, 0xea, 0xe2, 0xe0, 0xbf, 0xbc, 0xbc, 0xbc, 0xb9, 0x9f, 0x98, 0x96, 0x96, 0x96, 0x77, 0x74, 0x74, 0x74, 0x71, 0x71, 0x74, 0x7f, 0x96, 0x96, 0x97, 0x9f, 0xb9, 0xbc, 0xbc, 0xbf, 0xe0, 0xe0, 0xe9, 0xf3, 0xfc, 0xfc, 0xfc, 0xf7, 0xf6, 0xf6, 0xf6, 0xf5, 0xf5, 0xf4, 0xf4, 0xf1, 0xf4, 0xf4, 0xf4, 0xf1, 0xf1, 0xf1, 0xdd, 0xd9, 0xd4, 0xcb, 0xc8, 0xb7, 0x8e, 0x68, 0x29, 0x14, 0x0b, 0x12, 0x13, 0x13, 0x0e, 0x13, 0x1a, 0x1a,
  0x59, 0x4e, 0x45, 0x4e, 0x4e, 0x4d, 0x65, 0x69, 0x68, 0x68, 0x6c, 0x6c, 0x69, 0x69, 0x6c, 0x73, 0x69, 0x67, 0x66, 0x64, 0x64, 0x69, 0x68, 0x6b, 0x6b, 0x6d, 0x79, 0x6d, 0x6b, 0x65, 0x63, 0x65, 0x49, 0x20, 0x14, 0x14, 0x22, 0x2a, 0x2f, 0x42, 0x42, 0x42, 0x42, 0x46, 0x46, 0x30, 0x30, 0x46, 0x48, 0x4b, 0x4f, 0x46, 0x41, 0x41, 0x43, 0x43, 0x40, 0x40, 0x43, 0x4a, 0x46, 0x42, 0x30, 0x30, 0x39, 0x28, 0x24, 0x1d, 0x1d, 0x1f, 0x27, 0x1d, 0x16, 0x12, 0x06, 0x0b, 0x22, 0x2f, 0x48, 0x69, 0x6d, 0x70, 0x7b, 0x70, 0x6a, 0x6b, 0x6d, 0x67, 0x58, 0x4f, 0x3b, 0x3a, 0x28, 0x1f, 0x1f, 0x1f, 0x27, 0x27, 0x27, 0x28, 0x3a, 0x3a, 0x34, 0x2c, 0x1f, 0x1b, 0x1a, 0x1e, 0x1e, 0x18, 0x08, 0x08, 0x1c, 0x36, 0x54, 0x59, 0x67, 0x58, 0x64, 0x67, 0x69, 0x67, 0x67, 0x59, 0x3a, 0x22, 0x0b, 0x04, 0x04, 0x04, 0x02, 0x03, 0x06, 0x0b, 0x16, 0x1d, 0x2c, 0x3a, 0x39, 0x2e, 0x40, 0x4b, 0x4c, 0x62, 0x6a, 0x6e, 0x81, 0x82, 0x82, 0x83, 0x83, 0x83, 0x83, 0x89, 0x8a, 0x8a, 0x8a, 0x8a, 0x8a, 0x8b, 0x8c, 0x8c, 0x8c, 0xa1, 0x8c, 0xa1, 0xa3, 0xa3, 0xa3, 0xa3, 0xa3, 0xa4, 0xab, 0xa9, 0xa9, 0xab, 0xac, 0xab, 0xa9, 0xac, 0xac, 0xa9, 0xab, 0xab, 0xab, 0xab, 0xab, 0xab, 0xac, 0xc0, 0xc2, 0xc6, 0xcb, 0xb2, 0x74, 0x26, 0x04, 0x00, 0x01, 0x3c, 0x98, 0x9f, 0x74, 0x3c, 0x15, 0x11, 0x15, 0x3c, 0x91, 0xb9, 0xe7, 0xed, 0xf9, 0xfe, 0xfe, 0xfe, 0xf9, 0xed, 0xed, 0xe0, 0x7f, 0x15, 0x09, 0x05, 0x05, 0x05, 0x11, 0x15, 0x15, 0x11, 0x15, 0x15, 0x15, 0x15, 0x15, 0x26, 0x26, 0x3c, 0x3c, 0x3c, 0x3e, 0x71, 0x77, 0x96, 0xa0, 0xeb, 0xf7, 0xf7, 0xf6, 0xeb, 0xdf, 0xb9, 0xa0, 0x9f, 0x98, 0x96, 0x96, 0x96, 0x96, 0x91, 0x74, 0x71, 0x71, 0x71, 0x3c, 0x3c, 0x3c, 0x3c, 0x3e, 0x3e, 0x3e, 0x71, 0x74, 0x91, 0x96, 0x96, 0x98, 0xa0, 0xb9, 0xbc, 0xbf, 0xbf, 0xe0, 0xf3, 0xfc, 0xfd, 0xfd, 0xf7, 0xf6, 0xf6, 0xf6, 0xf5, 0xf5, 0xf4, 0xf4, 0xf1, 0xf1, 0xf1, 0xf1, 0xde, 0xf1, 0xf1, 0xdd, 0xd5, 0xd5, 0xd2, 0xc8, 0xb7, 0x8e, 0x7c, 0x40, 0x14, 0x12, 0x12, 0x13, 0x1a, 0x0f, 0x0f, 0x0f, 0x13,
  0x2f, 0x22, 0x29, 0x2d, 0x41, 0x4c, 0x63, 0x6b, 0x6b, 0x6b, 0x6d, 0x6d, 0x6d, 0x79, 0x79, 0x6d, 0x79, 0x79, 0x6c, 0x65, 0x6b, 0x6d, 0x6d, 0x6d, 0x6d, 0x70, 0x79, 0x6d, 0x6b, 0x62, 0x63, 0x6b, 0x4c, 0x2d, 0x2d, 0x29, 0x29, 0x2f, 0x39, 0x3b, 0x30, 0x2e, 0x2e, 0x39, 0x39, 0x39, 0x30, 0x45, 0x46, 0x46, 0x46, 0x42, 0x43, 0x40, 0x43, 0x43, 0x41, 0x41, 0x4b, 0x4a, 0x30, 0x2e, 0x2a, 0x2c, 0x34, 0x28, 0x21, 0x27, 0x27, 0x27, 0x27, 0x27, 0x1a, 0x0b, 0x06, 0x0b, 0x17, 0x24, 0x3b, 0x67, 0x69, 0x6c, 0x6d, 0x6b, 0x6a, 0x6b, 0x6b, 0x65, 0x64, 0x67, 0x48, 0x39, 0x2c, 0x1f, 0x1f, 0x1f, 0x1d, 0x27, 0x34, 0x34, 0x3d, 0x3d, 0x3d, 0x34, 0x1f, 0x1a, 0x18, 0x18, 0x0d, 0x0c, 0x04, 0x04, 0x10, 0x32, 0x3d, 0x59, 0x67, 0x58, 0x4d, 0x65, 0x6b, 0x67, 0x69, 0x67, 0x39, 0x17, 0x0b, 0x02, 0x02, 0x05, 0x03, 0x03, 0x0a, 0x12, 0x16, 0x17, 0x28, 0x34, 0x30, 0x30, 0x41, 0x4b, 0x62, 0x62, 0x6b, 0x81, 0x81, 0x82, 0x84, 0x84, 0x83, 0x83, 0x8a, 0x89, 0x8a, 0x8b, 0x8a, 0x8a, 0x8b, 0x8b, 0x8c, 0x8c, 0x8c, 0x8c, 0x8b, 0xa1, 0xa3, 0xa1, 0xa3, 0xa4, 0xa4, 0xa9, 0xab, 0xab, 0xab, 0xac, 0xac, 0xac, 0xab, 0xab, 0xab, 0xab, 0xac, 0xc0, 0xae, 0xac, 0xac, 0xac, 0xc0, 0xc1, 0xc4, 0xca, 0xd4, 0xb2, 0x74, 0x26, 0x01, 0x00, 0x00, 0x3c, 0x9f, 0xbc, 0x9f, 0x96, 0x7e, 0x74, 0x7d, 0x96, 0xbc, 0xea, 0xed, 0xee, 0xf9, 0xfe, 0xfe, 0xf9, 0xed, 0xed, 0xec, 0xbc, 0x77, 0x15, 0x09, 0x05, 0x05, 0x09, 0x11, 0x15, 0x15, 0x15, 0x15, 0x15, 0x15, 0x15, 0x15, 0x26, 0x26, 0x3c, 0x3c, 0x3c, 0x71, 0x71, 0x74, 0x95, 0xa0, 0xe4, 0xf3, 0xf7, 0xeb, 0xbb, 0x97, 0x92, 0x96, 0x96, 0x96, 0x96, 0x9f, 0x9f, 0x9f, 0x98, 0x96, 0x7e, 0x71, 0x3c, 0x3c, 0x15, 0x15, 0x26, 0x3c, 0x3c, 0x3c, 0x3c, 0x71, 0x71, 0x80, 0x96, 0x96, 0x96, 0x9f, 0xb9, 0xb9, 0xba, 0xe0, 0xe9, 0xf3, 0xfd, 0xfd, 0xf7, 0xf6, 0xf6, 0xf6, 0xf5, 0xf5, 0xf4, 0xf4, 0xf1, 0xdd, 0xdd, 0xdd, 0xde, 0xde, 0xdc, 0xde, 0xda, 0xd2, 0xcb, 0xc8, 0xa8, 0x8e, 0x7c, 0x44, 0x20, 0x16, 0x12, 0x13, 0x13, 0x0f, 0x0e, 0x0f, 0x13,
  0x2d, 0x14, 0x14, 0x20, 0x2d, 0x63, 0x6b, 0x6a, 0x6f, 0x70, 0x70, 0x70, 0x7b, 0x7b, 0x7b, 0x70, 0x70, 0x7b, 0x6d, 0x63, 0x6a, 0x6f, 0x6f, 0x6f, 0x7b, 0x7b, 0x79, 0x6d, 0x6b, 0x62, 0x6a, 0x6b, 0x62, 0x49, 0x49, 0x45, 0x43, 0x45, 0x42, 0x30, 0x2e, 0x2a, 0x2a, 0x2c, 0x2c, 0x2c, 0x39, 0x3b, 0x3b, 0x39, 0x30, 0x46, 0x46, 0x42, 0x48, 0x58, 0x48, 0x43, 0x48, 0x46, 0x2e, 0x2a, 0x29, 0x29, 0x28, 0x21, 0x1d, 0x1f, 0x27, 0x27, 0x1f, 0x1b, 0x1a, 0x13, 0x0b, 0x0b, 0x13, 0x1d, 0x3a, 0x55, 0x59, 0x69, 0x68, 0x6b, 0x79, 0x6b, 0x65, 0x65, 0x65, 0x67, 0x48, 0x2a, 0x17, 0x17, 0x13, 0x13, 0x16, 0x1f, 0x3d, 0x54, 0x3d, 0x54, 0x54, 0x31, 0x18, 0x18, 0x0d, 0x08, 0x05, 0x04, 0x01, 0x01, 0x08, 0x23, 0x38, 0x55, 0x57, 0x4d, 0x4c, 0x63, 0x6d, 0x65, 0x6c, 0x69, 0x42, 0x20, 0x10, 0x02, 0x02, 0x03, 0x03, 0x0a, 0x12, 0x17, 0x24, 0x28, 0x28, 0x34, 0x47, 0x48, 0x4e, 0x50, 0x65, 0x6b, 0x70, 0x82, 0x81, 0x81, 0x84, 0x84, 0x83, 0x83, 0x89, 0x83, 0x8a, 0x8b, 0x8b, 0x8b, 0x8c, 0x8c, 0x8c, 0xa1, 0x8c, 0x8c, 0x8c, 0xa1, 0xa3, 0xa9, 0xa4, 0xa9, 0xa4, 0xa9, 0xab, 0xac, 0xab, 0xa9, 0xab, 0xc0, 0xab, 0xa9, 0xac, 0xae, 0xc0, 0xc0, 0xc0, 0xae, 0xac, 0xae, 0xc4, 0xc4, 0xc7, 0xd0, 0xcb, 0x9c, 0x71, 0x15, 0x01, 0x00, 0x00, 0x26, 0x96, 0xe0, 0xe0, 0xe7, 0xe0, 0xbc, 0xbc, 0xe0, 0xea, 0xf8, 0xf8, 0xf9, 0xf9, 0xf9, 0xfe, 0xf8, 0xf3, 0xea, 0xea, 0xb9, 0x74, 0x15, 0x11, 0x11, 0x11, 0x11, 0x11, 0x11, 0x11, 0x11, 0x15, 0x15, 0x15, 0x15, 0x15, 0x26, 0x26, 0x26, 0x3c, 0x3c, 0x3e, 0x71, 0x77, 0x96, 0x9d, 0xdf, 0xf3, 0xf3, 0xbe, 0x96, 0x74, 0x74, 0x91, 0x98, 0xa0, 0xbf, 0xe7, 0xe7, 0xe7, 0xe7, 0xea, 0xe0, 0xa0, 0x7f, 0x3c, 0x26, 0x11, 0x15, 0x15, 0x15, 0x26, 0x3c, 0x3c, 0x71, 0x74, 0x7e, 0x96, 0x96, 0x96, 0xa0, 0x9f, 0xa0, 0xbf, 0xe0, 0xeb, 0xfc, 0xf7, 0xf6, 0xf6, 0xf6, 0xf6, 0xf5, 0xf1, 0xf1, 0xf1, 0xdd, 0xdd, 0xde, 0xde, 0xdc, 0xda, 0xda, 0xdc, 0xd2, 0xc9, 0xc9, 0xc9, 0xaf, 0x8e, 0x7c, 0x40, 0x24, 0x17, 0x0b, 0x12, 0x0f, 0x0f, 0x1a, 0x13, 0x0f,
  0x49, 0x29, 0x20, 0x20, 0x40, 0x68, 0x70, 0x6f, 0x7b, 0x7b, 0x70, 0x70, 0x7b, 0x7b, 0x7b, 0x6f, 0x6f, 0x6d, 0x6b, 0x6b, 0x6f, 0x6f, 0x6f, 0x70, 0x7b, 0x82, 0x70, 0x6f, 0x70, 0x6f, 0x6f, 0x6d, 0x65, 0x50, 0x50, 0x50, 0x4b, 0x4a, 0x41, 0x2f, 0x2a, 0x2f, 0x2c, 0x2a, 0x28, 0x21, 0x24, 0x39, 0x47, 0x39, 0x30, 0x46, 0x43, 0x42, 0x46, 0x4f, 0x4f, 0x4f, 0x4f, 0x48, 0x42, 0x2e, 0x29, 0x21, 0x21, 0x27, 0x1d, 0x1d, 0x1d, 0x1f, 0x1b, 0x16, 0x13, 0x13, 0x12, 0x0b, 0x0f, 0x1a, 0x28, 0x54, 0x55, 0x66, 0x68, 0x6b, 0x70, 0x6d, 0x6b, 0x65, 0x63, 0x64, 0x4f, 0x29, 0x14, 0x12, 0x0b, 0x0b, 0x12, 0x1b, 0x34, 0x3d, 0x3d, 0x3d, 0x3d, 0x25, 0x0d, 0x0c, 0x02, 0x04, 0x01, 0x01, 0x00, 0x00, 0x04, 0x19, 0x33, 0x54, 0x57, 0x4e, 0x50, 0x63, 0x62, 0x6a, 0x7b, 0x79, 0x4e, 0x22, 0x10, 0x03, 0x03, 0x03, 0x06, 0x0b, 0x12, 0x24, 0x2c, 0x3b, 0x3a, 0x34, 0x3b, 0x46, 0x4f, 0x67, 0x6d, 0x7b, 0x82, 0x82, 0x84, 0x82, 0x81, 0x83, 0x83, 0x83, 0x89, 0x83, 0x89, 0x8a, 0xa1, 0xa1, 0xa1, 0xa2, 0xa1, 0xa2, 0xa1, 0xa1, 0xa4, 0xa3, 0xab, 0xac, 0xab, 0xa9, 0xa9, 0xa9, 0xab, 0xab, 0xa9, 0xa9, 0xab, 0xab, 0xa9, 0xab, 0xab, 0xa9, 0xab, 0xac, 0xac, 0xac, 0xac, 0xc0, 0xc4, 0xc5, 0xc7, 0xca, 0xc8, 0x99, 0x71, 0x15, 0x01, 0x00, 0x00, 0x15, 0x95, 0xe7, 0xea, 0xec, 0xec, 0xea, 0xea, 0xee, 0xf8, 0xf8, 0xf9, 0xf9, 0xfe, 0xf9, 0xf3, 0xec, 0xeb, 0xe7, 0xe7, 0xa0, 0x71, 0x11, 0x05, 0x11, 0x11, 0x11, 0x11, 0x11, 0x11, 0x11, 0x15, 0x15, 0x15, 0x15, 0x15, 0x26, 0x26, 0x26, 0x3c, 0x3e, 0x3c, 0x3e, 0x71, 0x92, 0x9d, 0xdf, 0xf6, 0xe4, 0x9d, 0x71, 0x71, 0x74, 0x96, 0xbc, 0xea, 0xf8, 0xf9, 0xfa, 0xfe, 0xfa, 0xfb, 0xfa, 0xee, 0xe0, 0x96, 0x71, 0x15, 0x15, 0x15, 0x15, 0x26, 0x26, 0x3c, 0x71, 0x71, 0x74, 0x91, 0x96, 0x96, 0xa0, 0x9f, 0xa0, 0xbf, 0xbf, 0xe2, 0xf3, 0xf6, 0xf6, 0xf6, 0xf6, 0xf5, 0xf4, 0xf0, 0xd9, 0xda, 0xde, 0xde, 0xde, 0xda, 0xda, 0xdc, 0xd5, 0xcb, 0xc9, 0xc9, 0xca, 0xc9, 0xc3, 0x9b, 0x86, 0x66, 0x2f, 0x17, 0x0b, 0x12, 0x0f, 0x0f, 0x0f, 0x0f, 0x13,
  0x6b, 0x62, 0x49, 0x49, 0x68, 0x79, 0x70, 0x70, 0x7b, 0x7b, 0x7b, 0x70, 0x6f, 0x6f, 0x7b, 0x70, 0x6f, 0x6f, 0x6f, 0x6f, 0x6f, 0x6f, 0x6f, 0x6f, 0x70, 0x7b, 0x70, 0x6f, 0x6f, 0x6f, 0x6f, 0x6b, 0x6b, 0x69, 0x63, 0x4c, 0x49, 0x41, 0x40, 0x2d, 0x2a, 0x39, 0x34, 0x34, 0x2a, 0x21, 0x24, 0x3a, 0x3b, 0x39, 0x3b, 0x39, 0x2e, 0x42, 0x46, 0x48, 0x48, 0x46, 0x4f, 0x4f, 0x46, 0x2e, 0x2a, 0x29, 0x28, 0x28, 0x27, 0x1f, 0x1b, 0x16, 0x1a, 0x12, 0x0b, 0x0b, 0x0b, 0x0a, 0x0a, 0x0d, 0x17, 0x2c, 0x45, 0x4e, 0x65, 0x69, 0x69, 0x65, 0x65, 0x6a, 0x65, 0x6c, 0x66, 0x2f, 0x17, 0x12, 0x0b, 0x0b, 0x12, 0x1a, 0x36, 0x3d, 0x36, 0x31, 0x31, 0x18, 0x0c, 0x02, 0x02, 0x01, 0x01, 0x00, 0x00, 0x00, 0x04, 0x15, 0x32, 0x54, 0x55, 0x50, 0x63, 0x62, 0x62, 0x6e, 0x82, 0x7c, 0x66, 0x24, 0x0b, 0x06, 0x0a, 0x06, 0x0d, 0x1e, 0x17, 0x28, 0x3a, 0x47, 0x3b, 0x39, 0x39, 0x42, 0x4f, 0x69, 0x79, 0x7b, 0x82, 0x82, 0x87, 0x87, 0x84, 0x83, 0x83, 0x83, 0x8a, 0x89, 0x8a, 0x8a, 0x8b, 0x8b, 0x8c, 0xa4, 0xa2, 0x8c, 0xa2, 0xa4, 0xaa, 0xab, 0xaa, 0xa9, 0xaa, 0xaa, 0xa9, 0xa9, 0xaa, 0xab, 0xab, 0xab, 0xac, 0xab, 0xa9, 0xab, 0xab, 0xa3, 0xa3, 0xa4, 0xab, 0xac, 0xc0, 0xc1, 0xc4, 0xc4, 0xc7, 0xc6, 0xa8, 0x92, 0x52, 0x11, 0x01, 0x00, 0x00, 0x11, 0x74, 0xe0, 0xed, 0xea, 0xe8, 0xec, 0xf8, 0xf9, 0xf8, 0xf9, 0xfe, 0xf9, 0xf9, 0xea, 0xba, 0xb9, 0xba, 0xbf, 0xbc, 0x95, 0x3c, 0x05, 0x01, 0x05, 0x11, 0x11, 0x11, 0x15, 0x15, 0x15, 0x15, 0x15, 0x15, 0x15, 0x15, 0x26, 0x3c, 0x3c, 0x3c, 0x3c, 0x3e, 0x3e, 0x71, 0x7e, 0x9d, 0xdf, 0xe5, 0xbe, 0x92, 0x3c, 0x3c, 0x91, 0xbc, 0xea, 0xf9, 0xfa, 0xff, 0xfb, 0xfb, 0xff, 0xff, 0xff, 0xff, 0xfa, 0xea, 0xa0, 0x71, 0x15, 0x11, 0x11, 0x15, 0x26, 0x3c, 0x3c, 0x71, 0x74, 0x7e, 0x91, 0x96, 0x97, 0x96, 0x9f, 0xbc, 0xbc, 0xbc, 0xe2, 0xf3, 0xf7, 0xf6, 0xf2, 0xf5, 0xf5, 0xf1, 0xd9, 0xda, 0xde, 0xde, 0xdc, 0xd5, 0xd2, 0xd2, 0xcb, 0xc9, 0xc6, 0xc6, 0xc6, 0xc9, 0xaf, 0x8e, 0x88, 0x73, 0x44, 0x17, 0x12, 0x13, 0x0f, 0x0e, 0x0e, 0x0f, 0x1a,
  0x86, 0x7b, 0x6d, 0x70, 0x7c, 0x7b, 0x6f, 0x6f, 0x70, 0x70, 0x70, 0x70, 0x70, 0x70, 0x7b, 0x70, 0x70, 0x82, 0x70, 0x6f, 0x70, 0x7b, 0x70, 0x70, 0x7b, 0x7b, 0x70, 0x6f, 0x6f, 0x6f, 0x7b, 0x70, 0x7b, 0x6b, 0x63, 0x50, 0x43, 0x40, 0x2e, 0x2e, 0x2f, 0x34, 0x34, 0x39, 0x39, 0x29, 0x2c, 0x47, 0x39, 0x30, 0x3b, 0x30, 0x2e, 0x42, 0x4f, 0x48, 0x46, 0x30, 0x47, 0x48, 0x3a, 0x2a, 0x24, 0x24, 0x28, 0x28, 0x21, 0x27, 0x1d, 0x13, 0x0f, 0x0e, 0x07, 0x0d, 0x0d, 0x06, 0x06, 0x0a, 0x12, 0x1f, 0x39, 0x48, 0x58, 0x65, 0x65, 0x6b, 0x7b, 0x70, 0x6b, 0x6d, 0x6b, 0x49, 0x22, 0x12, 0x0b, 0x0b, 0x14, 0x17, 0x2c, 0x3d, 0x28, 0x1f, 0x18, 0x0c, 0x05, 0x04, 0x01, 0x00, 0x00, 0x00, 0x00, 0x00, 0x04, 0x15, 0x26, 0x3d, 0x54, 0x58, 0x63, 0x63, 0x6a, 0x6f, 0x82, 0x86, 0x68, 0x29, 0x10, 0x06, 0x06, 0x0b, 0x25, 0x31, 0x24, 0x34, 0x3a, 0x3a, 0x42, 0x42, 0x43, 0x4e, 0x57, 0x68, 0x6d, 0x70, 0x82, 0x82, 0x84, 0x84, 0x84, 0x84, 0x89, 0x89, 0x8a, 0x8a, 0x8b, 0x8b, 0x8a, 0x8c, 0x8c, 0xa2, 0xa1, 0xa1, 0xa3, 0xa9, 0xab, 0xab, 0xab, 0xaa, 0xa9, 0xab, 0xa9, 0xa9, 0xa9, 0xab, 0xac, 0xac, 0xac, 0xa9, 0xab, 0xab, 0xa9, 0xa9, 0xa6, 0xaa, 0xaa, 0xab, 0xab, 0xc0, 0xc1, 0xc5, 0xd1, 0xc9, 0xa8, 0x7e, 0x3c, 0x11, 0x01, 0x00, 0x00, 0x01, 0x3e, 0xb9, 0xea, 0xe8, 0xea, 0xed, 0xf9, 0xf9, 0xf8, 0xf9, 0xfa, 0xf8, 0xea, 0xa0, 0x71, 0x71, 0x92, 0xba, 0xb9, 0x74, 0x15, 0x01, 0x01, 0x05, 0x05, 0x11, 0x11, 0x11, 0x15, 0x15, 0x11, 0x15, 0x15, 0x15, 0x26, 0x26, 0x3c, 0x3c, 0x26, 0x3c, 0x3e, 0x3e, 0x71, 0x74, 0x9d, 0xbb, 0xbb, 0x9d, 0x71, 0x26, 0x71, 0x9f, 0xe7, 0xf8, 0xf8, 0xfa, 0xff, 0xfb, 0xfb, 0xff, 0xfb, 0xfb, 0xfb, 0xfb, 0xfb, 0xed, 0x9f, 0x3c, 0x11, 0x11, 0x15, 0x15, 0x26, 0x3c, 0x3c, 0x71, 0x74, 0x91, 0x96, 0x91, 0x96, 0x97, 0xa0, 0xb9, 0xa0, 0xe0, 0xf3, 0xf7, 0xf6, 0xf2, 0xf5, 0xf5, 0xf1, 0xda, 0xda, 0xda, 0xda, 0xd4, 0xd4, 0xcb, 0xc9, 0xc9, 0xc9, 0xc3, 0xc3, 0xb0, 0xc3, 0xaf, 0x8f, 0x87, 0x6d, 0x41, 0x21, 0x12, 0x16, 0x13, 0x13, 0x1a, 0x1a, 0x1b,
  0x88, 0x88, 0x88, 0x85, 0x86, 0x86, 0x86, 0x82, 0x82, 0x82, 0x70, 0x6f, 0x7b, 0x70, 0x7b, 0x70, 0x7b, 0x82, 0x82, 0x82, 0x82, 0x82, 0x7b, 0x7b, 0x7b, 0x70, 0x82, 0x81, 0x6e, 0x81, 0x82, 0x7b, 0x7b, 0x6d, 0x63, 0x64, 0x50, 0x41, 0x2e, 0x2e, 0x2e, 0x2f, 0x2f, 0x42, 0x46, 0x2d, 0x30, 0x48, 0x42, 0x30, 0x42, 0x2e, 0x2d, 0x41, 0x48, 0x48, 0x46, 0x3b, 0x30, 0x2c, 0x28, 0x24, 0x21, 0x21, 0x2c, 0x2c, 0x28, 0x24, 0x21, 0x1a, 0x0e, 0x07, 0x07, 0x07, 0x07, 0x0a, 0x0a, 0x06, 0x12, 0x31, 0x3a, 0x30, 0x4a, 0x64, 0x68, 0x6b, 0x7b, 0x70, 0x6f, 0x6f, 0x70, 0x62, 0x2d, 0x17, 0x16, 0x1c, 0x23, 0x21, 0x2c, 0x34, 0x1f, 0x18, 0x0c, 0x04, 0x02, 0x00, 0x00, 0x00, 0x00, 0x00, 0x01, 0x01, 0x04, 0x0c, 0x1e, 0x32, 0x39, 0x48, 0x63, 0x6a, 0x6f, 0x81, 0x87, 0x8e, 0x7c, 0x49, 0x14, 0x0b, 0x0a, 0x12, 0x24, 0x2c, 0x34, 0x3b, 0x46, 0x47, 0x48, 0x43, 0x4b, 0x50, 0x50, 0x62, 0x6a, 0x70, 0x81, 0x81, 0x81, 0x83, 0x84, 0x89, 0x8a, 0x8a, 0x8a, 0x8a, 0x8c, 0xa2, 0x8b, 0xa1, 0xa4, 0xa4, 0xa3, 0xa3, 0xa9, 0xac, 0xac, 0xac, 0xc0, 0xc0, 0xab, 0xab, 0xa9, 0xa9, 0xa9, 0xac, 0xac, 0xab, 0xa9, 0xab, 0xab, 0xa9, 0xab, 0xac, 0xad, 0xac, 0xab, 0xab, 0xac, 0xae, 0xc1, 0xc5, 0xd1, 0xcb, 0xb2, 0x74, 0x26, 0x09, 0x01, 0x00, 0x00, 0x00, 0x11, 0x95, 0xe7, 0xea, 0xe8, 0xed, 0xf8, 0xf8, 0xf9, 0xf8, 0xf9, 0xf9, 0xea, 0x91, 0x26, 0x3c, 0x7e, 0xa0, 0x96, 0x3c, 0x11, 0x01, 0x01, 0x11, 0x11, 0x11, 0x11, 0x11, 0x11, 0x15, 0x11, 0x15, 0x15, 0x15, 0x26, 0x26, 0x3c, 0x3c, 0x3c, 0x3c, 0x3c, 0x3e, 0x71, 0x7e, 0x97, 0xb3, 0xba, 0x91, 0x3c, 0x3c, 0x71, 0x98, 0xb9, 0xbc, 0xbc, 0xed, 0xfa, 0xfa, 0xfa, 0xfb, 0xfe, 0xfa, 0xfa, 0xfa, 0xfb, 0xfa, 0xea, 0x96, 0x26, 0x15, 0x15, 0x15, 0x26, 0x3c, 0x3c, 0x71, 0x7d, 0x91, 0x95, 0x96, 0x96, 0x96, 0x98, 0xb9, 0x97, 0xbc, 0xe8, 0xf3, 0xf6, 0xf2, 0xf5, 0xf4, 0xf1, 0xdd, 0xda, 0xda, 0xd4, 0xcb, 0xc8, 0xc8, 0xc8, 0xc3, 0xb0, 0xc3, 0xc6, 0xc3, 0xaf, 0xa8, 0x8f, 0x8d, 0x6f, 0x4a, 0x21, 0x12, 0x12, 0x13, 0x1a, 0x1f, 0x1b, 0x1a,
  0x8e, 0x88, 0x8e, 0x88, 0x8e, 0x8e, 0x88, 0x87, 0x86, 0x86, 0x6f, 0x62, 0x6a, 0x6f, 0x6f, 0x6f, 0x7b, 0x82, 0x82, 0x82, 0x82, 0x7b, 0x7b, 0x7b, 0x7b, 0x70, 0x70, 0x81, 0x81, 0x82, 0x84, 0x82, 0x70, 0x6d, 0x6c, 0x67, 0x58, 0x4b, 0x41, 0x2e, 0x2e, 0x2e, 0x2f, 0x45, 0x48, 0x30, 0x30, 0x42, 0x45, 0x42, 0x47, 0x48, 0x42, 0x46, 0x48, 0x42, 0x46, 0x46, 0x2a, 0x21, 0x17, 0x17, 0x17, 0x17, 0x28, 0x27, 0x27, 0x1f, 0x1d, 0x1b, 0x07, 0x06, 0x06, 0x03, 0x03, 0x06, 0x06, 0x06, 0x0d, 0x25, 0x2c, 0x2c, 0x43, 0x64, 0x68, 0x6d, 0x7b, 0x82, 0x84, 0x84, 0x84, 0x70, 0x50, 0x42, 0x2c, 0x2b, 0x28, 0x2c, 0x2c, 0x27, 0x16, 0x08, 0x02, 0x01, 0x00, 0x00, 0x00, 0x00, 0x00, 0x00, 0x01, 0x04, 0x05, 0x0c, 0x1c, 0x24, 0x2a, 0x30, 0x50, 0x6b, 0x7b, 0x84, 0x8e, 0x99, 0x8e, 0x68, 0x20, 0x10, 0x12, 0x17, 0x24, 0x2c, 0x47, 0x47, 0x4e, 0x58, 0x58, 0x4d, 0x4d, 0x63, 0x62, 0x62, 0x6a, 0x6f, 0x81, 0x81, 0x81, 0x83, 0x83, 0x8a, 0x8b, 0x8b, 0x8b, 0x8b, 0xa1, 0xa2, 0xa1, 0xa2, 0xa4, 0xaa, 0xab, 0xab, 0xac, 0xc1, 0xc0, 0xc0, 0xc0, 0xc1, 0xae, 0xab, 0xa9, 0xab, 0xac, 0xab, 0xab, 0xa9, 0xa9, 0xa9, 0xa9, 0xa9, 0xab, 0xae, 0xb0, 0xae, 0xae, 0xae, 0xc1, 0xc0, 0xc1, 0xc5, 0xd0, 0xc9, 0xa7, 0x74, 0x26, 0x09, 0x01, 0x00, 0x00, 0x00, 0x05, 0x3e, 0xb9, 0xe7, 0xe2, 0xe7, 0xec, 0xec, 0xed, 0xf8, 0xf8, 0xf9, 0xea, 0x96, 0x3c, 0x71, 0x91, 0x96, 0x74, 0x26, 0x05, 0x01, 0x05, 0x11, 0x11, 0x11, 0x11, 0x09, 0x11, 0x15, 0x15, 0x15, 0x15, 0x15, 0x26, 0x26, 0x26, 0x3c, 0x3c, 0x3c, 0x3c, 0x3e, 0x71, 0x7e, 0x92, 0x9d, 0xa0, 0x74, 0x3c, 0x3c, 0x71, 0x71, 0x71, 0x71, 0x7e, 0xb9, 0xea, 0xf8, 0xfa, 0xfb, 0xff, 0xfb, 0xfb, 0xfb, 0xfb, 0xfb, 0xfa, 0xbc, 0x74, 0x15, 0x11, 0x15, 0x15, 0x26, 0x3c, 0x71, 0x74, 0x7d, 0x91, 0x96, 0x96, 0x96, 0x97, 0x9f, 0x97, 0xba, 0xe0, 0xeb, 0xf6, 0xf2, 0xf5, 0xef, 0xdd, 0xdd, 0xdd, 0xdd, 0xda, 0xcb, 0xb7, 0xaf, 0xaf, 0xa8, 0xa5, 0xaf, 0xb0, 0xaf, 0xaf, 0xa5, 0x8f, 0x8d, 0x7b, 0x50, 0x29, 0x12, 0x12, 0x0f, 0x1a, 0x1a, 0x13, 0x13,
  0x9b, 0x8e, 0x8e, 0x99, 0x99, 0x99, 0x8e, 0x88, 0x87, 0x86, 0x6f, 0x62, 0x4c, 0x6a, 0x6f, 0x6f, 0x7b, 0x82, 0x82, 0x82, 0x70, 0x70, 0x6f, 0x6f, 0x70, 0x7b, 0x70, 0x87, 0x87, 0x84, 0x82, 0x82, 0x70, 0x6d, 0x6d, 0x69, 0x50, 0x4e, 0x4f, 0x46, 0x42, 0x2e, 0x30, 0x45, 0x48, 0x45, 0x42, 0x30, 0x42, 0x46, 0x54, 0x59, 0x4f, 0x4f, 0x48, 0x39, 0x30, 0x3b, 0x2e, 0x21, 0x17, 0x16, 0x16, 0x16, 0x17, 0x1d, 0x1d, 0x1d, 0x1d, 0x1b, 0x0d, 0x06, 0x03, 0x06, 0x03, 0x03, 0x06, 0x06, 0x0a, 0x12, 0x1d, 0x2a, 0x30, 0x4e, 0x65, 0x79, 0x82, 0x87, 0x8d, 0x8d, 0x87, 0x82, 0x6d, 0x64, 0x46, 0x3a, 0x3a, 0x34, 0x28, 0x27, 0x18, 0x03, 0x04, 0x01, 0x00, 0x00, 0x00, 0x00, 0x00, 0x00, 0x01, 0x05, 0x0c, 0x19, 0x25, 0x2b, 0x2e, 0x41, 0x50, 0x6a, 0x82, 0x8d, 0x8f, 0x9b, 0x9b, 0x85, 0x2d, 0x14, 0x0b, 0x24, 0x2c, 0x47, 0x4f, 0x4f, 0x58, 0x51, 0x63, 0x65, 0x63, 0x65, 0x6a, 0x6a, 0x6e, 0x81, 0x81, 0x83, 0x84, 0x84, 0x89, 0x89, 0x8a, 0x8b, 0x8b, 0x8b, 0x8c, 0xa2, 0xa4, 0xa4, 0xa3, 0xa9, 0xab, 0xae, 0xc0, 0xc1, 0xc0, 0xae, 0xc0, 0xc1, 0xc0, 0xae, 0xae, 0xae, 0xac, 0xab, 0xa9, 0xa9, 0xa9, 0xab, 0xac, 0xac, 0xac, 0xac, 0xae, 0xc0, 0xc0, 0xc1, 0xc1, 0xc4, 0xc4, 0xc6, 0xd0, 0xc9, 0xa7, 0x74, 0x26, 0x11, 0x01, 0x00, 0x00, 0x00, 0x01, 0x15, 0x74, 0xba, 0xe0, 0xbf, 0xe0, 0xe2, 0xe8, 0xed, 0xed, 0xed, 0xe7, 0xb9, 0x96, 0x96, 0x96, 0x77, 0x3c, 0x11, 0x01, 0x05, 0x05, 0x11, 0x11, 0x11, 0x11, 0x11, 0x11, 0x15, 0x15, 0x15, 0x15, 0x26, 0x26, 0x26, 0x26, 0x26, 0x3c, 0x3c, 0x3c, 0x3e, 0x71, 0x7d, 0x96, 0x97, 0x97, 0x52, 0x26, 0x26, 0x15, 0x11, 0x09, 0x11, 0x26, 0x71, 0xb9, 0xea, 0xee, 0xfb, 0xfb, 0xff, 0xff, 0xff, 0xff, 0xfb, 0xfb, 0xed, 0x98, 0x3c, 0x11, 0x15, 0x15, 0x26, 0x3c, 0x3c, 0x71, 0x71, 0x7e, 0x96, 0x96, 0x96, 0x92, 0x96, 0x96, 0xba, 0xbf, 0xe2, 0xeb, 0xf2, 0xf2, 0xd9, 0xdd, 0xdd, 0xdb, 0xda, 0xda, 0xcb, 0xc8, 0xa8, 0x8f, 0x84, 0x89, 0x90, 0xa5, 0xa6, 0xa5, 0x90, 0x8f, 0x8d, 0x7b, 0x67, 0x2f, 0x17, 0x16, 0x0f, 0x13, 0x0f, 0x12, 0x16,
  0x9b, 0x9b, 0x9b, 0x9b, 0x99, 0x99, 0x99, 0x8e, 0x87, 0x82, 0x81, 0x6a, 0x62, 0x6a, 0x70, 0x7b, 0x82, 0x82, 0x82, 0x82, 0x6f, 0x6f, 0x6a, 0x6a, 0x70, 0x82, 0x82, 0x87, 0x87, 0x82, 0x82, 0x86, 0x7b, 0x6d, 0x6c, 0x64, 0x50, 0x51, 0x58, 0x57, 0x48, 0x42, 0x30, 0x3b, 0x48, 0x48, 0x48, 0x3b, 0x3b, 0x3b, 0x47, 0x54, 0x48, 0x48, 0x54, 0x46, 0x30, 0x3b, 0x46, 0x2a, 0x21, 0x21, 0x21, 0x21, 0x27, 0x28, 0x28, 0x1f, 0x1d, 0x1a, 0x12, 0x0a, 0x06, 0x06, 0x03, 0x03, 0x06, 0x06, 0x06, 0x0b, 0x16, 0x21, 0x29, 0x43, 0x69, 0x7b, 0x82, 0x87, 0x8d, 0x8d, 0x84, 0x84, 0x70, 0x6b, 0x4c, 0x47, 0x47, 0x34, 0x21, 0x1f, 0x18, 0x04, 0x01, 0x01, 0x00, 0x00, 0x00, 0x00, 0x00, 0x01, 0x04, 0x09, 0x15, 0x23, 0x32, 0x39, 0x46, 0x50, 0x65, 0x6e, 0x84, 0x8d, 0x90, 0xa7, 0xa7, 0x99, 0x6c, 0x29, 0x14, 0x21, 0x30, 0x48, 0x4f, 0x50, 0x63, 0x62, 0x62, 0x6b, 0x6b, 0x6f, 0x6e, 0x6e, 0x6e, 0x81, 0x83, 0x83, 0x8a, 0x8a, 0x8a, 0x8a, 0x8a, 0x8a, 0x8b, 0x8b, 0x8c, 0xa4, 0xa9, 0xa3, 0xa9, 0xa9, 0xaa, 0xae, 0xc1, 0xc1, 0xc1, 0xc0, 0xc1, 0xc4, 0xc1, 0xc0, 0xc0, 0xac, 0xab, 0xa9, 0xa9, 0xa9, 0xab, 0xae, 0xc0, 0xc0, 0xc0, 0xae, 0xae, 0xc0, 0xc1, 0xc1, 0xc1, 0xc5, 0xc7, 0xc7, 0xca, 0xcb, 0xb1, 0x71, 0x26, 0x11, 0x01, 0x00, 0x00, 0x00, 0x00, 0x01, 0x26, 0x7d, 0xb9, 0xbc, 0xbf, 0xe0, 0xe0, 0xe0, 0xe0, 0xe0, 0xe0, 0xb9, 0xa0, 0x98, 0x7f, 0x3c, 0x11, 0x04, 0x01, 0x04, 0x04, 0x05, 0x09, 0x09, 0x11, 0x11, 0x11, 0x11, 0x11, 0x11, 0x15, 0x15, 0x15, 0x26, 0x26, 0x3c, 0x3c, 0x3c, 0x3c, 0x3c, 0x71, 0x7d, 0x96, 0x96, 0x96, 0x71, 0x26, 0x15, 0x11, 0x01, 0x01, 0x01, 0x01, 0x26, 0x95, 0xe0, 0xea, 0xf8, 0xfa, 0xff, 0xff, 0xff, 0xff, 0xff, 0xff, 0xf8, 0xbc, 0x71, 0x15, 0x15, 0x15, 0x26, 0x26, 0x3c, 0x3c, 0x71, 0x7e, 0x95, 0x96, 0x96, 0x96, 0x96, 0x96, 0xb9, 0xba, 0xbf, 0xe4, 0xf2, 0xe6, 0xd8, 0xdb, 0xdd, 0xd9, 0xd4, 0xd4, 0xcb, 0xc8, 0xa8, 0x89, 0x6e, 0x6e, 0x89, 0x90, 0xa5, 0x90, 0x8f, 0x8f, 0x87, 0x7b, 0x66, 0x2f, 0x16, 0x13, 0x13, 0x1a, 0x1a, 0x1b, 0x1a,
  0xa7, 0x9b, 0xa7, 0x9b, 0x9b, 0x9b, 0x8e, 0x8e, 0x8e, 0x82, 0x82, 0x6f, 0x6f, 0x82, 0x81, 0x6e, 0x70, 0x82, 0x82, 0x82, 0x6f, 0x6e, 0x62, 0x62, 0x6f, 0x7b, 0x82, 0x82, 0x84, 0x84, 0x82, 0x82, 0x82, 0x70, 0x6b, 0x63, 0x50, 0x50, 0x4f, 0x58, 0x4f, 0x45, 0x2e, 0x3b, 0x47, 0x48, 0x46, 0x3b, 0x46, 0x46, 0x3b, 0x3b, 0x3b, 0x3b, 0x48, 0x46, 0x3b, 0x47, 0x48, 0x30, 0x29, 0x28, 0x28, 0x28, 0x34, 0x2c, 0x28, 0x27, 0x1b, 0x16, 0x12, 0x0b, 0x0a, 0x07, 0x06, 0x07, 0x0a, 0x07, 0x06, 0x06, 0x13, 0x17, 0x24, 0x45, 0x68, 0x70, 0x82, 0x87, 0x8d, 0x8d, 0x8a, 0x89, 0x84, 0x70, 0x63, 0x4f, 0x42, 0x2c, 0x2c, 0x25, 0x0c, 0x04, 0x01, 0x00, 0x00, 0x00, 0x00, 0x00, 0x01, 0x04, 0x09, 0x15, 0x1c, 0x24, 0x39, 0x59, 0x69, 0x79, 0x7b, 0x82, 0x8d, 0x8f, 0x90, 0xa5, 0xa8, 0xa7, 0x88, 0x4e, 0x29, 0x2a, 0x42, 0x4b, 0x58, 0x64, 0x65, 0x63, 0x6a, 0x6a, 0x6f, 0x6f, 0x81, 0x81, 0x81, 0x81, 0x83, 0x89, 0x8a, 0x8a, 0x89, 0x89, 0x8a, 0x8b, 0x8c, 0x8b, 0x8c, 0xa2, 0xa4, 0xa4, 0xab, 0xae, 0xc0, 0xc1, 0xc1, 0xc0, 0xc1, 0xc0, 0xc1, 0xc4, 0xc1, 0xc1, 0xc1, 0xab, 0xab, 0xab, 0xa9, 0xab, 0xac, 0xab, 0xac, 0xae, 0xae, 0xc0, 0xc0, 0xc0, 0xc0, 0xc0, 0xc4, 0xc5, 0xc7, 0xca, 0xca, 0xcb, 0xa7, 0x71, 0x26, 0x11, 0x01, 0x00, 0x00, 0x00, 0x00, 0x00, 0x05, 0x3c, 0x7d, 0x9f, 0xbc, 0xbc, 0xbc, 0xbc, 0xbf, 0xbf, 0xbc, 0xa0, 0x98, 0x77, 0x3c, 0x11, 0x05, 0x05, 0x01, 0x05, 0x09, 0x09, 0x09, 0x11, 0x11, 0x11, 0x11, 0x11, 0x15, 0x15, 0x15, 0x15, 0x15, 0x26, 0x3c, 0x3c, 0x3c, 0x3c, 0x3c, 0x3e, 0x71, 0x7e, 0x96, 0x96, 0x91, 0x71, 0x3c, 0x26, 0x11, 0x01, 0x01, 0x01, 0x01, 0x11, 0x71, 0xb9, 0xe7, 0xea, 0xf8, 0xfb, 0xff, 0xff, 0xfb, 0xfb, 0xff, 0xf9, 0xea, 0x7f, 0x15, 0x15, 0x15, 0x15, 0x26, 0x3c, 0x71, 0x71, 0x7d, 0x96, 0x96, 0x96, 0x96, 0x96, 0x96, 0x98, 0xb9, 0xbf, 0xdf, 0xe3, 0xf2, 0xd8, 0xd9, 0xdb, 0xd9, 0xcb, 0xcb, 0xcb, 0xb7, 0xa7, 0x83, 0x6a, 0x62, 0x84, 0x90, 0x90, 0xa5, 0x90, 0x8f, 0x87, 0x6f, 0x50, 0x2a, 0x16, 0x12, 0x0f, 0x13, 0x1a, 0x1f, 0x1b,
  0xa7, 0xa7, 0xa7, 0xa7, 0xa7, 0x9b, 0x8e, 0x8e, 0x8e, 0x87, 0x87, 0x87, 0x87, 0x87, 0x87, 0x82, 0x82, 0x82, 0x82, 0x82, 0x82, 0x6f, 0x6a, 0x6a, 0x6f, 0x82, 0x87, 0x86, 0x84, 0x82, 0x82, 0x7b, 0x7b, 0x7b, 0x79, 0x65, 0x50, 0x50, 0x4b, 0x4b, 0x48, 0x48, 0x46, 0x46, 0x3b, 0x39, 0x30, 0x30, 0x30, 0x46, 0x47, 0x3b, 0x46, 0x3b, 0x47, 0x48, 0x47, 0x47, 0x48, 0x47, 0x30, 0x39, 0x39, 0x39, 0x3a, 0x34, 0x34, 0x27, 0x1d, 0x16, 0x12, 0x0b, 0x0d, 0x0d, 0x0d, 0x0e, 0x0f, 0x0e, 0x07, 0x06, 0x0e, 0x1b, 0x28, 0x46, 0x4d, 0x6b, 0x87, 0x87, 0x84, 0x8a, 0x8a, 0x83, 0x84, 0x81, 0x6a, 0x63, 0x41, 0x29, 0x34, 0x25, 0x08, 0x01, 0x00, 0x00, 0x00, 0x00, 0x01, 0x01, 0x01, 0x09, 0x1c, 0x24, 0x2a, 0x30, 0x4f, 0x67, 0x7c, 0x87, 0x87, 0x8d, 0x90, 0xa5, 0xa7, 0xa7, 0xa7, 0x9b, 0x9b, 0x85, 0x4f, 0x2e, 0x42, 0x4f, 0x58, 0x50, 0x65, 0x6b, 0x6f, 0x6f, 0x6f, 0x81, 0x82, 0x84, 0x83, 0x84, 0x89, 0x89, 0x8a, 0x8a, 0x89, 0x89, 0x8a, 0x8b, 0x8c, 0x8c, 0x8c, 0x8c, 0xa3, 0xa3, 0xac, 0xc1, 0xc2, 0xc4, 0xc4, 0xc2, 0xc1, 0xc1, 0xc1, 0xc4, 0xc1, 0xc1, 0xc0, 0xab, 0xa9, 0xa9, 0xa9, 0xab, 0xac, 0xab, 0xac, 0xc0, 0xc0, 0xae, 0xae, 0xc0, 0xc0, 0xc0, 0xc4, 0xc5, 0xc6, 0xca, 0xc9, 0xc9, 0x9b, 0x71, 0x26, 0x11, 0x00, 0x00, 0x00, 0x00, 0x00, 0x00, 0x00, 0x01, 0x26, 0x71, 0x95, 0x98, 0x98, 0x9f, 0x9f, 0x9f, 0x96, 0x7f, 0x71, 0x26, 0x11, 0x01, 0x01, 0x05, 0x01, 0x05, 0x09, 0x09, 0x11, 0x11, 0x11, 0x11, 0x11, 0x11, 0x15, 0x15, 0x15, 0x15, 0x26, 0x26, 0x3c, 0x3c, 0x3c, 0x3c, 0x3c, 0x71, 0x71, 0x7e, 0x96, 0x96, 0x91, 0x3c, 0x3c, 0x3c, 0x15, 0x01, 0x01, 0x01, 0x01, 0x11, 0x3c, 0x98, 0xe8, 0xed, 0xee, 0xfa, 0xfb, 0xff, 0xff, 0xff, 0xfa, 0xf9, 0xed, 0x96, 0x26, 0x15, 0x15, 0x15, 0x26, 0x3c, 0x71, 0x71, 0x71, 0x7e, 0x95, 0x96, 0x96, 0x96, 0x96, 0x96, 0x9d, 0xb9, 0xdf, 0xf2, 0xf2, 0xef, 0xdb, 0xdb, 0xd9, 0xd4, 0xd4, 0xcb, 0xc8, 0xa8, 0x8f, 0x83, 0x83, 0x8d, 0xa5, 0xa6, 0xa8, 0xa5, 0x8f, 0x87, 0x6b, 0x4e, 0x29, 0x12, 0x0b, 0x0e, 0x13, 0x1a, 0x1a, 0x1a,
  0xa7, 0xa8, 0xa8, 0xa8, 0xa7, 0x9b, 0x99, 0x8e, 0x8e, 0x8e, 0x8e, 0x87, 0x87, 0x8e, 0x8e, 0x84, 0x82, 0x82, 0x81, 0x82, 0x81, 0x70, 0x6e, 0x6a, 0x6f, 0x86, 0x87, 0x82, 0x82, 0x81, 0x81, 0x70, 0x7b, 0x7b, 0x79, 0x65, 0x50, 0x50, 0x4a, 0x4b, 0x4b, 0x48, 0x46, 0x3b, 0x30, 0x30, 0x30, 0x30, 0x3b, 0x48, 0x47, 0x3b, 0x47, 0x3b, 0x47, 0x54, 0x48, 0x47, 0x48, 0x48, 0x46, 0x3b, 0x3b, 0x3b, 0x3a, 0x3a, 0x34, 0x28, 0x1f, 0x27, 0x1d, 0x13, 0x0f, 0x0e, 0x0e, 0x0e, 0x0f, 0x0e, 0x0d, 0x06, 0x0a, 0x1a, 0x28, 0x42, 0x49, 0x63, 0x82, 0x84, 0x83, 0x89, 0x8a, 0x83, 0x84, 0x81, 0x6f, 0x63, 0x49, 0x2d, 0x24, 0x19, 0x08, 0x01, 0x01, 0x00, 0x00, 0x01, 0x05, 0x09, 0x11, 0x1c, 0x2b, 0x2c, 0x30, 0x4f, 0x64, 0x6c, 0x82, 0x8e, 0x90, 0x90, 0xa5, 0xa8, 0xa7, 0xa7, 0xa7, 0x9b, 0x9c, 0x94, 0x69, 0x30, 0x30, 0x4f, 0x50, 0x50, 0x68, 0x6a, 0x6b, 0x6f, 0x81, 0x82, 0x81, 0x84, 0x84, 0x8a, 0x8a, 0x89, 0x8a, 0x8a, 0x8a, 0x8a, 0x8a, 0x8b, 0xa1, 0xa1, 0x8c, 0xa1, 0xa3, 0xa9, 0xc0, 0xc4, 0xc4, 0xc2, 0xc1, 0xc1, 0xc1, 0xc0, 0xc1, 0xc4, 0xc1, 0xc0, 0xc0, 0xac, 0xa9, 0xa9, 0xa9, 0xa4, 0xa9, 0xac, 0xc0, 0xc0, 0xae, 0xae, 0xc0, 0xc0, 0xc0, 0xc0, 0xc5, 0xc7, 0xc6, 0xca, 0xc9, 0xc9, 0x9b, 0x71, 0x26, 0x11, 0x00, 0x00, 0x00, 0x00, 0x00, 0x00, 0x00, 0x00, 0x01, 0x05, 0x26, 0x3e, 0x3c, 0x3c, 0x3f, 0x5c, 0x3f, 0x3c, 0x11, 0x01, 0x01, 0x01, 0x01, 0x01, 0x01, 0x05, 0x11, 0x11, 0x11, 0x11, 0x11, 0x11, 0x11, 0x15, 0x15, 0x15, 0x15, 0x15, 0x26, 0x3c, 0x3c, 0x3c, 0x3c, 0x3c, 0x3e, 0x3e, 0x74, 0x91, 0x91, 0x96, 0x92, 0x71, 0x71, 0x7f, 0x71, 0x11, 0x01, 0x01, 0x11, 0x26, 0x3c, 0x98, 0xea, 0xee, 0xee, 0xfa, 0xff, 0xff, 0xfb, 0xfa, 0xf9, 0xf8, 0xed, 0x98, 0x26, 0x11, 0x15, 0x1c, 0x26, 0x3c, 0x71, 0x71, 0x71, 0x7e, 0x95, 0x95, 0x96, 0x96, 0x91, 0x96, 0x9f, 0xba, 0xe1, 0xe5, 0xf2, 0xef, 0xdb, 0xdb, 0xdd, 0xdd, 0xda, 0xd4, 0xcb, 0xc8, 0xa8, 0xa5, 0x90, 0xa5, 0xa6, 0xa8, 0xaf, 0xa7, 0x9b, 0x87, 0x6a, 0x4e, 0x29, 0x12, 0x0b, 0x0d, 0x0f, 0x0f, 0x16, 0x1b,
  0xa8, 0xb2, 0xb2, 0xa8, 0xa8, 0xa7, 0x8e, 0x8e, 0x8e, 0x8e, 0x8e, 0x8e, 0x8d, 0x87, 0x8e, 0x87, 0x82, 0x81, 0x81, 0x82, 0x81, 0x6f, 0x82, 0x82, 0x7b, 0x82, 0x82, 0x82, 0x81, 0x82, 0x81, 0x70, 0x6f, 0x6d, 0x6d, 0x65, 0x4d, 0x4d, 0x4b, 0x4f, 0x4f, 0x46, 0x2e, 0x2e, 0x2c, 0x2e, 0x2e, 0x30, 0x47, 0x54, 0x47, 0x2c, 0x3b, 0x3b, 0x3b, 0x46, 0x46, 0x46, 0x48, 0x46, 0x43, 0x42, 0x42, 0x3b, 0x30, 0x3a, 0x3a, 0x34, 0x28, 0x27, 0x27, 0x1d, 0x1a, 0x13, 0x13, 0x13, 0x1a, 0x0f, 0x0e, 0x07, 0x07, 0x13, 0x27, 0x2e, 0x49, 0x62, 0x6f, 0x81, 0x81, 0x84, 0x8a, 0x8b, 0x8d, 0x87, 0x82, 0x6b, 0x4c, 0x2d, 0x20, 0x0c, 0x02, 0x01, 0x01, 0x01, 0x04, 0x05, 0x11, 0x19, 0x25, 0x33, 0x3a, 0x30, 0x42, 0x4a, 0x65, 0x7b, 0x87, 0x8f, 0xa5, 0xa5, 0xa5, 0xa8, 0x9b, 0xa7, 0xa7, 0x9b, 0x99, 0x7a, 0x4e, 0x2e, 0x2e, 0x43, 0x4b, 0x50, 0x65, 0x6b, 0x6f, 0x6f, 0x81, 0x81, 0x84, 0x84, 0x84, 0x89, 0x8a, 0x89, 0x8a, 0x8a, 0x8b, 0x8b, 0x8b, 0x8c, 0xa1, 0xa1, 0xa1, 0xa3, 0xa9, 0xac, 0xc1, 0xc4, 0xc4, 0xc1, 0xc1, 0xc2, 0xc1, 0xc0, 0xc1, 0xc1, 0xc1, 0xc0, 0xc0, 0xc0, 0xab, 0xac, 0xab, 0xa3, 0xa3, 0xa9, 0xab, 0xac, 0xae, 0xc0, 0xc1, 0xc1, 0xc1, 0xc1, 0xc4, 0xc5, 0xc6, 0xd0, 0xcb, 0xcb, 0xb1, 0x71, 0x26, 0x11, 0x01, 0x00, 0x00, 0x00, 0x00, 0x00, 0x00, 0x00, 0x00, 0x00, 0x01, 0x01, 0x01, 0x11, 0x11, 0x11, 0x11, 0x01, 0x01, 0x00, 0x01, 0x01, 0x01, 0x01, 0x01, 0x05, 0x11, 0x11, 0x11, 0x11, 0x11, 0x11, 0x15, 0x15, 0x15, 0x15, 0x15, 0x26, 0x3c, 0x3c, 0x3c, 0x3c, 0x3c, 0x3c, 0x3c, 0x3e, 0x71, 0x91, 0x96, 0x92, 0x91, 0x71, 0x7e, 0xb9, 0x98, 0x71, 0x3c, 0x3c, 0x3c, 0x74, 0x96, 0xb9, 0xea, 0xf8, 0xf8, 0xfa, 0xfb, 0xfb, 0xfa, 0xf8, 0xf9, 0xf3, 0xe7, 0x96, 0x26, 0x11, 0x15, 0x26, 0x26, 0x3c, 0x71, 0x71, 0x71, 0x7d, 0x95, 0x95, 0x96, 0x96, 0x96, 0x96, 0x9f, 0xbc, 0xe0, 0xe3, 0xf2, 0xf2, 0xf0, 0xdd, 0xdb, 0xde, 0xde, 0xda, 0xd4, 0xcb, 0xc3, 0xaf, 0xaf, 0xb0, 0xaf, 0xaf, 0xaf, 0xa8, 0xa7, 0x8e, 0x6f, 0x66, 0x2a, 0x12, 0x0b, 0x0a, 0x0d, 0x0a, 0x1a, 0x1b,
  0xb2, 0xb2, 0xb5, 0xb2, 0xa8, 0xa7, 0x8e, 0x8d, 0x8e, 0x8e, 0x8e, 0x9b, 0x8e, 0x87, 0x8e, 0x87, 0x84, 0x84, 0x82, 0x81, 0x82, 0x82, 0x82, 0x87, 0x86, 0x82, 0x87, 0x82, 0x81, 0x82, 0x82, 0x70, 0x70, 0x6b, 0x6b, 0x63, 0x63, 0x64, 0x50, 0x50, 0x43, 0x41, 0x2d, 0x29, 0x29, 0x2c, 0x2c, 0x2a, 0x30, 0x47, 0x48, 0x3b, 0x3b, 0x3b, 0x3b, 0x3b, 0x3b, 0x42, 0x45, 0x45, 0x46, 0x48, 0x46, 0x42, 0x3b, 0x3a, 0x34, 0x3a, 0x2c, 0x27, 0x1f, 0x1f, 0x1b, 0x1b, 0x1a, 0x1a, 0x1a, 0x13, 0x0f, 0x0e, 0x07, 0x0d, 0x17, 0x2b, 0x43, 0x50, 0x6b, 0x6f, 0x81, 0x81, 0x89, 0x90, 0x8d, 0x8d, 0x84, 0x6f, 0x4c, 0x2d, 0x14, 0x09, 0x04, 0x04, 0x04, 0x04, 0x08, 0x11, 0x1e, 0x33, 0x38, 0x47, 0x48, 0x47, 0x43, 0x4d, 0x6d, 0x82, 0x87, 0x8d, 0xa5, 0xa8, 0xa6, 0xa8, 0xa8, 0xa8, 0xa7, 0x8e, 0x6b, 0x40, 0x29, 0x29, 0x2e, 0x43, 0x4a, 0x65, 0x6b, 0x70, 0x82, 0x81, 0x6e, 0x81, 0x84, 0x84, 0x83, 0x89, 0x8a, 0x89, 0x89, 0x8a, 0x8b, 0x8b, 0x8c, 0xa2, 0xa2, 0xa2, 0xa3, 0xa3, 0xa9, 0xc0, 0xc1, 0xc2, 0xc1, 0xc1, 0xc4, 0xc4, 0xc2, 0xc0, 0xc1, 0xc0, 0xc1, 0xc1, 0xc0, 0xac, 0xab, 0xab, 0xab, 0xa9, 0xa3, 0xa3, 0xa3, 0xac, 0xae, 0xae, 0xc0, 0xc1, 0xc1, 0xc1, 0xc1, 0xc1, 0xc4, 0xd0, 0xd2, 0xd4, 0xb1, 0x71, 0x26, 0x11, 0x01, 0x01, 0x00, 0x00, 0x00, 0x00, 0x00, 0x00, 0x00, 0x00, 0x00, 0x00, 0x00, 0x00, 0x00, 0x00, 0x00, 0x00, 0x01, 0x01, 0x05, 0x00, 0x01, 0x01, 0x01, 0x05, 0x05, 0x05, 0x11, 0x11, 0x11, 0x11, 0x15, 0x15, 0x15, 0x15, 0x15, 0x15, 0x26, 0x3c, 0x3c, 0x26, 0x26, 0x26, 0x3c, 0x71, 0x74, 0x91, 0x96, 0x95, 0x74, 0x3c, 0x7d, 0xb9, 0xbf, 0xa0, 0x98, 0x96, 0x9f, 0xbc, 0xe7, 0xea, 0xed, 0xf8, 0xf8, 0xfa, 0xfb, 0xfa, 0xfa, 0xf8, 0xee, 0xed, 0xe0, 0x91, 0x26, 0x15, 0x15, 0x26, 0x26, 0x3c, 0x71, 0x71, 0x71, 0x71, 0x74, 0x7e, 0x96, 0x95, 0x96, 0x96, 0x98, 0xa0, 0xba, 0xe3, 0xf2, 0xf2, 0xf1, 0xf1, 0xdb, 0xdd, 0xde, 0xdc, 0xd5, 0xd4, 0xcb, 0xcb, 0xcb, 0xc8, 0xc8, 0xc8, 0xb7, 0xb7, 0xa8, 0x9b, 0x82, 0x69, 0x2a, 0x12, 0x12, 0x0e, 0x0d, 0x0d, 0x16, 0x16,
  0xa8, 0xb5, 0xb7, 0xb2, 0xa8, 0xa8, 0xa8, 0xa7, 0x99, 0x8e, 0x8e, 0x99, 0x8e, 0x8e, 0x8d, 0x87, 0x87, 0x84, 0x84, 0x87, 0x84, 0x82, 0x82, 0x82, 0x85, 0x86, 0x84, 0x82, 0x82, 0x70, 0x6f, 0x70, 0x7b, 0x6b, 0x65, 0x65, 0x65, 0x69, 0x67, 0x50, 0x43, 0x2e, 0x29, 0x21, 0x29, 0x2c, 0x30, 0x30, 0x30, 0x42, 0x46, 0x46, 0x48, 0x47, 0x47, 0x46, 0x46, 0x48, 0x48, 0x42, 0x42, 0x4f, 0x48, 0x46, 0x46, 0x3b, 0x34, 0x34, 0x34, 0x28, 0x27, 0x1f, 0x27, 0x1f, 0x1b, 0x1a, 0x1a, 0x1a, 0x1a, 0x1a, 0x0d, 0x06, 0x0b, 0x24, 0x44, 0x4e, 0x65, 0x70, 0x81, 0x81, 0x83, 0x8a, 0x8d, 0x84, 0x82, 0x6f, 0x63, 0x2d, 0x14, 0x09, 0x08, 0x08, 0x09, 0x10, 0x15, 0x26, 0x38, 0x53, 0x45, 0x57, 0x58, 0x4f, 0x4d, 0x65, 0x7b, 0x82, 0x87, 0x8f, 0x90, 0xa5, 0x90, 0xa5, 0xa5, 0xa8, 0xa7, 0x86, 0x49, 0x14, 0x14, 0x29, 0x42, 0x48, 0x64, 0x69, 0x6d, 0x70, 0x81, 0x81, 0x81, 0x83, 0x83, 0x83, 0x83, 0x83, 0x83, 0x83, 0x89, 0x89, 0x8a, 0x8a, 0xa1, 0xa2, 0xa2, 0xa2, 0xa4, 0xa4, 0xaa, 0xc0, 0xc0, 0xc1, 0xc0, 0xae, 0xc1, 0xc4, 0xc1, 0xae, 0xc1, 0xc0, 0xc0, 0xc0, 0xac, 0xab, 0xa9, 0xa9, 0xa9, 0xa9, 0xa9, 0xa9, 0xa4, 0xac, 0xc1, 0xc1, 0xc0, 0xc0, 0xc1, 0xc2, 0xc4, 0xc4, 0xc4, 0xc7, 0xd2, 0xd4, 0xb1, 0x74, 0x26, 0x15, 0x01, 0x01, 0x01, 0x00, 0x00, 0x00, 0x00, 0x00, 0x00, 0x00, 0x00, 0x00, 0x00, 0x00, 0x00, 0x00, 0x00, 0x00, 0x01, 0x01, 0x01, 0x01, 0x05, 0x05, 0x04, 0x05, 0x11, 0x11, 0x11, 0x11, 0x11, 0x11, 0x15, 0x15, 0x15, 0x15, 0x15, 0x15, 0x26, 0x3c, 0x26, 0x3c, 0x3c, 0x26, 0x3c, 0x71, 0x74, 0x95, 0x96, 0x95, 0x71, 0x26, 0x71, 0xb9, 0xea, 0xee, 0xed, 0xbf, 0xe7, 0xee, 0xf8, 0xf9, 0xf9, 0xf9, 0xfa, 0xfa, 0xfb, 0xfb, 0xfa, 0xed, 0xe7, 0xe7, 0xbc, 0x77, 0x26, 0x15, 0x15, 0x15, 0x15, 0x3c, 0x71, 0x71, 0x71, 0x74, 0x74, 0x71, 0x91, 0x96, 0x96, 0x96, 0xa0, 0xa0, 0xa0, 0xdf, 0xf2, 0xe6, 0xe6, 0xdb, 0xdd, 0xdd, 0xda, 0xd2, 0xd2, 0xd4, 0xd4, 0xcf, 0xd4, 0xcb, 0xd2, 0xcb, 0xcb, 0xc9, 0xa8, 0x9b, 0x87, 0x6c, 0x2a, 0x16, 0x12, 0x0e, 0x0d, 0x0d, 0x16, 0x16,
  0xa7, 0xb5, 0xb5, 0xa8, 0xa7, 0xa8, 0xb5, 0xa8, 0xa7, 0x8e, 0x8e, 0x99, 0x9b, 0x8d, 0x88, 0x87, 0x82, 0x82, 0x87, 0x8e, 0x87, 0x82, 0x82, 0x86, 0x87, 0x86, 0x82, 0x82, 0x82, 0x6f, 0x6a, 0x6a, 0x6f, 0x6a, 0x65, 0x68, 0x65, 0x64, 0x64, 0x50, 0x4b, 0x41, 0x2d, 0x29, 0x2c, 0x2a, 0x2a, 0x30, 0x42, 0x42, 0x42, 0x46, 0x48, 0x48, 0x46, 0x46, 0x48, 0x57, 0x57, 0x48, 0x46, 0x46, 0x48, 0x47, 0x30, 0x39, 0x3a, 0x34, 0x27, 0x27, 0x27, 0x27, 0x27, 0x1f, 0x1f, 0x1a, 0x13, 0x0f, 0x13, 0x0f, 0x0e, 0x0d, 0x12, 0x1c, 0x22, 0x43, 0x68, 0x6f, 0x6f, 0x6e, 0x83, 0x89, 0x8d, 0x83, 0x81, 0x6f, 0x6b, 0x40, 0x20, 0x10, 0x09, 0x10, 0x1c, 0x26, 0x33, 0x38, 0x53, 0x59, 0x66, 0x69, 0x69, 0x64, 0x65, 0x6b, 0x7b, 0x7b, 0x84, 0x8f, 0x8f, 0x90, 0x90, 0xa2, 0xa5, 0xa5, 0x8f, 0x6f, 0x2d, 0x14, 0x20, 0x39, 0x48, 0x4b, 0x67, 0x6c, 0x6b, 0x6f, 0x81, 0x82, 0x83, 0x84, 0x83, 0x83, 0x83, 0x83, 0x83, 0x83, 0x89, 0x89, 0x8a, 0x8a, 0x8c, 0xa1, 0xa1, 0xa1, 0xa4, 0xab, 0xac, 0xc1, 0xc1, 0xc1, 0xc0, 0xc0, 0xc1, 0xc4, 0xc1, 0xc1, 0xc1, 0xc0, 0xc0, 0xc0, 0xae, 0xab, 0xa9, 0xa4, 0xa9, 0xa9, 0xa9, 0xaa, 0xac, 0xc1, 0xc1, 0xc1, 0xc0, 0xc0, 0xc1, 0xc4, 0xc5, 0xc7, 0xc7, 0xc7, 0xc9, 0xcb, 0xa8, 0x74, 0x26, 0x15, 0x11, 0x01, 0x01, 0x00, 0x00, 0x00, 0x00, 0x00, 0x00, 0x00, 0x00, 0x00, 0x00, 0x00, 0x01, 0x01, 0x01, 0x00, 0x01, 0x01, 0x01, 0x01, 0x04, 0x05, 0x05, 0x04, 0x09, 0x11, 0x11, 0x11, 0x11, 0x11, 0x11, 0x11, 0x15, 0x26, 0x26, 0x15, 0x15, 0x26, 0x3c, 0x3c, 0x3c, 0x3c, 0x71, 0x71, 0x7e, 0x91, 0x96, 0x96, 0x74, 0x26, 0x3c, 0x98, 0xe7, 0xee, 0xee, 0xed, 0xf8, 0xfe, 0xfb, 0xf9, 0xf8, 0xf8, 0xee, 0xf8, 0xf8, 0xed, 0xea, 0xe7, 0xe0, 0xbf, 0x9f, 0x71, 0x15, 0x15, 0x15, 0x15, 0x15, 0x26, 0x3c, 0x71, 0x71, 0x77, 0x7d, 0x7d, 0x96, 0x96, 0x96, 0x96, 0x98, 0xa0, 0xba, 0xe1, 0xe5, 0xe6, 0xe6, 0xdb, 0xdd, 0xdd, 0xd5, 0xd4, 0xd5, 0xd4, 0xcb, 0xcf, 0xd4, 0xd4, 0xd4, 0xcb, 0xcb, 0xc9, 0xaf, 0xa7, 0x8e, 0x79, 0x42, 0x17, 0x12, 0x0e, 0x0d, 0x0f, 0x1b, 0x1f,
  0xa7, 0xa7, 0xb2, 0xa7, 0xa7, 0xa7, 0xa7, 0xa7, 0xa7, 0x9b, 0x8e, 0x8e, 0x8e, 0x87, 0x88, 0x8e, 0x84, 0x86, 0x87, 0x8d, 0x87, 0x86, 0x86, 0x8e, 0x88, 0x82, 0x82, 0x82, 0x70, 0x6f, 0x6e, 0x6a, 0x6b, 0x6a, 0x6a, 0x6b, 0x65, 0x63, 0x63, 0x64, 0x50, 0x4b, 0x43, 0x2e, 0x2e, 0x30, 0x42, 0x42, 0x42, 0x43, 0x41, 0x43, 0x48, 0x48, 0x42, 0x42, 0x48, 0x48, 0x4b, 0x4f, 0x4f, 0x48, 0x46, 0x30, 0x30, 0x3a, 0x3b, 0x2c, 0x28, 0x27, 0x27, 0x27, 0x27, 0x1f, 0x1f, 0x1a, 0x12, 0x0f, 0x13, 0x0e, 0x0d, 0x0d, 0x0a, 0x0b, 0x20, 0x2f, 0x66, 0x6b, 0x6e, 0x6e, 0x83, 0x89, 0x89, 0x84, 0x81, 0x84, 0x70, 0x62, 0x40, 0x20, 0x14, 0x22, 0x24, 0x2f, 0x44, 0x44, 0x4e, 0x66, 0x68, 0x69, 0x65, 0x68, 0x6d, 0x6d, 0x7b, 0x81, 0x84, 0x84, 0x8a, 0x8b, 0xa1, 0xa2, 0xa2, 0x8f, 0x8d, 0x6a, 0x29, 0x20, 0x2a, 0x54, 0x58, 0x64, 0x65, 0x6b, 0x6b, 0x6f, 0x81, 0x84, 0x84, 0x8a, 0x89, 0x89, 0x89, 0x89, 0x8a, 0x89, 0x89, 0x8a, 0x8b, 0x8a, 0x8b, 0x8c, 0xa2, 0xa4, 0xa9, 0xab, 0xae, 0xc0, 0xc0, 0xc1, 0xc1, 0xc1, 0xc4, 0xc2, 0xc1, 0xc1, 0xc1, 0xc0, 0xae, 0xc0, 0xc0, 0xab, 0xa9, 0xa9, 0xab, 0xab, 0xab, 0xaa, 0xae, 0xc0, 0xae, 0xc0, 0xc1, 0xc0, 0xc1, 0xc4, 0xc4, 0xc5, 0xc7, 0xd0, 0xd1, 0xcb, 0xb7, 0x92, 0x52, 0x26, 0x15, 0x11, 0x01, 0x00, 0x00, 0x00, 0x00, 0x00, 0x00, 0x00, 0x00, 0x00, 0x01, 0x01, 0x01, 0x01, 0x05, 0x01, 0x01, 0x05, 0x01, 0x01, 0x01, 0x05, 0x08, 0x05, 0x09, 0x11, 0x11, 0x11, 0x11, 0x11, 0x11, 0x11, 0x15, 0x26, 0x26, 0x15, 0x26, 0x26, 0x3c, 0x3c, 0x3c, 0x3c, 0x71, 0x74, 0x7e, 0x92, 0x97, 0x98, 0x7d, 0x26, 0x26, 0x74, 0xbc, 0xe8, 0xea, 0xf8, 0xf8, 0xf8, 0xf8, 0xf8, 0xee, 0xf8, 0xee, 0xe7, 0xb9, 0x98, 0x9f, 0xbc, 0xbf, 0xb9, 0x7f, 0x3c, 0x15, 0x15, 0x15, 0x15, 0x26, 0x3c, 0x3c, 0x71, 0x71, 0x71, 0x71, 0x74, 0x91, 0x95, 0x96, 0x96, 0x96, 0x9f, 0xdf, 0xdf, 0xdf, 0xe6, 0xf2, 0xe6, 0xd8, 0xdb, 0xd4, 0xd5, 0xdc, 0xd5, 0xd4, 0xd4, 0xda, 0xda, 0xd6, 0xd2, 0xd2, 0xcb, 0xc8, 0xb7, 0x99, 0x86, 0x50, 0x17, 0x0b, 0x0f, 0x0e, 0x13, 0x1f, 0x27,
  0xa8, 0x9b, 0xa8, 0xa7, 0xa7, 0xa8, 0xa7, 0xa7, 0x9b, 0xa7, 0x99, 0x8e, 0x8d, 0x87, 0x87, 0x8e, 0x88, 0x8e, 0x8e, 0x8e, 0x8e, 0x88, 0x87, 0x87, 0x87, 0x82, 0x82, 0x82, 0x70, 0x7b, 0x7b, 0x7b, 0x7b, 0x6b, 0x6b, 0x6b, 0x6b, 0x68, 0x6c, 0x67, 0x51, 0x4b, 0x43, 0x42, 0x45, 0x48, 0x46, 0x42, 0x43, 0x4b, 0x48, 0x43, 0x4b, 0x4f, 0x41, 0x41, 0x4b, 0x48, 0x43, 0x4b, 0x48, 0x4f, 0x46, 0x2e, 0x39, 0x3a, 0x2c, 0x28, 0x34, 0x34, 0x28, 0x1f, 0x27, 0x1f, 0x1f, 0x1b, 0x13, 0x1a, 0x1a, 0x0f, 0x0e, 0x07, 0x03, 0x06, 0x14, 0x33, 0x56, 0x6c, 0x6f, 0x81, 0x84, 0x83, 0x84, 0x84, 0x84, 0x8e, 0x82, 0x6f, 0x62, 0x40, 0x41, 0x45, 0x41, 0x41, 0x48, 0x4e, 0x57, 0x66, 0x65, 0x65, 0x6a, 0x6b, 0x70, 0x70, 0x7b, 0x82, 0x84, 0x83, 0x83, 0x89, 0x8a, 0xa1, 0x8c, 0x90, 0x8f, 0x82, 0x2d, 0x20, 0x2c, 0x54, 0x69, 0x6c, 0x6b, 0x6d, 0x7b, 0x81, 0x81, 0x83, 0x89, 0x8a, 0x89, 0x8a, 0x8a, 0x8a, 0x8b, 0x8a, 0x89, 0x8a, 0x8b, 0x8b, 0xa1, 0xa4, 0xa4, 0xa9, 0xa9, 0xa9, 0xa9, 0xac, 0xc0, 0xc0, 0xc1, 0xc4, 0xc4, 0xae, 0xae, 0xc1, 0xc1, 0xc0, 0xab, 0xaa, 0xab, 0xab, 0xa9, 0xab, 0xab, 0xab, 0xac, 0xac, 0xac, 0xac, 0xac, 0xc0, 0xae, 0xae, 0xc1, 0xc4, 0xc4, 0xc4, 0xc7, 0xd0, 0xd1, 0xcb, 0xc8, 0x99, 0x71, 0x3c, 0x15, 0x15, 0x11, 0x01, 0x00, 0x00, 0x00, 0x00, 0x00, 0x00, 0x00, 0x01, 0x01, 0x01, 0x01, 0x05, 0x01, 0x05, 0x05, 0x04, 0x01, 0x01, 0x04, 0x04, 0x08, 0x09, 0x09, 0x11, 0x11, 0x11, 0x11, 0x11, 0x11, 0x15, 0x15, 0x26, 0x26, 0x26, 0x26, 0x3c, 0x26, 0x3c, 0x3c, 0x71, 0x71, 0x7d, 0x91, 0x97, 0xa0, 0x9f, 0x74, 0x26, 0x15, 0x3c, 0x96, 0xe0, 0xea, 0xee, 0xf8, 0xed, 0xee, 0xee, 0xf8, 0xfa, 0xee, 0xbc, 0x7d, 0x3c, 0x71, 0x9f, 0xbc, 0x9f, 0x71, 0x15, 0x11, 0x15, 0x15, 0x26, 0x3c, 0x3c, 0x3c, 0x71, 0x3c, 0x71, 0x71, 0x71, 0x91, 0x95, 0x96, 0x96, 0x96, 0x9f, 0xbc, 0xbe, 0xe1, 0xe5, 0xe6, 0xd8, 0xd9, 0xd9, 0xd4, 0xd4, 0xdc, 0xda, 0xd5, 0xda, 0xda, 0xda, 0xd5, 0xd2, 0xd2, 0xd5, 0xc9, 0xb7, 0xa7, 0x88, 0x66, 0x21, 0x0b, 0x0f, 0x0e, 0x13, 0x1b, 0x1b,
  0xa8, 0xa7, 0xa8, 0xa8, 0xa8, 0xa8, 0xa7, 0xa7, 0xa7, 0x8f, 0x8f, 0x8d, 0x87, 0x87, 0x88, 0x8e, 0x8e, 0x8e, 0x99, 0x99, 0x8e, 0x8e, 0x8e, 0x87, 0x87, 0x82, 0x87, 0x84, 0x82, 0x82, 0x7b, 0x7b, 0x7b, 0x6b, 0x6b, 0x6b, 0x6b, 0x6d, 0x6d, 0x69, 0x64, 0x4b, 0x4a, 0x4b, 0x4f, 0x4f, 0x43, 0x4b, 0x58, 0x58, 0x58, 0x4a, 0x51, 0x4f, 0x4a, 0x4a, 0x4f, 0x4f, 0x4b, 0x4f, 0x43, 0x42, 0x41, 0x2e, 0x30, 0x2c, 0x2c, 0x2c, 0x34, 0x34, 0x2c, 0x21, 0x1d, 0x1f, 0x1f, 0x1b, 0x16, 0x1a, 0x1a, 0x13, 0x0e, 0x0d, 0x06, 0x06, 0x10, 0x23, 0x44, 0x68, 0x7b, 0x82, 0x84, 0x84, 0x83, 0x84, 0x84, 0x87, 0x87, 0x82, 0x6f, 0x6b, 0x6b, 0x69, 0x65, 0x50, 0x4b, 0x50, 0x50, 0x63, 0x65, 0x63, 0x62, 0x6b, 0x70, 0x70, 0x6f, 0x81, 0x81, 0x81, 0x83, 0x83, 0x89, 0x8b, 0x8b, 0x90, 0xa7, 0x87, 0x49, 0x20, 0x2a, 0x48, 0x69, 0x79, 0x70, 0x6f, 0x82, 0x81, 0x84, 0x84, 0x89, 0x8b, 0x8b, 0x89, 0x89, 0x8a, 0x8a, 0x8a, 0x8b, 0x8b, 0x8c, 0xa1, 0xa2, 0xa4, 0xa4, 0xa3, 0xa3, 0xa3, 0xa3, 0xaa, 0xc1, 0xc1, 0xc4, 0xc1, 0xc0, 0xc0, 0xae, 0xae, 0xc1, 0xc0, 0xac, 0xab, 0xaa, 0xab, 0xac, 0xab, 0xaa, 0xac, 0xac, 0xab, 0xab, 0xac, 0xac, 0xa9, 0xa9, 0xc0, 0xc1, 0xc4, 0xc5, 0xc1, 0xc1, 0xc4, 0xca, 0xd4, 0xc9, 0x9b, 0x85, 0x71, 0x38, 0x26, 0x15, 0x11, 0x01, 0x00, 0x00, 0x00, 0x00, 0x00, 0x00, 0x01, 0x05, 0x01, 0x01, 0x01, 0x01, 0x01, 0x05, 0x05, 0x01, 0x01, 0x05, 0x05, 0x08, 0x09, 0x11, 0x11, 0x11, 0x11, 0x15, 0x11, 0x15, 0x15, 0x15, 0x26, 0x3c, 0x26, 0x3c, 0x26, 0x26, 0x3c, 0x52, 0x71, 0x74, 0x91, 0x96, 0xa0, 0xbc, 0x9d, 0x71, 0x26, 0x11, 0x15, 0x71, 0xa0, 0xe7, 0xed, 0xed, 0xed, 0xee, 0xf8, 0xf8, 0xf8, 0xed, 0xb9, 0x74, 0x3c, 0x71, 0x98, 0xb9, 0x95, 0x3c, 0x15, 0x15, 0x15, 0x26, 0x15, 0x26, 0x3c, 0x3c, 0x71, 0x71, 0x71, 0x74, 0x74, 0x91, 0x91, 0x96, 0x96, 0x96, 0x97, 0xb9, 0xbe, 0xdf, 0xe3, 0xe3, 0xe3, 0xdb, 0xdb, 0xdb, 0xd5, 0xd4, 0xd2, 0xd4, 0xda, 0xdc, 0xdc, 0xd5, 0xcb, 0xd1, 0xd6, 0xd4, 0xb7, 0xa7, 0x88, 0x66, 0x29, 0x12, 0x0f, 0x0e, 0x0f, 0x1a, 0x16,
  0xb2, 0xa7, 0xb2, 0xa7, 0xa7, 0xa8, 0xa7, 0xa7, 0x9b, 0x8f, 0x8d, 0x8d, 0x8e, 0x8e, 0x8e, 0x8e, 0x99, 0x99, 0x99, 0x99, 0x8e, 0x8e, 0x8e, 0x87, 0x8e, 0x8d, 0x87, 0x87, 0x82, 0x82, 0x82, 0x70, 0x7b, 0x82, 0x7b, 0x70, 0x7b, 0x79, 0x6d, 0x6c, 0x64, 0x4f, 0x58, 0x4f, 0x4b, 0x58, 0x4f, 0x50, 0x67, 0x69, 0x64, 0x64, 0x58, 0x51, 0x4f, 0x4f, 0x67, 0x4f, 0x4a, 0x4a, 0x40, 0x30, 0x2e, 0x2e, 0x3b, 0x47, 0x3a, 0x34, 0x3a, 0x34, 0x2c, 0x28, 0x1d, 0x1d, 0x1d, 0x1d, 0x1a, 0x16, 0x1a, 0x1a, 0x0f, 0x0d, 0x06, 0x08, 0x10, 0x1c, 0x38, 0x66, 0x7c, 0x82, 0x81, 0x83, 0x83, 0x84, 0x84, 0x84, 0x8d, 0x87, 0x87, 0x87, 0x82, 0x82, 0x7b, 0x62, 0x4c, 0x49, 0x49, 0x4c, 0x63, 0x62, 0x62, 0x6e, 0x70, 0x6b, 0x6f, 0x6f, 0x81, 0x81, 0x89, 0x8a, 0x89, 0x89, 0x8a, 0x90, 0x9b, 0x87, 0x62, 0x2d, 0x2d, 0x4b, 0x6c, 0x70, 0x6f, 0x6f, 0x81, 0x83, 0x89, 0x8a, 0x89, 0x8b, 0x90, 0x8a, 0x89, 0x8b, 0x8b, 0x8a, 0x8c, 0x8c, 0xa1, 0xa2, 0xa2, 0xa3, 0xa3, 0xa3, 0xa3, 0xa3, 0xa3, 0xa9, 0xac, 0xc0, 0xc1, 0xc0, 0xc0, 0xc4, 0xc1, 0xac, 0xab, 0xc0, 0xc0, 0xc1, 0xae, 0xac, 0xac, 0xaa, 0xaa, 0xac, 0xac, 0xa9, 0xab, 0xac, 0xac, 0xa9, 0xab, 0xc1, 0xc1, 0xc5, 0xc5, 0xc1, 0xae, 0xc4, 0xca, 0xc9, 0xc8, 0xa7, 0x8e, 0x7b, 0x6a, 0x53, 0x38, 0x26, 0x11, 0x01, 0x01, 0x00, 0x00, 0x01, 0x01, 0x01, 0x05, 0x01, 0x01, 0x01, 0x01, 0x01, 0x01, 0x01, 0x05, 0x11, 0x11, 0x11, 0x11, 0x09, 0x11, 0x11, 0x11, 0x15, 0x15, 0x11, 0x15, 0x26, 0x26, 0x26, 0x26, 0x26, 0x3c, 0x26, 0x3c, 0x3c, 0x71, 0x74, 0x91, 0x96, 0x9d, 0xbc, 0xbf, 0x9e, 0x74, 0x26, 0x01, 0x05, 0x15, 0x71, 0xb9, 0xe7, 0xe7, 0xea, 0xe7, 0xea, 0xed, 0xea, 0xe7, 0xbc, 0x98, 0x7d, 0x95, 0x98, 0x95, 0x71, 0x26, 0x11, 0x15, 0x15, 0x15, 0x15, 0x26, 0x26, 0x3c, 0x71, 0x71, 0x71, 0x74, 0x74, 0x7d, 0x96, 0x96, 0x96, 0x96, 0x96, 0xa0, 0xbf, 0xdf, 0xe1, 0xe3, 0xe1, 0xcf, 0xef, 0xf1, 0xd4, 0xcb, 0xcb, 0xcb, 0xd4, 0xdc, 0xd6, 0xd6, 0xd5, 0xd6, 0xd6, 0xcb, 0xb7, 0xa7, 0x88, 0x68, 0x2d, 0x16, 0x13, 0x0e, 0x0f, 0x1a, 0x1a,
  0xb2, 0xa8, 0xa8, 0xa7, 0xa7, 0xa7, 0xa7, 0x9b, 0x8f, 0x8d, 0x8d, 0x8e, 0x8e, 0x8e, 0x99, 0x99, 0x99, 0x8e, 0x8e, 0x8e, 0x8e, 0x88, 0x8e, 0x8e, 0x8e, 0x8d, 0x87, 0x82, 0x70, 0x82, 0x82, 0x7b, 0x7b, 0x82, 0x86, 0x86, 0x70, 0x70, 0x79, 0x6d, 0x67, 0x58, 0x58, 0x58, 0x4b, 0x64, 0x64, 0x51, 0x58, 0x64, 0x51, 0x64, 0x51, 0x4d, 0x51, 0x51, 0x4d, 0x43, 0x4d, 0x4a, 0x4a, 0x43, 0x41, 0x42, 0x47, 0x54, 0x34, 0x2c, 0x34, 0x2c, 0x28, 0x27, 0x1d, 0x17, 0x1d, 0x1d, 0x1b, 0x12, 0x12, 0x16, 0x0f, 0x0a, 0x06, 0x03, 0x09, 0x14, 0x2b, 0x56, 0x73, 0x7b, 0x84, 0x84, 0x83, 0x84, 0x84, 0x84, 0x8d, 0x8d, 0x8d, 0x8d, 0x8d, 0x87, 0x81, 0x62, 0x62, 0x49, 0x40, 0x49, 0x62, 0x63, 0x6a, 0x6a, 0x63, 0x63, 0x6a, 0x6f, 0x81, 0x81, 0x84, 0x84, 0x8d, 0x8b, 0x8b, 0xa5, 0xa8, 0x8e, 0x7b, 0x49, 0x2d, 0x49, 0x6b, 0x70, 0x7b, 0x82, 0x81, 0x83, 0x8d, 0x8d, 0x8b, 0x8a, 0x8a, 0x8b, 0x8b, 0x8c, 0x8c, 0x8b, 0x8c, 0xa2, 0xa1, 0x8c, 0xa1, 0xa3, 0xa1, 0xa1, 0xa3, 0xa3, 0xa3, 0xa3, 0xa9, 0xab, 0xab, 0xc0, 0xc1, 0xc4, 0xc1, 0xc0, 0xc0, 0xc0, 0xc1, 0xc0, 0xae, 0xac, 0xac, 0xac, 0xad, 0xae, 0xae, 0xab, 0xab, 0xac, 0xc0, 0xc0, 0xc1, 0xc0, 0xc0, 0xc4, 0xc5, 0xc2, 0xc2, 0xc5, 0xc3, 0xaf, 0xa7, 0x9b, 0x8e, 0x87, 0x87, 0x82, 0x6e, 0x53, 0x38, 0x15, 0x11, 0x01, 0x01, 0x01, 0x01, 0x01, 0x01, 0x01, 0x01, 0x01, 0x01, 0x01, 0x01, 0x05, 0x05, 0x11, 0x11, 0x11, 0x11, 0x11, 0x09, 0x11, 0x15, 0x15, 0x15, 0x11, 0x15, 0x26, 0x26, 0x26, 0x3c, 0x26, 0x3c, 0x3c, 0x3c, 0x71, 0x71, 0x7e, 0x96, 0x96, 0xb9, 0xbf, 0xbe, 0x9e, 0x7e, 0x26, 0x01, 0x01, 0x11, 0x26, 0x77, 0x9f, 0xe0, 0xe7, 0xbc, 0xbf, 0xe0, 0xbf, 0xbf, 0xbc, 0xb9, 0xb9, 0x98, 0x7f, 0x71, 0x26, 0x15, 0x11, 0x15, 0x15, 0x15, 0x15, 0x15, 0x15, 0x3c, 0x71, 0x71, 0x71, 0x71, 0x74, 0x91, 0x96, 0x96, 0x96, 0x96, 0x9f, 0xbc, 0xbf, 0xcd, 0xdf, 0xe1, 0xe3, 0xcf, 0xdb, 0xdd, 0xda, 0xcb, 0xc9, 0xc9, 0xcb, 0xd5, 0xd6, 0xd7, 0xd6, 0xd7, 0xd1, 0xc8, 0xaf, 0xa7, 0x8e, 0x6b, 0x2d, 0x14, 0x0b, 0x0e, 0x0e, 0x13, 0x13,
  0xb2, 0xb1, 0xa7, 0xa8, 0xa7, 0x9b, 0xa7, 0x8f, 0x8d, 0x8d, 0x8d, 0x8d, 0x8e, 0x99, 0x8e, 0x8e, 0x99, 0x99, 0x99, 0x8e, 0x88, 0x87, 0x8e, 0x8e, 0x8e, 0x8d, 0x87, 0x87, 0x82, 0x6f, 0x70, 0x82, 0x7b, 0x7b, 0x82, 0x82, 0x70, 0x70, 0x7b, 0x79, 0x6c, 0x67, 0x58, 0x50, 0x49, 0x4d, 0x50, 0x4d, 0x4d, 0x4d, 0x50, 0x4d, 0x51, 0x4d, 0x51, 0x64, 0x4d, 0x4d, 0x4d, 0x4a, 0x51, 0x4f, 0x42, 0x42, 0x46, 0x3b, 0x39, 0x34, 0x34, 0x2c, 0x24, 0x21, 0x1d, 0x17, 0x1b, 0x1f, 0x1b, 0x12, 0x12, 0x16, 0x13, 0x0a, 0x06, 0x03, 0x08, 0x10, 0x20, 0x44, 0x66, 0x70, 0x84, 0x84, 0x84, 0x82, 0x82, 0x84, 0x8d, 0x8d, 0x8d, 0x8d, 0x8d, 0x84, 0x81, 0x6e, 0x68, 0x4c, 0x49, 0x4c, 0x62, 0x62, 0x62, 0x62, 0x62, 0x63, 0x6b, 0x70, 0x82, 0x84, 0x8d, 0x8d, 0x8f, 0x90, 0x90, 0xa8, 0xc8, 0xb7, 0x88, 0x4c, 0x2d, 0x49, 0x6b, 0x70, 0x7b, 0x87, 0x84, 0x84, 0x8f, 0x90, 0xa2, 0x8c, 0x8a, 0x8c, 0x8c, 0x8c, 0x8c, 0x8c, 0xa1, 0xa5, 0xa5, 0xa2, 0xa3, 0xa3, 0xa3, 0xa1, 0xa3, 0xa3, 0xa9, 0xa9, 0xa9, 0xac, 0xab, 0xac, 0xc0, 0xc1, 0xc1, 0xc0, 0xc1, 0xc1, 0xc0, 0xae, 0xae, 0xae, 0xc1, 0xad, 0xae, 0xc1, 0xae, 0xc0, 0xac, 0xac, 0xc0, 0xc0, 0xac, 0xab, 0xc1, 0xae, 0xae, 0xa6, 0xa2, 0xa1, 0x8b, 0x8d, 0x8d, 0x8d, 0x84, 0x84, 0x8d, 0x8f, 0x87, 0x85, 0x71, 0x3c, 0x3c, 0x15, 0x15, 0x11, 0x05, 0x11, 0x11, 0x01, 0x05, 0x05, 0x01, 0x04, 0x05, 0x05, 0x05, 0x11, 0x11, 0x11, 0x11, 0x11, 0x11, 0x15, 0x11, 0x15, 0x15, 0x15, 0x15, 0x1c, 0x26, 0x26, 0x3c, 0x26, 0x3c, 0x3c, 0x71, 0x74, 0x7d, 0x91, 0x96, 0x9f, 0xbc, 0xdf, 0xdf, 0xb3, 0x74, 0x26, 0x01, 0x01, 0x11, 0x11, 0x26, 0x71, 0x95, 0x9f, 0xb9, 0xbc, 0xb9, 0xb9, 0xb9, 0xa0, 0xa0, 0x98, 0x7d, 0x3c, 0x26, 0x11, 0x11, 0x11, 0x15, 0x1c, 0x15, 0x26, 0x26, 0x26, 0x3c, 0x71, 0x71, 0x71, 0x71, 0x74, 0x95, 0x91, 0x95, 0x96, 0x96, 0xa0, 0xe0, 0xbf, 0xbf, 0xdf, 0xe1, 0xe3, 0xe6, 0xdb, 0xd9, 0xda, 0xd5, 0xcb, 0xd2, 0xd2, 0xd5, 0xd7, 0xdc, 0xd3, 0xd3, 0xd5, 0xc9, 0xaf, 0xa7, 0x8e, 0x6d, 0x2d, 0x14, 0x0b, 0x0f, 0x13, 0x1a, 0x16,
  0xb2, 0xa8, 0xa7, 0xa8, 0xa7, 0xa7, 0x9b, 0x8d, 0x84, 0x84, 0x84, 0x8d, 0x9b, 0xa7, 0x99, 0x8e, 0x8e, 0x9b, 0x99, 0x8e, 0x88, 0x88, 0x8e, 0x8e, 0x87, 0x87, 0x87, 0x87, 0x6f, 0x6a, 0x6f, 0x7b, 0x7b, 0x7b, 0x82, 0x82, 0x70, 0x70, 0x7b, 0x79, 0x6d, 0x6d, 0x65, 0x51, 0x4d, 0x4d, 0x4d, 0x51, 0x51, 0x50, 0x58, 0x58, 0x58, 0x51, 0x67, 0x67, 0x51, 0x51, 0x51, 0x4a, 0x4f, 0x48, 0x42, 0x46, 0x47, 0x3b, 0x3b, 0x47, 0x30, 0x2c, 0x28, 0x24, 0x24, 0x1f, 0x1d, 0x1d, 0x1b, 0x12, 0x12, 0x0f, 0x0f, 0x0d, 0x06, 0x03, 0x08, 0x09, 0x14, 0x2d, 0x56, 0x79, 0x7b, 0x82, 0x82, 0x7b, 0x82, 0x84, 0x8d, 0x8d, 0x8d, 0x8f, 0x8d, 0x81, 0x84, 0x81, 0x6f, 0x6a, 0x62, 0x62, 0x50, 0x50, 0x4a, 0x4d, 0x63, 0x68, 0x6d, 0x82, 0x87, 0x87, 0x8f, 0x90, 0x90, 0xa5, 0xa6, 0xc3, 0xc8, 0xb7, 0x87, 0x4c, 0x2d, 0x40, 0x62, 0x6a, 0x81, 0x84, 0x89, 0x8b, 0x90, 0xa5, 0xa6, 0xa4, 0x8c, 0x8c, 0x8c, 0x8c, 0x8c, 0xa1, 0xa4, 0xa4, 0xa4, 0xa1, 0xa1, 0xa4, 0xa3, 0xa3, 0xa3, 0xa3, 0xa3, 0xa9, 0xa9, 0xab, 0xaa, 0xaa, 0xae, 0xae, 0xac, 0xc0, 0xc0, 0xc0, 0xc0, 0xc0, 0xae, 0xae, 0xc0, 0xae, 0xc0, 0xc1, 0xc0, 0xc1, 0xae, 0xaa, 0xab, 0xab, 0xaa, 0xaa, 0xaa, 0xa4, 0xa2, 0x8b, 0x83, 0x83, 0x6e, 0x81, 0x81, 0x81, 0x81, 0x84, 0x8d, 0x8f, 0x8a, 0x84, 0x81, 0x6a, 0x56, 0x52, 0x26, 0x15, 0x11, 0x11, 0x15, 0x11, 0x05, 0x05, 0x05, 0x05, 0x09, 0x09, 0x11, 0x11, 0x11, 0x11, 0x11, 0x11, 0x11, 0x11, 0x11, 0x11, 0x15, 0x1c, 0x15, 0x26, 0x26, 0x26, 0x3c, 0x26, 0x3c, 0x71, 0x71, 0x7d, 0x91, 0x96, 0x97, 0xb9, 0xe0, 0xe9, 0xe4, 0xba, 0x7e, 0x3c, 0x05, 0x01, 0x05, 0x05, 0x11, 0x15, 0x3c, 0x5d, 0x7f, 0x95, 0x95, 0x80, 0x7f, 0x78, 0x78, 0x71, 0x26, 0x15, 0x11, 0x11, 0x11, 0x15, 0x15, 0x15, 0x15, 0x26, 0x26, 0x26, 0x3c, 0x71, 0x71, 0x71, 0x71, 0x74, 0x91, 0x92, 0x92, 0x96, 0x96, 0xa0, 0xe0, 0xbf, 0xbf, 0xe1, 0xe3, 0xe1, 0xd8, 0xd9, 0xd9, 0xdc, 0xdc, 0xd6, 0xdc, 0xd5, 0xd5, 0xd6, 0xd3, 0xd3, 0xd3, 0xd5, 0xd2, 0xb7, 0x9b, 0x8e, 0x79, 0x2f, 0x14, 0x12, 0x13, 0x13, 0x1a, 0x13,
  0xa7, 0xa7, 0xa7, 0xa7, 0x9b, 0x9b, 0x8f, 0x84, 0x81, 0x84, 0x87, 0x8d, 0x8f, 0x9b, 0x9b, 0x8f, 0x8f, 0x99, 0x99, 0x88, 0x87, 0x88, 0x88, 0x88, 0x87, 0x87, 0x87, 0x81, 0x6a, 0x6a, 0x6f, 0x6f, 0x7b, 0x7b, 0x6f, 0x6f, 0x70, 0x6f, 0x70, 0x6d, 0x6d, 0x6d, 0x65, 0x51, 0x4d, 0x4d, 0x64, 0x67, 0x67, 0x64, 0x58, 0x58, 0x51, 0x51, 0x67, 0x58, 0x4d, 0x51, 0x58, 0x58, 0x4f, 0x46, 0x46, 0x48, 0x47, 0x3b, 0x3b, 0x47, 0x3b, 0x28, 0x28, 0x24, 0x21, 0x1f, 0x1d, 0x1b, 0x1a, 0x12, 0x0b, 0x0f, 0x0e, 0x07, 0x06, 0x03, 0x08, 0x08, 0x10, 0x22, 0x44, 0x68, 0x6a, 0x6b, 0x7b, 0x70, 0x70, 0x82, 0x87, 0x8d, 0x8d, 0x8f, 0x8d, 0x84, 0x8d, 0x84, 0x82, 0x81, 0x6b, 0x63, 0x50, 0x4c, 0x49, 0x4a, 0x63, 0x6d, 0x7b, 0x86, 0x8e, 0x9b, 0x8f, 0xa5, 0xa6, 0xa6, 0xaf, 0xc3, 0xb7, 0xa7, 0x82, 0x4c, 0x2d, 0x40, 0x62, 0x6e, 0x81, 0x84, 0x8d, 0x8b, 0x90, 0xa5, 0xa6, 0xa4, 0xa1, 0xa1, 0xa1, 0xa1, 0xa1, 0xa2, 0xa4, 0xa3, 0xa3, 0xa1, 0xa3, 0xa4, 0xa4, 0xa4, 0xa9, 0xa9, 0xa9, 0xa9, 0xa9, 0xa9, 0xa9, 0xa9, 0xaa, 0xaa, 0xaa, 0xac, 0xae, 0xae, 0xc1, 0xc1, 0xae, 0xac, 0xac, 0xc0, 0xc0, 0xc0, 0xc1, 0xc1, 0xc0, 0xac, 0xaa, 0xa9, 0xa9, 0xa9, 0xa3, 0xa2, 0xa2, 0x8b, 0x83, 0x6e, 0x6e, 0x6e, 0x6e, 0x6e, 0x6e, 0x83, 0x89, 0x8a, 0x89, 0x8a, 0x89, 0x84, 0x81, 0x71, 0x53, 0x38, 0x26, 0x15, 0x15, 0x15, 0x11, 0x05, 0x05, 0x05, 0x09, 0x09, 0x11, 0x11, 0x11, 0x11, 0x11, 0x11, 0x11, 0x11, 0x15, 0x15, 0x15, 0x26, 0x3c, 0x3c, 0x3c, 0x26, 0x3c, 0x3c, 0x71, 0x71, 0x74, 0x7e, 0x92, 0x96, 0x9d, 0xbc, 0xe9, 0xf3, 0xeb, 0xb9, 0x74, 0x26, 0x11, 0x04, 0x05, 0x05, 0x11, 0x11, 0x11, 0x15, 0x26, 0x3c, 0x3c, 0x3c, 0x3c, 0x3c, 0x3c, 0x15, 0x11, 0x11, 0x15, 0x11, 0x11, 0x15, 0x15, 0x15, 0x15, 0x26, 0x26, 0x26, 0x3c, 0x71, 0x71, 0x71, 0x74, 0x7e, 0x96, 0x96, 0x91, 0x91, 0x7e, 0x97, 0xbc, 0xbc, 0xbf, 0xdf, 0xdf, 0xdf, 0xce, 0xd8, 0xdb, 0xdc, 0xdc, 0xdc, 0xdc, 0xda, 0xd5, 0xd5, 0xd3, 0xd3, 0xd3, 0xd2, 0xc9, 0xb7, 0x9b, 0x88, 0x73, 0x40, 0x14, 0x12, 0x13, 0x0f, 0x0f, 0x13,
  0xa7, 0xa7, 0xa7, 0x9b, 0x99, 0x9b, 0x9b, 0x8d, 0x87, 0x87, 0x87, 0x87, 0x8d, 0x8e, 0x8e, 0x8d, 0x8d, 0x8e, 0x9b, 0x88, 0x86, 0x88, 0x8e, 0x8e, 0x88, 0x87, 0x87, 0x81, 0x6a, 0x6e, 0x70, 0x70, 0x7b, 0x82, 0x6b, 0x6b, 0x6f, 0x6d, 0x70, 0x6d, 0x79, 0x6d, 0x65, 0x4d, 0x4a, 0x4d, 0x64, 0x64, 0x64, 0x64, 0x58, 0x58, 0x51, 0x51, 0x51, 0x51, 0x58, 0x51, 0x4d, 0x4a, 0x4b, 0x48, 0x46, 0x46, 0x3b, 0x3b, 0x3b, 0x3b, 0x3b, 0x2c, 0x28, 0x28, 0x1d, 0x1d, 0x17, 0x16, 0x16, 0x13, 0x12, 0x13, 0x0f, 0x07, 0x06, 0x06, 0x08, 0x08, 0x10, 0x1c, 0x33, 0x56, 0x62, 0x62, 0x6a, 0x6a, 0x6f, 0x81, 0x84, 0x8d, 0x8f, 0x9b, 0x8f, 0x8d, 0x8d, 0x8d, 0x8d, 0x84, 0x70, 0x6d, 0x6d, 0x50, 0x49, 0x4d, 0x63, 0x6b, 0x70, 0x82, 0x8e, 0x9b, 0x9b, 0xa8, 0xaf, 0xaf, 0xaf, 0xa8, 0xa8, 0x8e, 0x6a, 0x2d, 0x40, 0x62, 0x6e, 0x84, 0x8d, 0x8f, 0x8f, 0x8b, 0x8b, 0xa2, 0xa4, 0xa4, 0xa3, 0xa3, 0xa4, 0xa4, 0xa3, 0xa3, 0xa3, 0xa9, 0xa9, 0xa4, 0xa9, 0xaa, 0xa4, 0xa9, 0xac, 0xab, 0xab, 0xab, 0xa9, 0xa9, 0xaa, 0xaa, 0xaa, 0xa4, 0xaa, 0xae, 0xae, 0xc0, 0xc1, 0xc1, 0xc0, 0xc0, 0xc0, 0xc0, 0xae, 0xc0, 0xc1, 0xc1, 0xc0, 0xc0, 0xac, 0xa9, 0xab, 0xa9, 0xa3, 0xa3, 0xa4, 0xa2, 0x8b, 0x83, 0x83, 0x83, 0x6e, 0x6e, 0x81, 0x83, 0x89, 0x8a, 0x8c, 0xa5, 0xa5, 0x90, 0x8f, 0x85, 0x7a, 0x74, 0x71, 0x38, 0x26, 0x15, 0x11, 0x05, 0x05, 0x11, 0x05, 0x09, 0x11, 0x11, 0x11, 0x11, 0x11, 0x11, 0x15, 0x15, 0x15, 0x15, 0x15, 0x15, 0x3c, 0x26, 0x26, 0x3c, 0x3c, 0x3c, 0x71, 0x7d, 0x7e, 0x7e, 0x96, 0x9d, 0xb3, 0xe2, 0xf3, 0xf7, 0xf3, 0xba, 0x74, 0x26, 0x11, 0x05, 0x11, 0x11, 0x11, 0x11, 0x11, 0x09, 0x11, 0x11, 0x11, 0x11, 0x11, 0x11, 0x11, 0x11, 0x11, 0x11, 0x15, 0x11, 0x11, 0x11, 0x15, 0x15, 0x15, 0x26, 0x26, 0x3c, 0x3c, 0x71, 0x71, 0x71, 0x7d, 0x92, 0x96, 0x92, 0x7e, 0x91, 0x96, 0x96, 0xa0, 0xbf, 0xbf, 0xdf, 0xe3, 0xe3, 0xe3, 0xef, 0xef, 0xd9, 0xd5, 0xda, 0xd5, 0xd4, 0xd5, 0xd6, 0xd6, 0xd6, 0xd6, 0xd2, 0xc9, 0xb7, 0x9b, 0x88, 0x6d, 0x44, 0x20, 0x0b, 0x0b, 0x13, 0x1a, 0x16,
  0xb1, 0xa7, 0xa7, 0x9b, 0x99, 0x99, 0x9b, 0x8e, 0x8d, 0x87, 0x87, 0x87, 0x8d, 0x87, 0x87, 0x87, 0x87, 0x8e, 0x8e, 0x8e, 0x88, 0x88, 0x8e, 0x8e, 0x87, 0x87, 0x87, 0x82, 0x6f, 0x6f, 0x7b, 0x82, 0x82, 0x7b, 0x70, 0x6b, 0x6b, 0x7b, 0x79, 0x6c, 0x6d, 0x79, 0x79, 0x69, 0x67, 0x64, 0x58, 0x51, 0x58, 0x64, 0x58, 0x58, 0x67, 0x67, 0x51, 0x51, 0x51, 0x4d, 0x4d, 0x4d, 0x51, 0x4b, 0x48, 0x48, 0x46, 0x3b, 0x3b, 0x39, 0x3a, 0x3a, 0x34, 0x28, 0x17, 0x16, 0x16, 0x16, 0x1a, 0x1a, 0x12, 0x0f, 0x0d, 0x07, 0x07, 0x06, 0x06, 0x08, 0x0c, 0x14, 0x26, 0x44, 0x44, 0x49, 0x4c, 0x6a, 0x6e, 0x81, 0x82, 0x87, 0x8f, 0x8f, 0x8f, 0x8f, 0x8d, 0x8d, 0x8d, 0x8d, 0x87, 0x82, 0x6d, 0x65, 0x50, 0x64, 0x63, 0x62, 0x6b, 0x87, 0x8e, 0x8f, 0xa8, 0xaf, 0xc3, 0xb7, 0xa8, 0x8e, 0x87, 0x6e, 0x4c, 0x29, 0x49, 0x6a, 0x6f, 0x84, 0x8d, 0x8d, 0x8b, 0x8c, 0x8c, 0x8c, 0xa2, 0xa4, 0xa3, 0xa3, 0xa4, 0xa4, 0xa3, 0xa3, 0xa4, 0xa4, 0xa9, 0xa9, 0xaa, 0xab, 0xaa, 0xab, 0xac, 0xac, 0xac, 0xac, 0xab, 0xab, 0xac, 0xae, 0xac, 0xaa, 0xac, 0xae, 0xac, 0xae, 0xc0, 0xae, 0xae, 0xc0, 0xc1, 0xc0, 0xc1, 0xc1, 0xc1, 0xc1, 0xc0, 0xc0, 0xc0, 0xac, 0xa9, 0xa9, 0xa9, 0xa9, 0xa9, 0xa9, 0xa1, 0x8b, 0x8b, 0x8a, 0x83, 0x83, 0x8a, 0x90, 0xa1, 0x8c, 0xa1, 0xa4, 0xa4, 0xa5, 0xa5, 0x90, 0x8d, 0x87, 0x82, 0x74, 0x52, 0x20, 0x15, 0x11, 0x11, 0x11, 0x11, 0x11, 0x11, 0x11, 0x11, 0x11, 0x11, 0x15, 0x1c, 0x26, 0x15, 0x26, 0x3c, 0x15, 0x3c, 0x26, 0x3c, 0x3c, 0x3c, 0x71, 0x7d, 0x91, 0x91, 0x91, 0x97, 0xb9, 0xbe, 0xeb, 0xf3, 0xf3, 0xf6, 0xe4, 0x96, 0x52, 0x15, 0x09, 0x09, 0x11, 0x11, 0x11, 0x11, 0x11, 0x09, 0x11, 0x11, 0x11, 0x11, 0x11, 0x15, 0x15, 0x15, 0x15, 0x15, 0x15, 0x15, 0x15, 0x15, 0x15, 0x15, 0x26, 0x3c, 0x3c, 0x52, 0x52, 0x71, 0x71, 0x74, 0x92, 0x96, 0x96, 0x7e, 0x91, 0xa0, 0xbc, 0xbf, 0xbf, 0xdf, 0xe1, 0xe4, 0xe5, 0xe6, 0xe6, 0xdb, 0xdb, 0xd9, 0xd4, 0xd4, 0xd8, 0xd9, 0xd5, 0xd5, 0xd2, 0xcb, 0xd2, 0xcb, 0xb7, 0x9b, 0x8e, 0x73, 0x2f, 0x14, 0x12, 0x12, 0x1a, 0x1b, 0x16,
  0xb2, 0xa7, 0xa7, 0xa7, 0x9b, 0x9b, 0x9b, 0x9b, 0x87, 0x8d, 0x8e, 0x87, 0x87, 0x84, 0x87, 0x82, 0x87, 0x88, 0x88, 0x99, 0x99, 0x99, 0x99, 0x8e, 0x8e, 0x87, 0x87, 0x87, 0x87, 0x82, 0x82, 0x82, 0x7b, 0x70, 0x6d, 0x65, 0x65, 0x6c, 0x6c, 0x69, 0x69, 0x69, 0x69, 0x69, 0x67, 0x51, 0x64, 0x58, 0x50, 0x58, 0x67, 0x4f, 0x67, 0x67, 0x58, 0x58, 0x67, 0x51, 0x4a, 0x51, 0x67, 0x69, 0x58, 0x48, 0x48, 0x3b, 0x30, 0x34, 0x34, 0x34, 0x2c, 0x28, 0x17, 0x12, 0x12, 0x1a, 0x1a, 0x1a, 0x16, 0x13, 0x0d, 0x07, 0x07, 0x06, 0x03, 0x08, 0x03, 0x09, 0x1c, 0x32, 0x33, 0x2d, 0x4c, 0x6a, 0x6a, 0x81, 0x81, 0x81, 0x87, 0x8d, 0x8f, 0x9b, 0x8f, 0x8f, 0x8f, 0x8f, 0x8f, 0x84, 0x70, 0x6b, 0x68, 0x50, 0x49, 0x4c, 0x6a, 0x82, 0x87, 0x8e, 0xa8, 0xb7, 0xa8, 0xa8, 0x8e, 0x6f, 0x49, 0x40, 0x40, 0x2d, 0x62, 0x6e, 0x81, 0x8d, 0x8d, 0x8a, 0x90, 0xa2, 0xa2, 0xa1, 0xa1, 0xa1, 0xa3, 0xa4, 0xa4, 0xa4, 0xa3, 0xa3, 0xa4, 0xaa, 0xab, 0xaa, 0xac, 0xac, 0xaa, 0xaa, 0xac, 0xae, 0xab, 0xac, 0xac, 0xaa, 0xae, 0xc1, 0xae, 0xac, 0xc0, 0xc1, 0xc1, 0xc0, 0xc0, 0xae, 0xab, 0xac, 0xae, 0xae, 0xae, 0xc1, 0xc1, 0xc0, 0xc1, 0xc1, 0xc4, 0xc4, 0xc0, 0xac, 0xc0, 0xac, 0xab, 0xab, 0xab, 0xa3, 0xa2, 0xa2, 0x8b, 0x8b, 0x8b, 0xa2, 0xaa, 0xa9, 0xa4, 0xab, 0xa9, 0xaa, 0xad, 0xad, 0xa6, 0x8f, 0x8d, 0x8d, 0x6a, 0x38, 0x26, 0x15, 0x11, 0x15, 0x15, 0x11, 0x11, 0x11, 0x15, 0x11, 0x11, 0x15, 0x15, 0x15, 0x11, 0x15, 0x3e, 0x26, 0x3c, 0x3c, 0x3c, 0x3c, 0x71, 0x74, 0x91, 0x92, 0x92, 0x92, 0x97, 0xb3, 0xbb, 0xe1, 0xe9, 0xeb, 0xeb, 0xe4, 0x9e, 0x71, 0x26, 0x11, 0x11, 0x11, 0x15, 0x15, 0x11, 0x11, 0x11, 0x11, 0x11, 0x11, 0x11, 0x11, 0x11, 0x15, 0x15, 0x15, 0x15, 0x11, 0x11, 0x15, 0x15, 0x15, 0x26, 0x3c, 0x3c, 0x3c, 0x71, 0x71, 0x71, 0x71, 0x71, 0x7e, 0x96, 0x96, 0x7e, 0x96, 0x98, 0xbc, 0xe2, 0xbf, 0xe0, 0xe1, 0xe3, 0xe3, 0xe5, 0xd8, 0xd8, 0xdb, 0xd9, 0xd9, 0xd9, 0xd9, 0xda, 0xdc, 0xda, 0xd5, 0xcb, 0xcb, 0xc9, 0xaf, 0x9b, 0x8e, 0x73, 0x2d, 0x14, 0x12, 0x13, 0x13, 0x13, 0x13,
  0xb1, 0xa7, 0xa7, 0x9b, 0x9b, 0x99, 0x9b, 0x99, 0x87, 0x8e, 0x8e, 0x87, 0x84, 0x82, 0x87, 0x87, 0x87, 0x8e, 0x88, 0x8e, 0x8e, 0x9b, 0x99, 0x8e, 0x8e, 0x87, 0x87, 0x87, 0x87, 0x87, 0x82, 0x7b, 0x70, 0x6f, 0x6d, 0x68, 0x64, 0x64, 0x64, 0x67, 0x69, 0x64, 0x67, 0x69, 0x69, 0x64, 0x64, 0x51, 0x4a, 0x4f, 0x67, 0x4f, 0x51, 0x51, 0x51, 0x58, 0x67, 0x67, 0x4d, 0x51, 0x51, 0x67, 0x58, 0x46, 0x46, 0x30, 0x2c, 0x2c, 0x2c, 0x2c, 0x28, 0x21, 0x17, 0x0b, 0x0b, 0x16, 0x1b, 0x16, 0x16, 0x13, 0x0e, 0x0d, 0x0d, 0x07, 0x06, 0x03, 0x02, 0x08, 0x0c, 0x1c, 0x26, 0x2d, 0x4c, 0x65, 0x6b, 0x7b, 0x81, 0x6e, 0x81, 0x84, 0x8d, 0x90, 0x90, 0x90, 0x90, 0x90, 0x8f, 0x87, 0x82, 0x70, 0x6c, 0x50, 0x49, 0x62, 0x65, 0x6b, 0x82, 0x88, 0x9b, 0xa7, 0x9b, 0x99, 0x70, 0x49, 0x20, 0x20, 0x2d, 0x49, 0x6a, 0x6f, 0x83, 0x8a, 0x8d, 0x8b, 0x8b, 0xa2, 0xa2, 0xa2, 0xa2, 0xa1, 0xa3, 0xa4, 0xa3, 0xa4, 0xa4, 0xa4, 0xaa, 0xab, 0xab, 0xab, 0xac, 0xae, 0xac, 0xaa, 0xac, 0xc0, 0xae, 0xac, 0xae, 0xae, 0xc0, 0xc1, 0xc0, 0xc0, 0xc0, 0xc1, 0xc2, 0xc1, 0xc0, 0xc0, 0xae, 0xae, 0xae, 0xac, 0xab, 0xc0, 0xc1, 0xc0, 0xc1, 0xc1, 0xc4, 0xc5, 0xc0, 0xc0, 0xc1, 0xc0, 0xab, 0xac, 0xae, 0xa9, 0xa4, 0xa4, 0xa4, 0xa2, 0xa2, 0xa4, 0xaa, 0xab, 0xab, 0xab, 0xab, 0xac, 0xae, 0xae, 0xae, 0xa6, 0xa5, 0xa6, 0x87, 0x6a, 0x52, 0x26, 0x15, 0x1c, 0x1c, 0x15, 0x15, 0x11, 0x11, 0x15, 0x15, 0x15, 0x26, 0x15, 0x11, 0x26, 0x26, 0x15, 0x26, 0x3c, 0x3c, 0x71, 0x74, 0x74, 0x96, 0x91, 0x7e, 0x7e, 0x91, 0x97, 0x97, 0x9c, 0xb4, 0xbd, 0xdf, 0xbe, 0xb3, 0x7e, 0x52, 0x15, 0x11, 0x15, 0x15, 0x15, 0x15, 0x11, 0x15, 0x11, 0x11, 0x11, 0x11, 0x11, 0x15, 0x15, 0x15, 0x15, 0x15, 0x15, 0x15, 0x15, 0x15, 0x15, 0x26, 0x3c, 0x3c, 0x52, 0x52, 0x71, 0x71, 0x71, 0x74, 0x7e, 0x96, 0x92, 0x7e, 0x96, 0x96, 0xa0, 0xe0, 0xbf, 0xe0, 0xe1, 0xe1, 0xe3, 0xe5, 0xd8, 0xd8, 0xd9, 0xda, 0xd9, 0xd4, 0xd8, 0xd9, 0xda, 0xda, 0xd4, 0xd2, 0xcb, 0xc8, 0xa8, 0x8f, 0x88, 0x79, 0x2d, 0x14, 0x12, 0x13, 0x13, 0x1a, 0x16,
  0xb2, 0x9c, 0x9b, 0x99, 0x99, 0x99, 0x9b, 0x99, 0x88, 0x8e, 0x8e, 0x8d, 0x87, 0x82, 0x82, 0x87, 0x87, 0x87, 0x87, 0x8e, 0x8e, 0x99, 0x99, 0x8e, 0x88, 0x87, 0x87, 0x87, 0x87, 0x87, 0x82, 0x86, 0x7b, 0x70, 0x6d, 0x67, 0x64, 0x58, 0x50, 0x51, 0x58, 0x51, 0x51, 0x64, 0x67, 0x67, 0x64, 0x50, 0x4d, 0x4f, 0x58, 0x4f, 0x51, 0x4d, 0x4d, 0x51, 0x67, 0x67, 0x4d, 0x51, 0x4a, 0x4a, 0x4f, 0x48, 0x42, 0x2e, 0x2c, 0x2c, 0x2c, 0x28, 0x28, 0x21, 0x17, 0x12, 0x12, 0x16, 0x1a, 0x13, 0x12, 0x12, 0x0e, 0x0e, 0x0e, 0x07, 0x06, 0x06, 0x03, 0x03, 0x08, 0x0c, 0x23, 0x33, 0x53, 0x68, 0x6d, 0x70, 0x70, 0x6f, 0x6f, 0x81, 0x8d, 0xa5, 0x90, 0xa5, 0x90, 0x8f, 0x8f, 0x8d, 0x8d, 0x87, 0x7b, 0x62, 0x49, 0x49, 0x49, 0x4c, 0x65, 0x79, 0x86, 0x88, 0x88, 0x7b, 0x40, 0x20, 0x20, 0x20, 0x2d, 0x62, 0x82, 0x83, 0x89, 0x8a, 0x8f, 0x8c, 0x8a, 0x8c, 0xa1, 0xa3, 0xa9, 0xa4, 0xa4, 0xa4, 0xa4, 0xa9, 0xac, 0xaa, 0xaa, 0xaa, 0xab, 0xaa, 0xaa, 0xac, 0xab, 0xab, 0xae, 0xc0, 0xc1, 0xae, 0xae, 0xae, 0xac, 0xc0, 0xc0, 0xc0, 0xc0, 0xc0, 0xc0, 0xc0, 0xc0, 0xc1, 0xc1, 0xc1, 0xae, 0xac, 0xab, 0xc0, 0xc4, 0xc4, 0xc4, 0xc1, 0xc1, 0xc1, 0xc1, 0xc1, 0xc4, 0xc0, 0xac, 0xc0, 0xc0, 0xac, 0xab, 0xaa, 0xaa, 0xaa, 0xad, 0xac, 0xab, 0xab, 0xab, 0xab, 0xac, 0xae, 0xac, 0xae, 0xc0, 0xae, 0xc0, 0xc1, 0xa6, 0x8d, 0x6a, 0x52, 0x26, 0x26, 0x15, 0x15, 0x15, 0x15, 0x15, 0x1c, 0x1c, 0x15, 0x26, 0x15, 0x15, 0x26, 0x15, 0x26, 0x3c, 0x52, 0x71, 0x74, 0x7d, 0x7e, 0x7e, 0x74, 0x74, 0x74, 0x74, 0x74, 0x74, 0x7c, 0x92, 0x9a, 0xb4, 0xb6, 0xb3, 0x93, 0x74, 0x38, 0x15, 0x15, 0x15, 0x15, 0x15, 0x15, 0x15, 0x15, 0x15, 0x15, 0x15, 0x15, 0x15, 0x15, 0x15, 0x15, 0x15, 0x15, 0x1c, 0x26, 0x26, 0x26, 0x3c, 0x3c, 0x52, 0x71, 0x52, 0x71, 0x71, 0x74, 0x7e, 0x7e, 0x96, 0x96, 0x91, 0x91, 0x91, 0x9f, 0xbf, 0xbf, 0xdf, 0xe1, 0xcd, 0xe3, 0xe6, 0xd8, 0xdb, 0xdd, 0xde, 0xdc, 0xda, 0xd9, 0xd9, 0xd9, 0xd9, 0xd5, 0xd5, 0xcb, 0xc8, 0xb7, 0x9b, 0x8e, 0x79, 0x40, 0x14, 0x0b, 0x12, 0x13, 0x1a, 0x1a,
  0xb5, 0x9c, 0x99, 0x9b, 0x99, 0x9b, 0xa7, 0x9b, 0x8e, 0x9b, 0x8e, 0x8e, 0x88, 0x86, 0x82, 0x87, 0x86, 0x82, 0x86, 0x87, 0x87, 0x8e, 0x99, 0x8e, 0x88, 0x87, 0x87, 0x8d, 0x87, 0x87, 0x87, 0x86, 0x82, 0x7b, 0x69, 0x57, 0x4e, 0x4b, 0x4a, 0x4a, 0x4a, 0x4d, 0x51, 0x51, 0x64, 0x64, 0x67, 0x67, 0x64, 0x58, 0x4f, 0x4f, 0x51, 0x4a, 0x4d, 0x51, 0x58, 0x51, 0x4a, 0x51, 0x4a, 0x4a, 0x4f, 0x48, 0x46, 0x39, 0x39, 0x34, 0x34, 0x28, 0x2c, 0x24, 0x1d, 0x1d, 0x1d, 0x1b, 0x16, 0x12, 0x12, 0x0f, 0x0d, 0x0e, 0x0e, 0x07, 0x06, 0x06, 0x03, 0x03, 0x03, 0x0c, 0x19, 0x26, 0x44, 0x66, 0x6d, 0x70, 0x6f, 0x6f, 0x82, 0x81, 0x84, 0x8d, 0x8f, 0xa5, 0x8f, 0x8d, 0x8d, 0x8d, 0x8d, 0x8d, 0x86, 0x6b, 0x4c, 0x2d, 0x29, 0x29, 0x40, 0x4c, 0x65, 0x6c, 0x68, 0x4c, 0x29, 0x20, 0x29, 0x40, 0x63, 0x70, 0x87, 0x8d, 0x8a, 0x8f, 0xa5, 0xa2, 0xa1, 0xa2, 0xa3, 0xa9, 0xac, 0xaa, 0xaa, 0xaa, 0xaa, 0xaa, 0xac, 0xae, 0xaa, 0xab, 0xae, 0xab, 0xaa, 0xab, 0xac, 0xae, 0xc0, 0xae, 0xae, 0xc1, 0xc1, 0xab, 0xac, 0xc0, 0xac, 0xc0, 0xc0, 0xae, 0xc0, 0xc0, 0xc0, 0xc1, 0xc4, 0xc2, 0xc1, 0xc1, 0xc0, 0xc1, 0xc4, 0xc4, 0xc5, 0xc4, 0xc1, 0xc4, 0xc4, 0xc4, 0xc4, 0xc1, 0xc1, 0xc1, 0xc0, 0xc0, 0xc0, 0xae, 0xae, 0xb0, 0xb0, 0xc2, 0xc1, 0xae, 0xab, 0xae, 0xae, 0xae, 0xae, 0xc0, 0xc0, 0xc0, 0xc0, 0xc0, 0xac, 0xa6, 0x8d, 0x74, 0x53, 0x3c, 0x26, 0x26, 0x26, 0x26, 0x26, 0x26, 0x26, 0x15, 0x15, 0x15, 0x26, 0x26, 0x3c, 0x52, 0x71, 0x74, 0x7d, 0x7d, 0x77, 0x74, 0x66, 0x56, 0x56, 0x56, 0x56, 0x56, 0x62, 0x68, 0x7a, 0x93, 0x9c, 0xb1, 0xb4, 0x9d, 0x7e, 0x71, 0x3c, 0x26, 0x26, 0x15, 0x15, 0x15, 0x15, 0x15, 0x15, 0x15, 0x15, 0x15, 0x15, 0x15, 0x15, 0x15, 0x15, 0x26, 0x26, 0x26, 0x26, 0x26, 0x3c, 0x3c, 0x52, 0x71, 0x71, 0x71, 0x71, 0x91, 0x7e, 0x74, 0x91, 0x96, 0x96, 0x96, 0x97, 0xb9, 0xbc, 0xbf, 0xe0, 0xdf, 0xcd, 0xe1, 0xe6, 0xdb, 0xdd, 0xde, 0xde, 0xdc, 0xdc, 0xdc, 0xdc, 0xdb, 0xd9, 0xda, 0xd4, 0xcb, 0xc9, 0xb7, 0x9b, 0x88, 0x79, 0x2f, 0x14, 0x0b, 0x0b, 0x0f, 0x13, 0x16,
  0xb1, 0xb2, 0x9b, 0x9b, 0x9b, 0xa7, 0xa7, 0xa7, 0x9b, 0x9b, 0x99, 0x8e, 0x8e, 0x8e, 0x8e, 0x88, 0x87, 0x87, 0x88, 0x88, 0x82, 0x87, 0x99, 0x8e, 0x87, 0x88, 0x8e, 0x87, 0x87, 0x87, 0x82, 0x70, 0x70, 0x6b, 0x4c, 0x43, 0x41, 0x41, 0x43, 0x4f, 0x51, 0x51, 0x51, 0x51, 0x67, 0x69, 0x69, 0x67, 0x64, 0x64, 0x50, 0x58, 0x4d, 0x4a, 0x4a, 0x4d, 0x4d, 0x51, 0x51, 0x58, 0x4a, 0x4a, 0x4f, 0x43, 0x47, 0x46, 0x3b, 0x3a, 0x34, 0x34, 0x34, 0x24, 0x17, 0x1d, 0x1d, 0x16, 0x1a, 0x1b, 0x16, 0x13, 0x0d, 0x0d, 0x0d, 0x07, 0x06, 0x06, 0x03, 0x03, 0x03, 0x0c, 0x19, 0x23, 0x44, 0x66, 0x73, 0x7b, 0x70, 0x6f, 0x82, 0x82, 0x6e, 0x81, 0x8d, 0x90, 0x8d, 0x8d, 0x8d, 0x8d, 0x8f, 0x8d, 0x8e, 0x82, 0x63, 0x2d, 0x20, 0x14, 0x29, 0x40, 0x40, 0x49, 0x40, 0x2d, 0x2d, 0x2d, 0x49, 0x6c, 0x7b, 0x84, 0x8d, 0x8f, 0x8b, 0x90, 0xa6, 0xa6, 0xad, 0xac, 0xaa, 0xac, 0xae, 0xaa, 0xaa, 0xac, 0xac, 0xab, 0xac, 0xae, 0xaa, 0xaa, 0xac, 0xae, 0xc0, 0xc0, 0xc0, 0xc0, 0xac, 0xac, 0xae, 0xc0, 0xc2, 0xc1, 0xc1, 0xc1, 0xc0, 0xc1, 0xc1, 0xc0, 0xc0, 0xc1, 0xc1, 0xc4, 0xc4, 0xc4, 0xc4, 0xc4, 0xc1, 0xae, 0xc1, 0xc5, 0xd0, 0xc7, 0xc5, 0xc5, 0xc4, 0xc5, 0xc4, 0xc4, 0xc5, 0xc4, 0xae, 0xc1, 0xc5, 0xc5, 0xc4, 0xc3, 0xc6, 0xc5, 0xc1, 0xc1, 0xc4, 0xc5, 0xc2, 0xc1, 0xc1, 0xc1, 0xc1, 0xc0, 0xc0, 0xc0, 0xab, 0xae, 0xa8, 0x8e, 0x74, 0x71, 0x3c, 0x3c, 0x3c, 0x3c, 0x3c, 0x3c, 0x3c, 0x3c, 0x3c, 0x3c, 0x3c, 0x52, 0x71, 0x74, 0x7d, 0x7e, 0x7e, 0x77, 0x72, 0x56, 0x44, 0x44, 0x53, 0x44, 0x40, 0x40, 0x49, 0x4c, 0x66, 0x7a, 0x88, 0x9a, 0x9e, 0x9c, 0x97, 0x74, 0x53, 0x3c, 0x3c, 0x15, 0x15, 0x15, 0x15, 0x26, 0x1c, 0x15, 0x26, 0x15, 0x15, 0x26, 0x26, 0x26, 0x26, 0x26, 0x26, 0x3c, 0x3c, 0x3c, 0x3c, 0x3c, 0x52, 0x71, 0x71, 0x71, 0x71, 0x7e, 0x7e, 0x7e, 0x91, 0x91, 0x96, 0x96, 0xa0, 0xbf, 0xbf, 0xe2, 0xe2, 0xe1, 0xe4, 0xe5, 0xef, 0xdb, 0xd9, 0xda, 0xda, 0xd5, 0xd5, 0xda, 0xda, 0xef, 0xdb, 0xd9, 0xd4, 0xcb, 0xc9, 0xb7, 0x9b, 0x88, 0x73, 0x2d, 0x14, 0x0b, 0x0f, 0x0f, 0x13, 0x16,
  0xb1, 0xb1, 0x9c, 0x9c, 0xb2, 0xb1, 0x9c, 0x9c, 0x9b, 0x99, 0x99, 0x8e, 0x8e, 0x8e, 0x8e, 0x8e, 0x8d, 0x87, 0x88, 0x87, 0x6f, 0x6f, 0x87, 0x87, 0x87, 0x99, 0x8e, 0x87, 0x88, 0x87, 0x82, 0x82, 0x6d, 0x62, 0x40, 0x2d, 0x40, 0x2e, 0x2f, 0x54, 0x59, 0x58, 0x58, 0x58, 0x58, 0x69, 0x6c, 0x68, 0x68, 0x63, 0x63, 0x64, 0x58, 0x4f, 0x4d, 0x4d, 0x4d, 0x4d, 0x67, 0x67, 0x4f, 0x48, 0x48, 0x46, 0x42, 0x30, 0x3b, 0x39, 0x2c, 0x2c, 0x3a, 0x28, 0x27, 0x1f, 0x1d, 0x1b, 0x1b, 0x1a, 0x1a, 0x13, 0x0d, 0x0a, 0x0d, 0x0d, 0x07, 0x07, 0x06, 0x03, 0x03, 0x03, 0x08, 0x19, 0x33, 0x53, 0x5f, 0x73, 0x79, 0x6d, 0x70, 0x6f, 0x6a, 0x81, 0x8d, 0x8d, 0x8f, 0x8f, 0x8d, 0x8f, 0x8d, 0x84, 0x87, 0x88, 0x79, 0x49, 0x2d, 0x29, 0x2d, 0x2d, 0x2d, 0x40, 0x40, 0x40, 0x2d, 0x40, 0x63, 0x70, 0x87, 0x8d, 0x8f, 0x90, 0xa5, 0xa6, 0xad, 0xa6, 0xaa, 0xab, 0xab, 0xac, 0xab, 0xac, 0xaa, 0xac, 0xac, 0xaa, 0xaa, 0xae, 0xae, 0xab, 0xaa, 0xac, 0xc0, 0xae, 0xac, 0xc0, 0xc0, 0xc0, 0xc1, 0xc0, 0xae, 0xc0, 0xc0, 0xc0, 0xc0, 0xc1, 0xc1, 0xc0, 0xae, 0xae, 0xc0, 0xc0, 0xc1, 0xc4, 0xc1, 0xc4, 0xc4, 0xc4, 0xc2, 0xc4, 0xc4, 0xc7, 0xc7, 0xc5, 0xc4, 0xc5, 0xc5, 0xc4, 0xc4, 0xc4, 0xc2, 0xc1, 0xc5, 0xca, 0xc7, 0xc6, 0xca, 0xc6, 0xc6, 0xca, 0xca, 0xc6, 0xc5, 0xc4, 0xc2, 0xc1, 0xc1, 0xc1, 0xc0, 0xc0, 0xc0, 0xc2, 0xc3, 0xa7, 0x94, 0x74, 0x71, 0x74, 0x71, 0x71, 0x71, 0x71, 0x71, 0x71, 0x71, 0x71, 0x71, 0x74, 0x7a, 0x7a, 0x7a, 0x7a, 0x7a, 0x73, 0x56, 0x45, 0x34, 0x34, 0x2c, 0x2a, 0x2a, 0x2f, 0x44, 0x4e, 0x57, 0x66, 0x7a, 0x94, 0x9a, 0x9c, 0x9c, 0x92, 0x74, 0x71, 0x3c, 0x26, 0x26, 0x26, 0x26, 0x26, 0x26, 0x26, 0x26, 0x3c, 0x3c, 0x26, 0x3c, 0x3c, 0x26, 0x3c, 0x3c, 0x3c, 0x3c, 0x3c, 0x3c, 0x3c, 0x71, 0x71, 0x71, 0x71, 0x71, 0x7e, 0x74, 0x7e, 0x96, 0x91, 0x96, 0x96, 0xa0, 0xe0, 0xe2, 0xe0, 0xe2, 0xe0, 0xe3, 0xe5, 0xdb, 0xd9, 0xd8, 0xcf, 0xcf, 0xcf, 0xd9, 0xdb, 0xdb, 0xdb, 0xdb, 0xd9, 0xcf, 0xd4, 0xb7, 0xa8, 0x9b, 0x8e, 0x6d, 0x2f, 0x17, 0x12, 0x0e, 0x0e, 0x0f, 0x16,
  0xb2, 0xb2, 0xb1, 0xb1, 0xb2, 0xb5, 0xb1, 0xb1, 0x9c, 0x9b, 0x9b, 0x9b, 0x9b, 0x8e, 0x8e, 0x8e, 0x8e, 0x8e, 0x87, 0x82, 0x62, 0x62, 0x81, 0x87, 0x87, 0x8e, 0x99, 0x88, 0x88, 0x88, 0x87, 0x82, 0x6f, 0x6a, 0x40, 0x2d, 0x2d, 0x2d, 0x2f, 0x45, 0x57, 0x57, 0x64, 0x67, 0x64, 0x69, 0x73, 0x6c, 0x68, 0x65, 0x65, 0x69, 0x58, 0x51, 0x51, 0x51, 0x51, 0x51, 0x58, 0x58, 0x4f, 0x48, 0x48, 0x48, 0x47, 0x30, 0x3b, 0x46, 0x39, 0x34, 0x34, 0x27, 0x27, 0x1f, 0x1f, 0x1f, 0x1b, 0x1b, 0x1b, 0x1a, 0x0f, 0x0d, 0x0d, 0x0d, 0x07, 0x06, 0x07, 0x06, 0x02, 0x02, 0x02, 0x0c, 0x1c, 0x33, 0x54, 0x6c, 0x79, 0x70, 0x70, 0x6e, 0x6e, 0x81, 0x84, 0x84, 0x8f, 0x8f, 0x8d, 0x8d, 0x87, 0x84, 0x87, 0x88, 0x85, 0x73, 0x63, 0x4c, 0x49, 0x40, 0x49, 0x49, 0x40, 0x49, 0x49, 0x63, 0x6d, 0x82, 0x8d, 0x8f, 0x90, 0x90, 0xa5, 0xad, 0xae, 0xaa, 0xae, 0xc0, 0xc0, 0xac, 0xac, 0xae, 0xaa, 0xac, 0xac, 0xac, 0xaa, 0xac, 0xae, 0xab, 0xab, 0xae, 0xac, 0xaa, 0xac, 0xc0, 0xc0, 0xc1, 0xc4, 0xc1, 0xc0, 0xc1, 0xc1, 0xae, 0xc1, 0xc1, 0xc0, 0xc5, 0xc5, 0xc1, 0xc1, 0xc0, 0xc1, 0xc4, 0xc1, 0xc2, 0xc7, 0xd0, 0xc5, 0xc4, 0xc5, 0xc5, 0xc7, 0xc7, 0xc7, 0xc5, 0xc5, 0xc7, 0xc7, 0xc7, 0xc6, 0xc6, 0xc7, 0xd1, 0xd3, 0xd1, 0xd2, 0xd1, 0xcb, 0xd2, 0xd1, 0xca, 0xc6, 0xc4, 0xc2, 0xc1, 0xc4, 0xc4, 0xc1, 0xc0, 0xc1, 0xc2, 0xc8, 0xb7, 0x9c, 0x85, 0x7e, 0x7e, 0x74, 0x74, 0x74, 0x74, 0x74, 0x74, 0x74, 0x7d, 0x7d, 0x7e, 0x85, 0x7e, 0x74, 0x66, 0x72, 0x56, 0x44, 0x2c, 0x1d, 0x17, 0x17, 0x21, 0x21, 0x2a, 0x39, 0x45, 0x4e, 0x66, 0x7a, 0x88, 0x9a, 0x9c, 0x9c, 0x9a, 0x92, 0x7d, 0x71, 0x52, 0x3c, 0x3c, 0x3c, 0x3c, 0x3c, 0x26, 0x3c, 0x3c, 0x3c, 0x26, 0x3c, 0x3c, 0x3c, 0x3c, 0x3c, 0x3c, 0x3c, 0x52, 0x52, 0x71, 0x71, 0x71, 0x71, 0x71, 0x74, 0x92, 0x91, 0x91, 0x96, 0x7e, 0x95, 0x96, 0xb9, 0xe2, 0xe0, 0xe2, 0xe8, 0xe2, 0xe3, 0xe3, 0xd9, 0xd9, 0xd9, 0xcb, 0xcf, 0xd9, 0xdb, 0xdb, 0xdb, 0xdb, 0xdb, 0xdb, 0xd8, 0xc8, 0xb7, 0xa8, 0x9b, 0x8e, 0x79, 0x2d, 0x14, 0x12, 0x0e, 0x0e, 0x0f, 0x13,
  0xb5, 0xb5, 0xb5, 0xb5, 0xb2, 0xb5, 0xb2, 0xb2, 0xb1, 0xa7, 0xa7, 0x99, 0x8e, 0x8e, 0x8e, 0x8e, 0x8e, 0x8e, 0x8e, 0x82, 0x62, 0x62, 0x6f, 0x87, 0x8e, 0x8e, 0x8e, 0x88, 0x86, 0x86, 0x87, 0x7b, 0x6f, 0x6b, 0x4c, 0x2d, 0x29, 0x2d, 0x2f, 0x4e, 0x66, 0x66, 0x64, 0x67, 0x67, 0x69, 0x6c, 0x6c, 0x68, 0x65, 0x69, 0x67, 0x4f, 0x58, 0x67, 0x51, 0x51, 0x58, 0x4d, 0x51, 0x4f, 0x48, 0x48, 0x4f, 0x54, 0x47, 0x3b, 0x47, 0x54, 0x47, 0x34, 0x21, 0x24, 0x27, 0x1f, 0x1f, 0x27, 0x27, 0x1b, 0x1a, 0x13, 0x0d, 0x0a, 0x0a, 0x07, 0x06, 0x06, 0x06, 0x03, 0x02, 0x03, 0x08, 0x10, 0x23, 0x44, 0x66, 0x7a, 0x7a, 0x7b, 0x6f, 0x6e, 0x81, 0x82, 0x81, 0x84, 0x8d, 0x8d, 0x84, 0x81, 0x82, 0x82, 0x87, 0x86, 0x85, 0x7c, 0x7b, 0x6c, 0x63, 0x63, 0x63, 0x63, 0x65, 0x6b, 0x82, 0x87, 0x84, 0x8d, 0x90, 0xa5, 0xa5, 0xa4, 0xad, 0xac, 0xac, 0xc1, 0xc0, 0xac, 0xac, 0xac, 0xae, 0xac, 0xac, 0xac, 0xae, 0xac, 0xac, 0xae, 0xae, 0xac, 0xc0, 0xac, 0xaa, 0xac, 0xc0, 0xc1, 0xc1, 0xc1, 0xc1, 0xc1, 0xc5, 0xc1, 0xc0, 0xc1, 0xc0, 0xae, 0xc4, 0xc4, 0xc1, 0xc4, 0xc1, 0xc0, 0xc4, 0xc4, 0xc4, 0xc5, 0xc7, 0xc7, 0xc7, 0xc7, 0xc5, 0xc5, 0xc7, 0xc5, 0xc4, 0xc6, 0xd0, 0xd0, 0xd0, 0xca, 0xca, 0xd0, 0xd3, 0xd7, 0xd6, 0xd6, 0xd5, 0xd2, 0xd4, 0xd2, 0xd1, 0xd1, 0xc6, 0xc4, 0xc2, 0xc4, 0xc5, 0xc2, 0xae, 0xae, 0xae, 0xc3, 0xb7, 0xa7, 0x93, 0x85, 0x85, 0x7e, 0x7e, 0x7e, 0x7a, 0x7a, 0x7d, 0x7d, 0x7d, 0x7a, 0x7a, 0x72, 0x72, 0x5f, 0x53, 0x44, 0x2b, 0x21, 0x17, 0x16, 0x17, 0x12, 0x16, 0x21, 0x2a, 0x39, 0x45, 0x4f, 0x67, 0x73, 0x88, 0x99, 0x9a, 0x9c, 0x9a, 0x97, 0x92, 0x7d, 0x71, 0x71, 0x52, 0x3c, 0x3c, 0x3c, 0x26, 0x26, 0x3c, 0x3c, 0x3c, 0x3c, 0x3c, 0x3c, 0x52, 0x52, 0x52, 0x71, 0x71, 0x71, 0x71, 0x71, 0x71, 0x71, 0x71, 0x74, 0x91, 0x96, 0x96, 0x96, 0x7e, 0x96, 0x9f, 0xbc, 0xe0, 0xe0, 0xe8, 0xe8, 0xe4, 0xe3, 0xe3, 0xdb, 0xdb, 0xdb, 0xcf, 0xd8, 0xdb, 0xdb, 0xdb, 0xdb, 0xdb, 0xdb, 0xdd, 0xd8, 0xc8, 0xb7, 0xa8, 0x8f, 0x8e, 0x79, 0x2d, 0x14, 0x12, 0x0e, 0x0d, 0x0e, 0x12,
  0xb8, 0xb5, 0xb8, 0xb5, 0xb5, 0xb5, 0xb5, 0xb1, 0x9c, 0xa7, 0x9b, 0x8e, 0x88, 0x8e, 0x99, 0x99, 0x99, 0x99, 0x99, 0x87, 0x6a, 0x6a, 0x70, 0x86, 0x8e, 0x88, 0x88, 0x88, 0x87, 0x86, 0x86, 0x86, 0x70, 0x6b, 0x62, 0x40, 0x2d, 0x40, 0x49, 0x57, 0x66, 0x69, 0x67, 0x67, 0x6c, 0x73, 0x6d, 0x6d, 0x6c, 0x69, 0x69, 0x67, 0x58, 0x51, 0x64, 0x64, 0x64, 0x67, 0x4a, 0x58, 0x58, 0x48, 0x46, 0x4f, 0x48, 0x3b, 0x30, 0x47, 0x46, 0x3a, 0x34, 0x28, 0x28, 0x27, 0x27, 0x27, 0x1f, 0x1f, 0x1b, 0x16, 0x13, 0x0b, 0x0a, 0x0d, 0x0a, 0x07, 0x06, 0x07, 0x07, 0x03, 0x02, 0x05, 0x0c, 0x19, 0x35, 0x56, 0x73, 0x7a, 0x79, 0x6b, 0x6f, 0x6e, 0x6f, 0x81, 0x84, 0x8d, 0x87, 0x81, 0x6e, 0x6f, 0x70, 0x82, 0x86, 0x86, 0x86, 0x88, 0x7c, 0x6d, 0x6d, 0x79, 0x79, 0x82, 0x87, 0x8d, 0x8d, 0x8d, 0x8f, 0xa2, 0xa5, 0xa6, 0xac, 0xae, 0xaa, 0xae, 0xc0, 0xc0, 0xac, 0xab, 0xaa, 0xac, 0xaa, 0xac, 0xac, 0xae, 0xae, 0xac, 0xae, 0xae, 0xab, 0xac, 0xae, 0xac, 0xac, 0xc0, 0xc0, 0xc0, 0xc1, 0xc1, 0xc1, 0xc5, 0xc1, 0xc1, 0xc1, 0xae, 0xae, 0xc1, 0xc4, 0xc5, 0xc5, 0xc4, 0xc2, 0xc5, 0xc5, 0xc5, 0xc7, 0xc7, 0xc7, 0xc5, 0xc5, 0xc4, 0xc5, 0xc7, 0xc7, 0xc7, 0xd0, 0xd1, 0xd1, 0xd1, 0xd1, 0xd1, 0xd3, 0xd6, 0xd6, 0xd6, 0xdc, 0xdc, 0xda, 0xda, 0xda, 0xd6, 0xd5, 0xcb, 0xca, 0xc6, 0xc3, 0xc5, 0xc3, 0xc1, 0xc0, 0xb0, 0xb0, 0xa7, 0x8e, 0x8e, 0x85, 0x7a, 0x7a, 0x7c, 0x7a, 0x73, 0x73, 0x73, 0x73, 0x72, 0x72, 0x55, 0x3d, 0x44, 0x44, 0x36, 0x24, 0x23, 0x12, 0x12, 0x16, 0x1b, 0x16, 0x16, 0x28, 0x34, 0x39, 0x39, 0x48, 0x66, 0x68, 0x7c, 0x93, 0x9a, 0x9e, 0x9e, 0x9d, 0x97, 0x92, 0x91, 0x7d, 0x74, 0x71, 0x71, 0x3c, 0x3c, 0x3c, 0x3c, 0x3c, 0x3c, 0x3c, 0x3c, 0x52, 0x71, 0x71, 0x71, 0x71, 0x71, 0x71, 0x71, 0x71, 0x71, 0x71, 0x74, 0x74, 0x7e, 0x91, 0x96, 0x96, 0x96, 0x96, 0xb9, 0xbf, 0xbf, 0xe0, 0xe7, 0xe0, 0xdf, 0xe1, 0xe3, 0xd9, 0xd9, 0xd9, 0xd9, 0xd9, 0xd9, 0xdb, 0xdb, 0xdb, 0xdb, 0xdd, 0xda, 0xcf, 0xc8, 0xb7, 0xa7, 0x9b, 0x88, 0x73, 0x2f, 0x14, 0x13, 0x0e, 0x0d, 0x0a, 0x12,
  0xb8, 0xb5, 0xb8, 0xb8, 0xb5, 0xb5, 0xb5, 0xb2, 0xb2, 0xa7, 0x9b, 0x99, 0x99, 0x99, 0x9b, 0x9b, 0x9b, 0x9b, 0x9b, 0x8e, 0x82, 0x82, 0x82, 0x86, 0x88, 0x87, 0x87, 0x87, 0x8e, 0x86, 0x85, 0x86, 0x82, 0x7b, 0x6d, 0x50, 0x49, 0x4c, 0x4c, 0x63, 0x65, 0x6c, 0x6c, 0x6c, 0x79, 0x6d, 0x79, 0x79, 0x6c, 0x69, 0x6d, 0x67, 0x67, 0x58, 0x64, 0x69, 0x69, 0x67, 0x51, 0x58, 0x58, 0x46, 0x42, 0x48, 0x47, 0x30, 0x47, 0x47, 0x30, 0x2c, 0x39, 0x39, 0x2c, 0x28, 0x27, 0x1d, 0x1b, 0x1b, 0x1b, 0x16, 0x13, 0x0f, 0x0d, 0x0a, 0x0a, 0x07, 0x06, 0x0d, 0x07, 0x03, 0x05, 0x05, 0x08, 0x0c, 0x25, 0x52, 0x5e, 0x7a, 0x73, 0x6d, 0x6b, 0x6a, 0x6a, 0x6e, 0x82, 0x87, 0x87, 0x6f, 0x6e, 0x6e, 0x6f, 0x6f, 0x82, 0x87, 0x86, 0x86, 0x82, 0x86, 0x85, 0x82, 0x86, 0x87, 0x8d, 0x8f, 0x8f, 0x8f, 0xa2, 0xa2, 0xa2, 0xaa, 0xc0, 0xc0, 0xac, 0xc1, 0xc2, 0xc2, 0xc2, 0xae, 0xaa, 0xaa, 0xaa, 0xac, 0xac, 0xae, 0xae, 0xac, 0xae, 0xab, 0xa9, 0xaa, 0xae, 0xae, 0xc0, 0xae, 0xae, 0xc0, 0xc1, 0xc0, 0xc1, 0xc4, 0xc1, 0xc4, 0xc1, 0xc0, 0xc1, 0xc4, 0xc7, 0xc7, 0xc5, 0xc5, 0xc5, 0xc7, 0xc5, 0xc5, 0xc7, 0xc7, 0xc5, 0xc5, 0xc5, 0xc7, 0xd0, 0xd0, 0xc7, 0xd0, 0xd3, 0xd3, 0xd2, 0xd3, 0xd6, 0xd5, 0xd5, 0xdc, 0xdc, 0xdd, 0xde, 0xdd, 0xdb, 0xdb, 0xda, 0xdc, 0xda, 0xcb, 0xc9, 0xc9, 0xc6, 0xc6, 0xc3, 0xb0, 0xaf, 0xad, 0xa6, 0x8f, 0x87, 0x87, 0x7c, 0x6d, 0x73, 0x6c, 0x73, 0x68, 0x66, 0x57, 0x45, 0x44, 0x44, 0x2c, 0x24, 0x25, 0x25, 0x25, 0x16, 0x16, 0x16, 0x12, 0x13, 0x1b, 0x1b, 0x1d, 0x28, 0x34, 0x34, 0x3a, 0x48, 0x64, 0x66, 0x73, 0x86, 0x99, 0x9e, 0x9e, 0x9e, 0x9d, 0x9a, 0x97, 0x92, 0x91, 0x74, 0x71, 0x71, 0x71, 0x71, 0x52, 0x71, 0x71, 0x71, 0x71, 0x71, 0x71, 0x71, 0x71, 0x74, 0x74, 0x71, 0x71, 0x71, 0x74, 0x74, 0x7e, 0x7e, 0x96, 0x91, 0x91, 0x96, 0x98, 0x96, 0xba, 0xe0, 0xe2, 0xe2, 0xe0, 0xdf, 0xdf, 0xe3, 0xe6, 0xd8, 0xcf, 0xd9, 0xd9, 0xcf, 0xd8, 0xd9, 0xdb, 0xdd, 0xdd, 0xdd, 0xd8, 0xc8, 0xb7, 0xb2, 0xa7, 0x9b, 0x88, 0x73, 0x2f, 0x14, 0x0d, 0x0e, 0x0d, 0x0a, 0x0f,
  0xb5, 0xb5, 0xb8, 0xbd, 0xbd, 0xb5, 0xb1, 0xb1, 0xb2, 0xb1, 0xa7, 0xa7, 0x9c, 0x9c, 0xa7, 0xa7, 0x9c, 0x9c, 0x9b, 0x99, 0x8e, 0x88, 0x88, 0x8e, 0x88, 0x8e, 0x88, 0x88, 0x88, 0x86, 0x86, 0x88, 0x88, 0x85, 0x7b, 0x65, 0x49, 0x4c, 0x62, 0x6b, 0x6d, 0x79, 0x79, 0x79, 0x79, 0x6d, 0x6d, 0x6c, 0x68, 0x67, 0x69, 0x69, 0x67, 0x67, 0x67, 0x69, 0x69, 0x67, 0x64, 0x4b, 0x4f, 0x48, 0x46, 0x42, 0x47, 0x47, 0x48, 0x47, 0x3b, 0x3b, 0x39, 0x3a, 0x39, 0x34, 0x28, 0x1f, 0x27, 0x28, 0x1f, 0x1b, 0x1b, 0x1a, 0x13, 0x0d, 0x0d, 0x0d, 0x0d, 0x0e, 0x07, 0x03, 0x03, 0x05, 0x05, 0x08, 0x19, 0x33, 0x52, 0x72, 0x73, 0x79, 0x79, 0x6a, 0x62, 0x62, 0x6b, 0x82, 0x7b, 0x6a, 0x6a, 0x6a, 0x6e, 0x7b, 0x82, 0x82, 0x82, 0x82, 0x87, 0x87, 0x87, 0x87, 0x8e, 0x8d, 0x8f, 0x90, 0x90, 0x90, 0xa5, 0xad, 0xa4, 0xac, 0xc1, 0xc1, 0xc1, 0xc2, 0xc3, 0xc2, 0xb0, 0xb0, 0xaa, 0xaa, 0xac, 0xaa, 0xaa, 0xac, 0xac, 0xac, 0xae, 0xac, 0xaa, 0xab, 0xae, 0xae, 0xc0, 0xac, 0xac, 0xae, 0xae, 0xae, 0xc0, 0xc1, 0xc4, 0xc4, 0xc1, 0xc4, 0xc5, 0xc4, 0xc5, 0xc5, 0xc5, 0xc7, 0xc7, 0xca, 0xc7, 0xc7, 0xc7, 0xc7, 0xc5, 0xc7, 0xc7, 0xc7, 0xc7, 0xc7, 0xc7, 0xc7, 0xd1, 0xd1, 0xd1, 0xd2, 0xd6, 0xda, 0xd4, 0xd9, 0xde, 0xf4, 0xf5, 0xf4, 0xf1, 0xd8, 0xcf, 0xd4, 0xd4, 0xc8, 0xb7, 0xc9, 0xc8, 0xc3, 0xc3, 0xaf, 0xa5, 0x8f, 0x8f, 0x8d, 0x87, 0x86, 0x7b, 0x6d, 0x66, 0x50, 0x66, 0x57, 0x44, 0x44, 0x2b, 0x2b, 0x28, 0x1f, 0x1b, 0x16, 0x16, 0x1e, 0x13, 0x13, 0x1a, 0x16, 0x16, 0x1b, 0x16, 0x1d, 0x34, 0x39, 0x2b, 0x3b, 0x4f, 0x67, 0x66, 0x68, 0x85, 0x94, 0x9c, 0x9e, 0x9e, 0x9d, 0x9e, 0x9e, 0x97, 0x92, 0x7e, 0x71, 0x71, 0x71, 0x71, 0x71, 0x71, 0x71, 0x71, 0x71, 0x71, 0x71, 0x74, 0x74, 0x74, 0x7e, 0x7e, 0x74, 0x7e, 0x91, 0x7e, 0x91, 0x91, 0x96, 0x96, 0x92, 0x98, 0xb9, 0x97, 0xba, 0xe0, 0xe9, 0xeb, 0xe4, 0xdf, 0xe1, 0xe6, 0xe6, 0xdb, 0xd9, 0xdb, 0xd9, 0xcf, 0xcf, 0xd8, 0xdd, 0xf4, 0xdd, 0xda, 0xd4, 0xc8, 0xb7, 0xb5, 0xa7, 0x9b, 0x88, 0x73, 0x38, 0x14, 0x0d, 0x0e, 0x0d, 0x0d, 0x13,
  0xbd, 0xbd, 0xbd, 0xb5, 0xb5, 0xb2, 0xb2, 0xb2, 0xb2, 0x9c, 0x9c, 0x9c, 0x9c, 0x9c, 0x9b, 0x9b, 0x9c, 0x9c, 0x9c, 0x9c, 0x9b, 0x99, 0x99, 0x99, 0x88, 0x8e, 0x9b, 0x99, 0x86, 0x86, 0x88, 0x8e, 0x8e, 0x87, 0x82, 0x6b, 0x6a, 0x6b, 0x6f, 0x7b, 0x7b, 0x79, 0x6d, 0x79, 0x7c, 0x7b, 0x7b, 0x73, 0x6c, 0x66, 0x64, 0x69, 0x69, 0x67, 0x69, 0x69, 0x65, 0x64, 0x64, 0x43, 0x43, 0x48, 0x47, 0x46, 0x48, 0x48, 0x47, 0x3b, 0x3b, 0x3b, 0x2c, 0x34, 0x3a, 0x34, 0x2c, 0x27, 0x27, 0x27, 0x1f, 0x1f, 0x1f, 0x13, 0x13, 0x13, 0x0e, 0x0d, 0x0f, 0x0d, 0x06, 0x03, 0x03, 0x05, 0x05, 0x08, 0x0c, 0x1c, 0x26, 0x53, 0x72, 0x73, 0x79, 0x6b, 0x65, 0x62, 0x62, 0x70, 0x7b, 0x6b, 0x6b, 0x6b, 0x6f, 0x70, 0x7b, 0x82, 0x82, 0x84, 0x87, 0x87, 0x8d, 0x8f, 0xa5, 0x90, 0x90, 0xa5, 0xa6, 0xa6, 0xa6, 0xad, 0xad, 0xc1, 0xc2, 0xc3, 0xc5, 0xc6, 0xc6, 0xc3, 0xaf, 0xad, 0xa6, 0xa9, 0xaa, 0xac, 0xac, 0xae, 0xae, 0xac, 0xaa, 0xac, 0xab, 0xac, 0xae, 0xae, 0xc0, 0xac, 0xac, 0xac, 0xc0, 0xc0, 0xc4, 0xc4, 0xc1, 0xc1, 0xc4, 0xc5, 0xd0, 0xca, 0xc6, 0xca, 0xca, 0xc7, 0xca, 0xd0, 0xca, 0xc7, 0xc5, 0xc5, 0xc5, 0xc5, 0xc5, 0xc7, 0xc7, 0xc7, 0xc7, 0xc6, 0xca, 0xd1, 0xcb, 0xd2, 0xda, 0xdd, 0xdb, 0xf1, 0xf4, 0xf4, 0xf4, 0xf5, 0xf5, 0xcf, 0xb8, 0xb7, 0xb7, 0xb7, 0xa8, 0xb7, 0xc3, 0xaf, 0xa8, 0xa8, 0xa7, 0x8d, 0x8d, 0x84, 0x82, 0x7b, 0x6d, 0x68, 0x57, 0x57, 0x4e, 0x45, 0x2a, 0x24, 0x24, 0x25, 0x1d, 0x1b, 0x1b, 0x12, 0x13, 0x16, 0x12, 0x13, 0x1a, 0x1a, 0x16, 0x1d, 0x17, 0x24, 0x3a, 0x3a, 0x2b, 0x45, 0x57, 0x58, 0x50, 0x66, 0x7a, 0x88, 0x9a, 0x9e, 0x9e, 0x9c, 0xb1, 0xb4, 0x9e, 0x9d, 0x92, 0x7e, 0x92, 0x7e, 0x7e, 0x74, 0x74, 0x74, 0x74, 0x74, 0x74, 0x74, 0x7e, 0x74, 0x74, 0x7e, 0x91, 0x91, 0x92, 0x96, 0x91, 0x96, 0x96, 0x96, 0x96, 0x96, 0x9d, 0xba, 0x9d, 0xbc, 0xe7, 0xeb, 0xe8, 0xe0, 0xe3, 0xe3, 0xe6, 0xef, 0xd9, 0xd9, 0xdb, 0xf1, 0xdb, 0xdb, 0xdb, 0xdb, 0xdd, 0xda, 0xd4, 0xcb, 0xc8, 0xb7, 0xb7, 0xa7, 0x99, 0x88, 0x73, 0x2b, 0x14, 0x0a, 0x07, 0x07, 0x0d, 0x13,
  0xbd, 0xbd, 0xcc, 0xb8, 0xb5, 0xb2, 0xb5, 0xb5, 0xb2, 0xb1, 0xb1, 0xb1, 0x9c, 0xb1, 0xb1, 0x9c, 0x9c, 0x9c, 0x9c, 0x9c, 0x99, 0x99, 0x9b, 0x99, 0x8e, 0x8e, 0x99, 0x8e, 0x88, 0x88, 0x88, 0x88, 0x88, 0x86, 0x7c, 0x79, 0x7b, 0x82, 0x82, 0x82, 0x82, 0x7b, 0x79, 0x7b, 0x7c, 0x7c, 0x7c, 0x7a, 0x73, 0x69, 0x67, 0x69, 0x67, 0x67, 0x69, 0x63, 0x4d, 0x50, 0x64, 0x43, 0x4b, 0x48, 0x47, 0x48, 0x47, 0x30, 0x39, 0x39, 0x3b, 0x45, 0x39, 0x39, 0x3b, 0x3a, 0x34, 0x2c, 0x27, 0x1f, 0x1f, 0x27, 0x27, 0x16, 0x13, 0x1a, 0x13, 0x0d, 0x0d, 0x0a, 0x06, 0x06, 0x08, 0x05, 0x05, 0x0c, 0x0c, 0x15, 0x1c, 0x33, 0x56, 0x73, 0x6d, 0x79, 0x6b, 0x62, 0x62, 0x65, 0x6d, 0x6d, 0x6f, 0x70, 0x70, 0x7b, 0x70, 0x82, 0x87, 0x87, 0x8d, 0x8d, 0x8f, 0xa5, 0xa5, 0xa5, 0xa5, 0xa6, 0xad, 0xad, 0xa6, 0xad, 0xb0, 0xc4, 0xc6, 0xca, 0xd0, 0xca, 0xc3, 0xc3, 0xc3, 0xaf, 0xad, 0xaa, 0xaa, 0xaa, 0xac, 0xac, 0xac, 0xae, 0xaa, 0xa9, 0xa9, 0xab, 0xab, 0xab, 0xc0, 0xac, 0xc0, 0xc1, 0xc0, 0xc1, 0xc4, 0xc4, 0xc0, 0xc1, 0xc4, 0xc7, 0xd0, 0xca, 0xca, 0xca, 0xca, 0xc7, 0xc7, 0xca, 0xc7, 0xc7, 0xc7, 0xc7, 0xc5, 0xc5, 0xc7, 0xc6, 0xc5, 0xc6, 0xc7, 0xca, 0xca, 0xd2, 0xd5, 0xd5, 0xdd, 0xdd, 0xf0, 0xf4, 0xf5, 0xf5, 0xf5, 0xf5, 0xf5, 0xe6, 0xbd, 0xb2, 0x9b, 0x99, 0x8f, 0x8f, 0x90, 0x90, 0x8f, 0x8d, 0x8e, 0x84, 0x84, 0x81, 0x70, 0x6d, 0x69, 0x64, 0x57, 0x4e, 0x39, 0x2b, 0x2b, 0x25, 0x23, 0x18, 0x16, 0x1b, 0x1b, 0x16, 0x13, 0x16, 0x18, 0x1b, 0x1f, 0x1b, 0x1d, 0x1f, 0x24, 0x28, 0x3d, 0x54, 0x44, 0x53, 0x57, 0x4f, 0x50, 0x63, 0x73, 0x85, 0x9a, 0x9e, 0x9e, 0xb1, 0xb2, 0xb8, 0xb6, 0xb4, 0x9d, 0x97, 0x97, 0x96, 0x92, 0x92, 0x91, 0x91, 0x91, 0x91, 0x91, 0x7e, 0x7e, 0x91, 0x92, 0x92, 0x96, 0x96, 0x96, 0x96, 0x92, 0x96, 0x96, 0x9d, 0x97, 0x97, 0xa0, 0xa0, 0xba, 0xe2, 0xe7, 0xea, 0xeb, 0xe4, 0xe4, 0xe5, 0xf2, 0xef, 0xdb, 0xdd, 0xd9, 0xd9, 0xd9, 0xdb, 0xdd, 0xd9, 0xd9, 0xda, 0xc9, 0xb7, 0xb7, 0xb5, 0xb2, 0xa7, 0x8e, 0x88, 0x73, 0x33, 0x14, 0x0b, 0x07, 0x07, 0x0d, 0x18,
  0xbd, 0xbd, 0xbd, 0xb8, 0xb5, 0xb2, 0xb5, 0xb5, 0xb5, 0xb1, 0xb1, 0xb1, 0x9c, 0x9c, 0xb1, 0xb1, 0x9c, 0x9c, 0x9c, 0x9b, 0x9b, 0x9b, 0x9b, 0x9b, 0x99, 0x8e, 0x8e, 0x8e, 0x8e, 0x8e, 0x8e, 0x88, 0x87, 0x85, 0x85, 0x7b, 0x7b, 0x7b, 0x82, 0x82, 0x82, 0x82, 0x7b, 0x7b, 0x79, 0x79, 0x85, 0x79, 0x73, 0x6c, 0x73, 0x79, 0x69, 0x67, 0x69, 0x64, 0x50, 0x50, 0x64, 0x4e, 0x58, 0x4f, 0x46, 0x48, 0x30, 0x30, 0x3b, 0x3b, 0x3b, 0x3b, 0x47, 0x46, 0x3b, 0x3a, 0x34, 0x34, 0x28, 0x1f, 0x27, 0x1f, 0x1f, 0x1f, 0x1b, 0x13, 0x13, 0x0f, 0x0f, 0x0a, 0x06, 0x0c, 0x08, 0x08, 0x08, 0x0c, 0x08, 0x08, 0x15, 0x1c, 0x38, 0x56, 0x66, 0x73, 0x6d, 0x6b, 0x63, 0x63, 0x6d, 0x70, 0x6f, 0x70, 0x7b, 0x70, 0x70, 0x85, 0x87, 0x87, 0x8d, 0x8f, 0xa5, 0xa6, 0xa5, 0xa5, 0xa5, 0xa5, 0xa6, 0xad, 0xad, 0xb0, 0xc2, 0xc3, 0xc6, 0xd1, 0xd2, 0xc9, 0xc3, 0xc9, 0xc9, 0xb0, 0xa6, 0xa4, 0xad, 0xae, 0xad, 0xad, 0xad, 0xaa, 0xa1, 0xa3, 0xa3, 0xaa, 0xaa, 0xab, 0xc0, 0xae, 0xc1, 0xc2, 0xc4, 0xc4, 0xc4, 0xc4, 0xc4, 0xc4, 0xc4, 0xc7, 0xd0, 0xca, 0xd0, 0xd1, 0xd0, 0xca, 0xca, 0xca, 0xc6, 0xc6, 0xc7, 0xc7, 0xc5, 0xc4, 0xc5, 0xc5, 0xc7, 0xc7, 0xca, 0xd1, 0xd1, 0xd5, 0xdc, 0xda, 0xdd, 0xde, 0xf0, 0xf5, 0xf5, 0xf5, 0xf6, 0xf5, 0xf5, 0xf5, 0xce, 0xb7, 0x8e, 0x84, 0x81, 0x84, 0x83, 0x81, 0x83, 0x81, 0x81, 0x6f, 0x6f, 0x6e, 0x6b, 0x6b, 0x63, 0x4e, 0x45, 0x4e, 0x45, 0x2c, 0x28, 0x1f, 0x1d, 0x13, 0x1a, 0x1b, 0x13, 0x16, 0x13, 0x13, 0x1a, 0x1a, 0x1a, 0x16, 0x1d, 0x27, 0x28, 0x2c, 0x39, 0x45, 0x44, 0x45, 0x4f, 0x4f, 0x4e, 0x63, 0x68, 0x7c, 0x94, 0x9c, 0x9e, 0xb1, 0xb1, 0xb6, 0xbe, 0xbb, 0xb3, 0x9a, 0x97, 0x97, 0x97, 0x96, 0x92, 0x92, 0x92, 0x92, 0x92, 0x92, 0x7e, 0x92, 0x96, 0x96, 0x93, 0x93, 0x97, 0x93, 0x97, 0x97, 0x97, 0xb4, 0x9a, 0x9e, 0xbb, 0xb2, 0xdf, 0xeb, 0xe8, 0xe9, 0xeb, 0xe4, 0xe5, 0xf2, 0xf0, 0xdb, 0xdb, 0xdd, 0xd9, 0xdb, 0xf1, 0xf0, 0xf0, 0xdd, 0xdd, 0xd5, 0xb7, 0xa7, 0x90, 0x9b, 0xa7, 0xa7, 0x8e, 0x88, 0x73, 0x38, 0x1c, 0x0d, 0x07, 0x07, 0x0f, 0x18,
  0xcc, 0xcc, 0xbd, 0xb5, 0xb2, 0xb2, 0xb2, 0xb5, 0xb2, 0xb1, 0xb2, 0xb5, 0xb2, 0xb1, 0xb1, 0x9c, 0x9c, 0x9c, 0x9c, 0x9c, 0x9c, 0x9b, 0xa7, 0xa7, 0x8f, 0x8f, 0x99, 0x8e, 0x8e, 0x8e, 0x8e, 0x8e, 0x88, 0x86, 0x82, 0x82, 0x82, 0x82, 0x82, 0x85, 0x7b, 0x7b, 0x7b, 0x7b, 0x79, 0x7b, 0x7c, 0x79, 0x6d, 0x6c, 0x79, 0x73, 0x69, 0x69, 0x69, 0x66, 0x64, 0x50, 0x64, 0x58, 0x4f, 0x4f, 0x43, 0x43, 0x42, 0x45, 0x39, 0x39, 0x39, 0x3b, 0x54, 0x47, 0x3b, 0x3d, 0x3a, 0x3a, 0x2c, 0x24, 0x27, 0x27, 0x27, 0x27, 0x1b, 0x13, 0x0f, 0x0f, 0x1a, 0x0f, 0x0d, 0x07, 0x07, 0x06, 0x08, 0x0c, 0x0c, 0x04, 0x09, 0x11, 0x26, 0x3c, 0x53, 0x73, 0x73, 0x79, 0x6b, 0x68, 0x6d, 0x70, 0x6f, 0x6f, 0x82, 0x81, 0x70, 0x88, 0x8e, 0x8d, 0x90, 0xa5, 0xa6, 0xa6, 0xad, 0xad, 0xad, 0xa6, 0xaa, 0xaa, 0xae, 0xc4, 0xc3, 0xc6, 0xc9, 0xc9, 0xc9, 0xc9, 0xc9, 0xd2, 0xd0, 0xc2, 0xa6, 0xa4, 0xad, 0xad, 0xad, 0xad, 0xad, 0xa4, 0x8c, 0x8c, 0xa3, 0xa4, 0xaa, 0xae, 0xac, 0xae, 0xc1, 0xae, 0xc2, 0xc5, 0xc2, 0xc4, 0xc5, 0xc5, 0xc7, 0xd0, 0xd1, 0xd1, 0xd1, 0xd2, 0xd1, 0xca, 0xca, 0xc9, 0xc6, 0xc7, 0xc7, 0xc7, 0xc4, 0xc5, 0xc7, 0xc7, 0xc7, 0xd0, 0xd0, 0xd0, 0xd3, 0xd3, 0xd5, 0xd6, 0xdc, 0xde, 0xf1, 0xf5, 0xf4, 0xf4, 0xf6, 0xf6, 0xf5, 0xf2, 0xcf, 0xc8, 0x9b, 0x84, 0x81, 0x6e, 0x6e, 0x6e, 0x6e, 0x6e, 0x6e, 0x6a, 0x6a, 0x6a, 0x65, 0x68, 0x50, 0x40, 0x40, 0x4e, 0x48, 0x39, 0x2c, 0x28, 0x27, 0x1d, 0x1a, 0x13, 0x13, 0x13, 0x1a, 0x13, 0x13, 0x16, 0x1b, 0x1f, 0x24, 0x28, 0x32, 0x28, 0x34, 0x3a, 0x30, 0x47, 0x4e, 0x4e, 0x4e, 0x57, 0x68, 0x7a, 0x88, 0x9b, 0x9c, 0x9c, 0x9c, 0xb2, 0xbd, 0xbd, 0xbb, 0xb2, 0x9a, 0x9a, 0x97, 0x94, 0x97, 0x93, 0x92, 0x92, 0x92, 0x92, 0x92, 0x93, 0x9a, 0x93, 0x99, 0x99, 0x9b, 0x9b, 0x9b, 0xa7, 0xa7, 0xb7, 0xb2, 0xb5, 0xcc, 0xcc, 0xce, 0xeb, 0xea, 0xe4, 0xe4, 0xe5, 0xf2, 0xf2, 0xef, 0xdb, 0xf0, 0xdb, 0xdb, 0xf0, 0xf4, 0xf4, 0xf4, 0xf4, 0xdd, 0xd5, 0xaf, 0x90, 0x8f, 0x8f, 0xa7, 0xa7, 0x99, 0x86, 0x6b, 0x44, 0x20, 0x0d, 0x0d, 0x0d, 0x13, 0x1a,
  0xcc, 0xbd, 0xbd, 0xb8, 0xb2, 0xb2, 0xb5, 0xb2, 0xb5, 0xb5, 0xb5, 0xb5, 0xb5, 0xb2, 0x9c, 0x9b, 0x9b, 0x9c, 0x9c, 0x9c, 0x9b, 0x99, 0x9b, 0x9b, 0x8e, 0x8e, 0x99, 0x8e, 0x88, 0x8e, 0x8e, 0x88, 0x87, 0x87, 0x87, 0x86, 0x82, 0x82, 0x86, 0x82, 0x7b, 0x79, 0x79, 0x7b, 0x79, 0x7b, 0x79, 0x79, 0x6c, 0x6d, 0x79, 0x79, 0x73, 0x6c, 0x69, 0x64, 0x50, 0x58, 0x51, 0x4d, 0x4a, 0x48, 0x4b, 0x4f, 0x46, 0x46, 0x39, 0x39, 0x3b, 0x47, 0x47, 0x3b, 0x3b, 0x54, 0x3b, 0x3a, 0x3a, 0x28, 0x27, 0x27, 0x27, 0x1f, 0x1b, 0x1a, 0x0f, 0x0d, 0x0f, 0x13, 0x0d, 0x07, 0x0d, 0x06, 0x0c, 0x0c, 0x0c, 0x04, 0x09, 0x08, 0x15, 0x26, 0x38, 0x56, 0x73, 0x7a, 0x79, 0x79, 0x79, 0x7b, 0x70, 0x81, 0x81, 0x81, 0x82, 0x88, 0x8e, 0x90, 0xa5, 0xa6, 0xad, 0xad, 0xad, 0xad, 0xad, 0xad, 0xae, 0xc2, 0xc3, 0xc6, 0xc9, 0xd2, 0xd2, 0xd4, 0xd4, 0xd4, 0xd4, 0xd2, 0xca, 0xc2, 0xb0, 0xad, 0xad, 0xad, 0xad, 0xad, 0xa6, 0xa4, 0x8b, 0x8b, 0xa4, 0xaa, 0xaa, 0xac, 0xac, 0xae, 0xae, 0xac, 0xae, 0xc2, 0xc2, 0xc2, 0xc4, 0xc5, 0xd0, 0xd1, 0xd1, 0xd2, 0xd2, 0xd2, 0xd1, 0xca, 0xc6, 0xc3, 0xc6, 0xc7, 0xc5, 0xc5, 0xc5, 0xc5, 0xc7, 0xc5, 0xc4, 0xc7, 0xca, 0xd0, 0xd0, 0xd1, 0xd2, 0xda, 0xde, 0xdd, 0xf1, 0xf4, 0xf0, 0xf0, 0xf5, 0xf5, 0xef, 0xd8, 0xd8, 0xd4, 0xa8, 0x8e, 0x87, 0x6f, 0x6e, 0x6e, 0x6a, 0x6a, 0x6a, 0x62, 0x62, 0x63, 0x63, 0x64, 0x66, 0x41, 0x40, 0x42, 0x46, 0x3b, 0x3a, 0x34, 0x27, 0x1d, 0x1d, 0x1a, 0x1a, 0x1b, 0x1b, 0x1b, 0x13, 0x1b, 0x27, 0x27, 0x28, 0x34, 0x34, 0x34, 0x3a, 0x54, 0x47, 0x47, 0x42, 0x46, 0x4f, 0x57, 0x69, 0x79, 0x88, 0x99, 0x9c, 0x9c, 0x9c, 0xb1, 0xb8, 0xbd, 0xbe, 0xcd, 0xbd, 0xb4, 0x9c, 0x9a, 0x9a, 0x9a, 0x93, 0x93, 0x93, 0x9a, 0x97, 0x9a, 0x9e, 0x9a, 0x9b, 0xa7, 0xa7, 0xa8, 0xa8, 0xaf, 0xa8, 0xb7, 0xce, 0xcf, 0xcf, 0xce, 0xe3, 0xe5, 0xe9, 0xe5, 0xeb, 0xf2, 0xf2, 0xf5, 0xf5, 0xf4, 0xf4, 0xf1, 0xdb, 0xdb, 0xf1, 0xf5, 0xf4, 0xf1, 0xf1, 0xd4, 0xa8, 0x90, 0x8f, 0x90, 0xa8, 0xa7, 0x8e, 0x86, 0x6d, 0x44, 0x23, 0x18, 0x0e, 0x0f, 0x1a, 0x1a,
  0xcc, 0xbd, 0xbd, 0xb8, 0xb5, 0xb8, 0xb6, 0xb6, 0xb6, 0xb5, 0xb5, 0xb5, 0xb5, 0xb1, 0xb1, 0xb2, 0xb1, 0xb1, 0xb1, 0x9c, 0x9b, 0x99, 0x9b, 0x8e, 0x8e, 0x8e, 0x8e, 0x8e, 0x8e, 0x87, 0x87, 0x87, 0x87, 0x87, 0x87, 0x86, 0x86, 0x85, 0x82, 0x82, 0x7b, 0x79, 0x79, 0x7b, 0x7b, 0x7b, 0x79, 0x79, 0x6d, 0x6d, 0x79, 0x79, 0x79, 0x6d, 0x6c, 0x67, 0x67, 0x67, 0x51, 0x4a, 0x4a, 0x48, 0x48, 0x43, 0x30, 0x46, 0x54, 0x54, 0x47, 0x47, 0x3b, 0x3b, 0x3b, 0x3b, 0x3a, 0x3a, 0x3a, 0x34, 0x2c, 0x34, 0x34, 0x27, 0x1f, 0x1b, 0x13, 0x0f, 0x0f, 0x0d, 0x0a, 0x0d, 0x18, 0x0d, 0x0a, 0x0c, 0x06, 0x05, 0x04, 0x05, 0x11, 0x11, 0x1c, 0x38, 0x56, 0x74, 0x73, 0x79, 0x7c, 0x85, 0x86, 0x87, 0x84, 0x84, 0x8d, 0x8d, 0x8f, 0x90, 0xa5, 0xa6, 0xa6, 0xa6, 0xa6, 0xa5, 0xa6, 0xad, 0xc3, 0xca, 0xca, 0xc8, 0xcb, 0xda, 0xda, 0xdd, 0xdd, 0xdd, 0xd4, 0xcb, 0xc3, 0xaf, 0xad, 0xaa, 0xad, 0xb0, 0xc3, 0xae, 0xa6, 0xa6, 0xa1, 0x8c, 0xa9, 0xac, 0xae, 0xae, 0xaa, 0xac, 0xac, 0xac, 0xac, 0xaa, 0xae, 0xc1, 0xc5, 0xc5, 0xc6, 0xca, 0xd0, 0xd2, 0xd3, 0xd1, 0xd1, 0xca, 0xc3, 0xca, 0xca, 0xc7, 0xc5, 0xc4, 0xc2, 0xc4, 0xc5, 0xc4, 0xc4, 0xc5, 0xd0, 0xd0, 0xd0, 0xd1, 0xd2, 0xda, 0xdc, 0xda, 0xd8, 0xf2, 0xf4, 0xf4, 0xf2, 0xef, 0xef, 0xd8, 0xd8, 0xd8, 0xc8, 0xb2, 0x9b, 0x88, 0x6f, 0x6a, 0x6a, 0x6a, 0x62, 0x62, 0x63, 0x63, 0x4d, 0x49, 0x4f, 0x4f, 0x4e, 0x45, 0x47, 0x47, 0x3a, 0x34, 0x27, 0x1d, 0x1f, 0x1f, 0x1b, 0x16, 0x1b, 0x1f, 0x1b, 0x1b, 0x27, 0x27, 0x28, 0x32, 0x34, 0x34, 0x3d, 0x54, 0x47, 0x46, 0x46, 0x4f, 0x57, 0x57, 0x67, 0x73, 0x85, 0x99, 0x9c, 0x9c, 0x9c, 0xb1, 0xb4, 0xbd, 0xcd, 0xe5, 0xe5, 0xe1, 0xbd, 0xb6, 0xb2, 0x9c, 0x9c, 0x9c, 0x9c, 0xb2, 0xb1, 0xb1, 0xb6, 0xb5, 0xb5, 0xb7, 0xaf, 0xa8, 0xaf, 0xaf, 0x90, 0xb7, 0xd4, 0xd8, 0xdb, 0xe6, 0xf2, 0xf2, 0xf2, 0xf2, 0xf2, 0xe6, 0xf2, 0xf5, 0xf5, 0xf4, 0xf4, 0xf1, 0xdb, 0xdb, 0xf0, 0xf4, 0xf4, 0xdb, 0xda, 0xcb, 0xc8, 0xa8, 0x90, 0x9b, 0xa7, 0xa7, 0x8e, 0x88, 0x7c, 0x53, 0x26, 0x1e, 0x1a, 0x13, 0x13, 0x13,
  0xce, 0xcc, 0xcc, 0xbd, 0xb8, 0xb8, 0xb8, 0xb8, 0xb8, 0xb8, 0xb5, 0xb2, 0xb5, 0xb2, 0xb1, 0xb2, 0xb1, 0xb2, 0xb1, 0x99, 0x99, 0x99, 0x9b, 0x8e, 0x88, 0x8e, 0x8e, 0x87, 0x87, 0x8e, 0x87, 0x87, 0x87, 0x87, 0x86, 0x86, 0x88, 0x86, 0x85, 0x7c, 0x7c, 0x79, 0x79, 0x7c, 0x85, 0x7b, 0x79, 0x7b, 0x79, 0x79, 0x79, 0x79, 0x73, 0x6c, 0x6c, 0x69, 0x64, 0x4d, 0x4d, 0x4d, 0x4a, 0x48, 0x4b, 0x4f, 0x48, 0x47, 0x54, 0x54, 0x54, 0x47, 0x47, 0x54, 0x47, 0x3a, 0x3d, 0x3d, 0x3a, 0x34, 0x2c, 0x28, 0x28, 0x27, 0x1f, 0x1f, 0x1a, 0x13, 0x13, 0x0d, 0x0b, 0x13, 0x1b, 0x13, 0x0a, 0x0a, 0x0a, 0x08, 0x05, 0x08, 0x05, 0x04, 0x11, 0x26, 0x3c, 0x53, 0x73, 0x7a, 0x7c, 0x86, 0x88, 0x8e, 0x8d, 0x87, 0x8d, 0x8f, 0x8f, 0x90, 0xa5, 0xa6, 0xa6, 0xa5, 0xa5, 0xa2, 0xa5, 0xa6, 0xaf, 0xc6, 0xc9, 0xd4, 0xd8, 0xdb, 0xef, 0xf0, 0xdb, 0xd8, 0xd9, 0xd4, 0xc8, 0xc3, 0xb0, 0xaa, 0xac, 0xac, 0xae, 0xc1, 0xaa, 0xa4, 0xa3, 0xa3, 0xa9, 0xac, 0xae, 0xc1, 0xac, 0xaa, 0xae, 0xae, 0xac, 0xab, 0xae, 0xae, 0xc4, 0xc6, 0xca, 0xca, 0xc6, 0xd1, 0xd3, 0xd1, 0xd2, 0xd1, 0xca, 0xca, 0xca, 0xc7, 0xc5, 0xc2, 0xae, 0xc1, 0xc2, 0xc2, 0xc4, 0xc4, 0xc7, 0xd1, 0xd0, 0xd2, 0xd6, 0xda, 0xda, 0xd4, 0xd8, 0xf2, 0xf2, 0xf4, 0xf4, 0xd8, 0xcf, 0xcf, 0xd8, 0xd8, 0xd8, 0xce, 0xb5, 0x99, 0x82, 0x6a, 0x6a, 0x6a, 0x62, 0x63, 0x65, 0x63, 0x4e, 0x43, 0x47, 0x4f, 0x59, 0x54, 0x3b, 0x3a, 0x34, 0x2c, 0x27, 0x1f, 0x27, 0x27, 0x1f, 0x1b, 0x1f, 0x27, 0x27, 0x1b, 0x1f, 0x28, 0x28, 0x28, 0x34, 0x34, 0x3d, 0x3d, 0x3b, 0x3b, 0x46, 0x57, 0x59, 0x59, 0x66, 0x68, 0x7a, 0x88, 0x99, 0x9c, 0x9c, 0x9c, 0x9e, 0xb4, 0xcd, 0xe5, 0xf2, 0xf2, 0xf2, 0xe6, 0xe1, 0xcc, 0xb8, 0xcc, 0xcc, 0xce, 0xe1, 0xcd, 0xce, 0xd8, 0xc8, 0xc8, 0xc3, 0xaf, 0xad, 0xb0, 0xaf, 0xc9, 0xd4, 0xd9, 0xf4, 0xf1, 0xf2, 0xf4, 0xf5, 0xf1, 0xef, 0xdb, 0xef, 0xf4, 0xef, 0xef, 0xf0, 0xf1, 0xf0, 0xf1, 0xf4, 0xf4, 0xf4, 0xf0, 0xd9, 0xd2, 0xcb, 0xb7, 0xa8, 0xa8, 0xa7, 0x9b, 0x8e, 0x82, 0x6c, 0x44, 0x25, 0x1e, 0x1b, 0x1a, 0x0f, 0x0d,
  0xcd, 0xcc, 0xcc, 0xcc, 0xbd, 0xb8, 0xbd, 0xb8, 0xb8, 0xb8, 0xb6, 0xb5, 0xb6, 0xb5, 0xb1, 0xb1, 0xb1, 0xb2, 0xb1, 0x9c, 0x9b, 0x9b, 0x9b, 0x8e, 0x88, 0x8e, 0x8e, 0x86, 0x86, 0x88, 0x88, 0x87, 0x87, 0x87, 0x86, 0x86, 0x88, 0x86, 0x86, 0x7c, 0x79, 0x79, 0x79, 0x7c, 0x7c, 0x7b, 0x79, 0x7b, 0x79, 0x79, 0x6c, 0x68, 0x6c, 0x69, 0x67, 0x67, 0x50, 0x51, 0x51, 0x51, 0x51, 0x4b, 0x4f, 0x58, 0x57, 0x47, 0x47, 0x47, 0x3b, 0x3b, 0x54, 0x54, 0x54, 0x34, 0x34, 0x3d, 0x3d, 0x34, 0x28, 0x28, 0x28, 0x27, 0x1f, 0x1b, 0x1b, 0x18, 0x13, 0x12, 0x12, 0x13, 0x1a, 0x1a, 0x0b, 0x0d, 0x18, 0x0c, 0x0c, 0x05, 0x05, 0x05, 0x11, 0x15, 0x1c, 0x33, 0x53, 0x72, 0x73, 0x85, 0x88, 0x8e, 0x8e, 0x87, 0x8d, 0x8f, 0x90, 0x90, 0x90, 0xa5, 0x90, 0xa5, 0xa5, 0xa5, 0xa5, 0xaf, 0xc3, 0xb7, 0xc8, 0xdb, 0xf0, 0xe6, 0xe6, 0xef, 0xe6, 0xd8, 0xef, 0xd9, 0xc9, 0xc3, 0xc2, 0xae, 0xa9, 0xaa, 0xae, 0xc1, 0xad, 0xaa, 0xa9, 0xa3, 0xa9, 0xac, 0xac, 0xac, 0xae, 0xac, 0xad, 0xae, 0xab, 0xab, 0xc0, 0xc1, 0xc4, 0xc6, 0xca, 0xca, 0xd0, 0xd1, 0xd1, 0xca, 0xca, 0xd1, 0xd1, 0xca, 0xca, 0xc7, 0xc5, 0xc2, 0xc1, 0xc1, 0xc4, 0xc4, 0xc5, 0xc6, 0xc7, 0xd0, 0xd0, 0xd1, 0xd6, 0xda, 0xda, 0xd4, 0xef, 0xf2, 0xef, 0xf1, 0xf4, 0xd8, 0xc8, 0xc8, 0xcb, 0xd8, 0xe6, 0xe6, 0xce, 0xb2, 0x93, 0x82, 0x6e, 0x6a, 0x63, 0x65, 0x63, 0x64, 0x4f, 0x46, 0x48, 0x54, 0x54, 0x54, 0x3b, 0x34, 0x34, 0x34, 0x2c, 0x27, 0x27, 0x1f, 0x1f, 0x31, 0x32, 0x34, 0x34, 0x1f, 0x31, 0x34, 0x28, 0x34, 0x36, 0x36, 0x3a, 0x3d, 0x3a, 0x39, 0x47, 0x54, 0x57, 0x57, 0x57, 0x68, 0x7a, 0x86, 0x99, 0x99, 0x94, 0x9c, 0x9c, 0xb1, 0xcc, 0xe5, 0xf2, 0xf2, 0xf2, 0xf2, 0xf2, 0xf2, 0xe6, 0xef, 0xf0, 0xf0, 0xf5, 0xf2, 0xef, 0xdb, 0xcb, 0xc8, 0xb0, 0xaf, 0xaf, 0xb0, 0xca, 0xcb, 0xd4, 0xdb, 0xf1, 0xf1, 0xef, 0xf1, 0xf1, 0xf1, 0xf1, 0xf0, 0xf0, 0xef, 0xef, 0xef, 0xf0, 0xf0, 0xf1, 0xf4, 0xf4, 0xf4, 0xf5, 0xf4, 0xdd, 0xd4, 0xcb, 0xb7, 0xb7, 0xb7, 0xa7, 0x9b, 0x8e, 0x85, 0x68, 0x44, 0x23, 0x18, 0x1b, 0x1a, 0x13, 0x12,
  0xcc, 0xcc, 0xcc, 0xcc, 0xcc, 0xcc, 0xcc, 0xbd, 0xb6, 0xb8, 0xb8, 0xb5, 0xb8, 0xb5, 0xb1, 0xb1, 0xb1, 0xb1, 0xb5, 0xb2, 0xb1, 0x9c, 0x9b, 0x99, 0x88, 0x8e, 0x88, 0x86, 0x86, 0x86, 0x86, 0x86, 0x86, 0x86, 0x86, 0x86, 0x86, 0x86, 0x85, 0x7c, 0x6d, 0x6b, 0x79, 0x79, 0x79, 0x79, 0x7b, 0x7b, 0x79, 0x79, 0x6d, 0x69, 0x6c, 0x69, 0x67, 0x67, 0x67, 0x67, 0x67, 0x64, 0x64, 0x58, 0x4f, 0x48, 0x57, 0x48, 0x3b, 0x3b, 0x3b, 0x3b, 0x54, 0x54, 0x54, 0x3a, 0x34, 0x3a, 0x3d, 0x3a, 0x2c, 0x28, 0x28, 0x31, 0x31, 0x31, 0x25, 0x1b, 0x1b, 0x16, 0x13, 0x13, 0x13, 0x13, 0x0d, 0x0d, 0x18, 0x0d, 0x0c, 0x03, 0x08, 0x0c, 0x0c, 0x15, 0x11, 0x15, 0x26, 0x38, 0x56, 0x73, 0x7c, 0x86, 0x86, 0x88, 0x8e, 0x8e, 0x8d, 0x8f, 0x90, 0x90, 0x90, 0xa5, 0xa5, 0xa5, 0xaf, 0xb7, 0xc8, 0xce, 0xcf, 0xe6, 0xf4, 0xef, 0xef, 0xf2, 0xf2, 0xf0, 0xf1, 0xd9, 0xc9, 0xc3, 0xc3, 0xc1, 0xaa, 0xae, 0xc1, 0xc0, 0xae, 0xae, 0xac, 0xaa, 0xae, 0xc1, 0xae, 0xae, 0xc1, 0xae, 0xad, 0xae, 0xac, 0xac, 0xc1, 0xc1, 0xc4, 0xc6, 0xc6, 0xca, 0xd0, 0xd1, 0xd1, 0xc6, 0xc6, 0xca, 0xc6, 0xc7, 0xca, 0xc7, 0xc5, 0xc4, 0xc2, 0xc4, 0xc2, 0xc5, 0xc7, 0xc5, 0xca, 0xd0, 0xd0, 0xd1, 0xd5, 0xd4, 0xd4, 0xda, 0xf0, 0xef, 0xdb, 0xef, 0xef, 0xcf, 0xc8, 0xb7, 0xc8, 0xd8, 0xf2, 0xf6, 0xf6, 0xe3, 0xb5, 0x94, 0x7c, 0x6a, 0x6a, 0x65, 0x63, 0x66, 0x50, 0x4f, 0x54, 0x54, 0x47, 0x3d, 0x3b, 0x3a, 0x3a, 0x3a, 0x34, 0x2c, 0x27, 0x31, 0x1f, 0x31, 0x32, 0x34, 0x34, 0x31, 0x31, 0x34, 0x2c, 0x36, 0x36, 0x36, 0x3d, 0x3d, 0x3b, 0x47, 0x54, 0x48, 0x47, 0x48, 0x57, 0x73, 0x7c, 0x88, 0x99, 0x99, 0x99, 0x9c, 0x9c, 0x9c, 0xb8, 0xe5, 0xf2, 0xf2, 0xf2, 0xf5, 0xf2, 0xf5, 0xf5, 0xf5, 0xf5, 0xf1, 0xf1, 0xf1, 0xef, 0xd9, 0xd4, 0xcb, 0xc9, 0xc8, 0xc9, 0xc9, 0xd2, 0xd5, 0xda, 0xda, 0xdb, 0xef, 0xdb, 0xf0, 0xdd, 0xf1, 0xf1, 0xf0, 0xdb, 0xdb, 0xef, 0xf1, 0xf1, 0xdb, 0xdb, 0xf4, 0xf4, 0xf1, 0xf1, 0xf4, 0xf1, 0xd5, 0xcb, 0xcb, 0xc9, 0xb7, 0xa7, 0x9b, 0x99, 0x88, 0x73, 0x44, 0x25, 0x18, 0x1a, 0x1a, 0x1a, 0x1b,
  0xcd, 0xcd, 0xcc, 0xcc, 0xcd, 0xcc, 0xcc, 0xcc, 0xbd, 0xb8, 0xb8, 0xb8, 0xb8, 0xb2, 0xb2, 0xb5, 0xb5, 0xb1, 0xb5, 0xb2, 0x9c, 0x9b, 0x99, 0x94, 0x8e, 0x88, 0x88, 0x85, 0x7c, 0x7c, 0x7b, 0x7b, 0x7c, 0x7c, 0x85, 0x86, 0x86, 0x85, 0x85, 0x7c, 0x6c, 0x68, 0x73, 0x79, 0x70, 0x7b, 0x7c, 0x7c, 0x7b, 0x79, 0x79, 0x79, 0x6c, 0x68, 0x64, 0x67, 0x69, 0x69, 0x67, 0x58, 0x64, 0x69, 0x58, 0x48, 0x57, 0x55, 0x47, 0x47, 0x54, 0x47, 0x54, 0x55, 0x55, 0x47, 0x3a, 0x3a, 0x3a, 0x3a, 0x2c, 0x2c, 0x34, 0x2c, 0x32, 0x36, 0x1f, 0x1a, 0x1e, 0x1e, 0x25, 0x25, 0x1b, 0x18, 0x0d, 0x0d, 0x0d, 0x0d, 0x18, 0x0c, 0x0c, 0x0c, 0x0c, 0x19, 0x0c, 0x10, 0x14, 0x1c, 0x33, 0x55, 0x72, 0x7a, 0x7c, 0x86, 0x88, 0x87, 0x87, 0x8d, 0x90, 0xa5, 0xa5, 0xa6, 0xa6, 0xa8, 0xb7, 0xc8, 0xd8, 0xe6, 0xe6, 0xef, 0xf1, 0xef, 0xef, 0xf2, 0xf2, 0xef, 0xef, 0xd4, 0xc8, 0xc6, 0xc3, 0xc1, 0xae, 0xc0, 0xc1, 0xae, 0xc1, 0xc1, 0xc0, 0xae, 0xc1, 0xc1, 0xae, 0xae, 0xc1, 0xc1, 0xac, 0xae, 0xae, 0xae, 0xc1, 0xc1, 0xc4, 0xc7, 0xc6, 0xc6, 0xc7, 0xc7, 0xd0, 0xca, 0xc7, 0xc6, 0xc4, 0xc5, 0xc7, 0xc7, 0xc5, 0xc2, 0xc2, 0xc2, 0xae, 0xc4, 0xc7, 0xc4, 0xc5, 0xc7, 0xd1, 0xd2, 0xd2, 0xda, 0xde, 0xdd, 0xf1, 0xef, 0xd9, 0xdb, 0xd9, 0xc8, 0xb7, 0xb7, 0xc8, 0xe3, 0xf5, 0xf7, 0xf7, 0xf7, 0xe5, 0xb6, 0x94, 0x85, 0x79, 0x6b, 0x66, 0x66, 0x57, 0x59, 0x54, 0x54, 0x47, 0x3d, 0x3a, 0x34, 0x34, 0x34, 0x3d, 0x34, 0x28, 0x31, 0x31, 0x32, 0x32, 0x31, 0x32, 0x31, 0x31, 0x32, 0x32, 0x36, 0x36, 0x36, 0x3d, 0x3d, 0x47, 0x54, 0x55, 0x54, 0x47, 0x48, 0x57, 0x73, 0x7c, 0x85, 0x94, 0x99, 0x9b, 0x9c, 0x9c, 0x9c, 0xb1, 0xcc, 0xe5, 0xe5, 0xf2, 0xf2, 0xf2, 0xf5, 0xf5, 0xf5, 0xf4, 0xdb, 0xdb, 0xdb, 0xdb, 0xd9, 0xd9, 0xd9, 0xd9, 0xda, 0xd9, 0xd9, 0xda, 0xdb, 0xdd, 0xdd, 0xdb, 0xdb, 0xdb, 0xdb, 0xdb, 0xdb, 0xf0, 0xdb, 0xdb, 0xdb, 0xf1, 0xf4, 0xf4, 0xdb, 0xdb, 0xf4, 0xf5, 0xf0, 0xdb, 0xf1, 0xf1, 0xdc, 0xd4, 0xd4, 0xc9, 0xb7, 0xa8, 0x9b, 0x9b, 0x88, 0x6c, 0x38, 0x25, 0x1e, 0x1b, 0x1b, 0x25, 0x31,
  0xdf, 0xdf, 0xcd, 0xcd, 0xdf, 0xcd, 0xbe, 0xcd, 0xcc, 0xb8, 0xb8, 0xb8, 0xb6, 0xb4, 0xb4, 0xb8, 0xb6, 0xb2, 0xb5, 0xb2, 0x9b, 0x88, 0x85, 0x85, 0x86, 0x85, 0x85, 0x7a, 0x73, 0x6c, 0x6c, 0x73, 0x79, 0x79, 0x7c, 0x7c, 0x7c, 0x7c, 0x7c, 0x79, 0x79, 0x73, 0x7a, 0x79, 0x7c, 0x86, 0x86, 0x7c, 0x7b, 0x79, 0x79, 0x79, 0x73, 0x69, 0x64, 0x64, 0x64, 0x67, 0x64, 0x50, 0x58, 0x67, 0x58, 0x4f, 0x57, 0x55, 0x54, 0x54, 0x54, 0x54, 0x54, 0x54, 0x54, 0x47, 0x3a, 0x34, 0x3a, 0x3a, 0x2c, 0x2c, 0x34, 0x34, 0x34, 0x31, 0x1f, 0x1b, 0x1e, 0x1e, 0x25, 0x35, 0x31, 0x18, 0x18, 0x18, 0x18, 0x18, 0x18, 0x18, 0x18, 0x18, 0x18, 0x18, 0x18, 0x0c, 0x0b, 0x12, 0x25, 0x34, 0x45, 0x57, 0x69, 0x79, 0x85, 0x85, 0x86, 0x8e, 0x8f, 0x90, 0xa5, 0xad, 0xaf, 0xb7, 0xc8, 0xce, 0xe6, 0xe6, 0xe6, 0xe6, 0xf0, 0xef, 0xef, 0xf2, 0xef, 0xdb, 0xcf, 0xcb, 0xc9, 0xc3, 0xc2, 0xc0, 0xae, 0xae, 0xae, 0xae, 0xc1, 0xc1, 0xc0, 0xae, 0xae, 0xc1, 0xc1, 0xae, 0xc1, 0xae, 0xae, 0xc1, 0xae, 0xaa, 0xad, 0xae, 0xc2, 0xc5, 0xc5, 0xc5, 0xc7, 0xc7, 0xca, 0xca, 0xc7, 0xc6, 0xc3, 0xc3, 0xc6, 0xc2, 0xc1, 0xc1, 0xae, 0xae, 0xc1, 0xc5, 0xc7, 0xd0, 0xc7, 0xc7, 0xd1, 0xd1, 0xd2, 0xde, 0xde, 0xda, 0xdd, 0xd9, 0xd9, 0xd8, 0xcf, 0xb7, 0xb2, 0xb5, 0xbd, 0xe6, 0xf6, 0xf7, 0xfd, 0xf7, 0xf6, 0xe5, 0xb8, 0x9a, 0x85, 0x73, 0x68, 0x56, 0x56, 0x4e, 0x54, 0x3b, 0x3a, 0x34, 0x34, 0x34, 0x34, 0x2c, 0x34, 0x28, 0x28, 0x32, 0x2c, 0x34, 0x32, 0x31, 0x2c, 0x34, 0x34, 0x31, 0x36, 0x3d, 0x36, 0x36, 0x34, 0x2c, 0x3a, 0x3a, 0x54, 0x54, 0x47, 0x47, 0x4f, 0x66, 0x7a, 0x85, 0x94, 0x94, 0x99, 0x9c, 0x9c, 0x9c, 0x9c, 0xb5, 0xcc, 0xe1, 0xe5, 0xf2, 0xf2, 0xf5, 0xf5, 0xf4, 0xf1, 0xf1, 0xdd, 0xdd, 0xdd, 0xdd, 0xdb, 0xdb, 0xdb, 0xef, 0xdb, 0xd8, 0xdb, 0xf4, 0xf4, 0xf1, 0xdd, 0xdb, 0xd9, 0xf0, 0xf0, 0xef, 0xef, 0xdb, 0xdb, 0xdb, 0xf1, 0xf4, 0xf4, 0xf1, 0xf1, 0xf4, 0xf5, 0xf0, 0xdb, 0xf1, 0xf1, 0xdc, 0xd4, 0xd4, 0xc8, 0xb7, 0xa8, 0x9b, 0x8e, 0x88, 0x66, 0x2f, 0x31, 0x1e, 0x1f, 0x31, 0x36, 0x34,
  0xe1, 0xdf, 0xe1, 0xdf, 0xe3, 0xcd, 0xbd, 0xbd, 0xcc, 0xb8, 0xb6, 0xb8, 0xb6, 0xb4, 0xb4, 0xb6, 0xb2, 0xb1, 0xb2, 0xb2, 0x94, 0x7a, 0x6b, 0x73, 0x7c, 0x7a, 0x73, 0x68, 0x56, 0x56, 0x56, 0x66, 0x68, 0x73, 0x68, 0x6d, 0x7b, 0x79, 0x6d, 0x6c, 0x6c, 0x73, 0x79, 0x6d, 0x7c, 0x86, 0x85, 0x7b, 0x7b, 0x79, 0x79, 0x79, 0x7c, 0x79, 0x69, 0x64, 0x64, 0x67, 0x67, 0x51, 0x58, 0x4f, 0x57, 0x57, 0x55, 0x54, 0x4e, 0x54, 0x47, 0x54, 0x55, 0x54, 0x47, 0x47, 0x3d, 0x34, 0x28, 0x28, 0x28, 0x2c, 0x34, 0x34, 0x36, 0x31, 0x31, 0x31, 0x25, 0x1e, 0x19, 0x25, 0x35, 0x1e, 0x18, 0x18, 0x18, 0x18, 0x18, 0x1e, 0x1e, 0x1e, 0x18, 0x18, 0x18, 0x18, 0x0d, 0x0d, 0x18, 0x23, 0x24, 0x2f, 0x44, 0x4e, 0x69, 0x73, 0x7c, 0x86, 0x8e, 0x90, 0xa5, 0xa8, 0xc3, 0xc8, 0xce, 0xe6, 0xe6, 0xe6, 0xe6, 0xe6, 0xef, 0xf0, 0xf2, 0xf2, 0xef, 0xdb, 0xcb, 0xd2, 0xca, 0xc3, 0xc1, 0xc0, 0xae, 0xae, 0xae, 0xae, 0xc0, 0xc0, 0xae, 0xae, 0xc0, 0xc1, 0xc1, 0xc0, 0xc1, 0xc0, 0xc0, 0xc4, 0xc2, 0xad, 0xae, 0xc1, 0xc1, 0xc4, 0xc5, 0xc5, 0xc6, 0xc6, 0xd0, 0xd1, 0xd0, 0xc7, 0xc3, 0xc6, 0xc6, 0xc4, 0xc4, 0xc1, 0xc0, 0xc1, 0xc1, 0xc4, 0xc5, 0xd0, 0xd0, 0xd0, 0xd1, 0xd5, 0xd6, 0xda, 0xdd, 0xdb, 0xdb, 0xdb, 0xda, 0xd4, 0xcb, 0xb7, 0x9b, 0xa7, 0xb8, 0xe6, 0xf6, 0xf7, 0xfd, 0xfc, 0xf7, 0xf7, 0xe5, 0xb8, 0x9c, 0x92, 0x7a, 0x68, 0x56, 0x45, 0x46, 0x3a, 0x34, 0x34, 0x34, 0x27, 0x27, 0x1d, 0x28, 0x1f, 0x31, 0x34, 0x34, 0x34, 0x2c, 0x32, 0x34, 0x3d, 0x36, 0x32, 0x34, 0x3d, 0x3d, 0x3d, 0x34, 0x34, 0x3a, 0x3a, 0x47, 0x54, 0x55, 0x4f, 0x57, 0x69, 0x7a, 0x7c, 0x88, 0x94, 0x94, 0x99, 0xb1, 0xb1, 0xb1, 0xb1, 0xb8, 0xcc, 0xe1, 0xf2, 0xf2, 0xf2, 0xf2, 0xef, 0xef, 0xf1, 0xf1, 0xdd, 0xdd, 0xf0, 0xf0, 0xf0, 0xf1, 0xf1, 0xf4, 0xf1, 0xef, 0xf1, 0xf1, 0xf1, 0xdb, 0xd9, 0xd9, 0xdb, 0xdb, 0xd9, 0xd8, 0xcf, 0xd9, 0xdb, 0xdb, 0xdb, 0xf1, 0xf4, 0xf4, 0xf4, 0xf4, 0xf0, 0xf0, 0xf4, 0xf1, 0xda, 0xd4, 0xda, 0xcb, 0xb7, 0xb2, 0x9b, 0x8e, 0x86, 0x66, 0x2f, 0x31, 0x1f, 0x31, 0x36, 0x36, 0x34,
  0xcd, 0xe1, 0xe3, 0xe1, 0xe1, 0xce, 0xcc, 0xbd, 0xbd, 0xb8, 0xb5, 0xb5, 0xb5, 0xb5, 0xb6, 0xb6, 0xb2, 0xb1, 0xb2, 0xb2, 0x99, 0x7a, 0x73, 0x7a, 0x7c, 0x7a, 0x66, 0x53, 0x38, 0x38, 0x38, 0x38, 0x56, 0x73, 0x6c, 0x6c, 0x79, 0x6c, 0x68, 0x66, 0x63, 0x66, 0x68, 0x79, 0x7b, 0x7c, 0x7b, 0x79, 0x79, 0x79, 0x79, 0x73, 0x68, 0x69, 0x69, 0x67, 0x67, 0x67, 0x67, 0x64, 0x58, 0x55, 0x55, 0x59, 0x59, 0x55, 0x4e, 0x47, 0x4e, 0x54, 0x55, 0x54, 0x3b, 0x54, 0x3d, 0x2c, 0x22, 0x17, 0x25, 0x25, 0x32, 0x3d, 0x36, 0x31, 0x31, 0x31, 0x35, 0x35, 0x1e, 0x1e, 0x35, 0x35, 0x1e, 0x1e, 0x35, 0x31, 0x31, 0x1e, 0x25, 0x31, 0x1e, 0x18, 0x18, 0x18, 0x18, 0x18, 0x18, 0x19, 0x23, 0x24, 0x22, 0x2f, 0x53, 0x66, 0x7a, 0x85, 0x87, 0x8f, 0xa7, 0xa8, 0xb7, 0xc8, 0xcf, 0xd8, 0xdb, 0xdb, 0xdb, 0xe6, 0xe6, 0xf0, 0xef, 0xef, 0xdb, 0xd9, 0xd4, 0xcb, 0xc6, 0xc2, 0xc2, 0xb0, 0xad, 0xae, 0xc2, 0xc1, 0xc0, 0xc1, 0xc0, 0xc0, 0xc0, 0xc0, 0xc0, 0xc0, 0xc1, 0xc0, 0xc0, 0xc4, 0xc2, 0xc1, 0xc1, 0xc2, 0xc2, 0xc4, 0xc4, 0xc2, 0xc4, 0xc6, 0xd0, 0xd1, 0xd0, 0xc5, 0xc2, 0xc6, 0xc6, 0xc5, 0xc5, 0xc0, 0xc0, 0xc4, 0xc1, 0xc4, 0xc7, 0xd0, 0xd0, 0xd0, 0xd1, 0xd5, 0xd6, 0xda, 0xdb, 0xdb, 0xdb, 0xd9, 0xdb, 0xda, 0xcb, 0xb7, 0x9b, 0x9b, 0xb8, 0xe6, 0xf2, 0xf7, 0xfd, 0xfd, 0xf7, 0xf7, 0xf6, 0xf2, 0xe5, 0xb4, 0x94, 0x7c, 0x73, 0x66, 0x46, 0x3a, 0x34, 0x34, 0x34, 0x32, 0x27, 0x1f, 0x27, 0x27, 0x31, 0x34, 0x2c, 0x36, 0x32, 0x36, 0x31, 0x35, 0x36, 0x36, 0x3d, 0x3d, 0x3d, 0x3d, 0x3d, 0x3a, 0x3a, 0x3d, 0x47, 0x55, 0x55, 0x57, 0x66, 0x73, 0x73, 0x79, 0x86, 0x88, 0x99, 0xb1, 0xb2, 0xb1, 0xb1, 0x9c, 0xb2, 0xbd, 0xe3, 0xf2, 0xf2, 0xef, 0xef, 0xef, 0xf0, 0xf0, 0xef, 0xef, 0xf2, 0xf0, 0xef, 0xf0, 0xf4, 0xf4, 0xf4, 0xf1, 0xdb, 0xf0, 0xef, 0xf0, 0xdb, 0xdb, 0xd9, 0xd9, 0xda, 0xd9, 0xd4, 0xcb, 0xd4, 0xda, 0xde, 0xf1, 0xf1, 0xf1, 0xf1, 0xf4, 0xf0, 0xdb, 0xdb, 0xf1, 0xde, 0xdc, 0xda, 0xd4, 0xcb, 0xb7, 0xb2, 0x9c, 0x88, 0x7c, 0x66, 0x2f, 0x25, 0x31, 0x35, 0x3d, 0x36, 0x32,
  0xe3, 0xe3, 0xe3, 0xcd, 0xcd, 0xe3, 0xce, 0xbd, 0xbd, 0xb6, 0xb2, 0xb2, 0xb1, 0xb5, 0xb8, 0xb6, 0xb5, 0xb2, 0xb1, 0xb1, 0x9c, 0x88, 0x85, 0x85, 0x7c, 0x7a, 0x56, 0x33, 0x20, 0x20, 0x20, 0x26, 0x44, 0x66, 0x73, 0x6c, 0x73, 0x79, 0x66, 0x62, 0x62, 0x66, 0x6c, 0x79, 0x7b, 0x79, 0x79, 0x79, 0x79, 0x6d, 0x6b, 0x68, 0x4e, 0x50, 0x57, 0x57, 0x66, 0x4f, 0x67, 0x69, 0x67, 0x59, 0x59, 0x55, 0x55, 0x59, 0x55, 0x45, 0x55, 0x59, 0x59, 0x55, 0x55, 0x55, 0x54, 0x2c, 0x22, 0x16, 0x23, 0x25, 0x32, 0x36, 0x36, 0x36, 0x36, 0x31, 0x35, 0x37, 0x36, 0x35, 0x1e, 0x35, 0x35, 0x35, 0x37, 0x31, 0x35, 0x31, 0x31, 0x35, 0x31, 0x1e, 0x1e, 0x1e, 0x1e, 0x1e, 0x1e, 0x18, 0x19, 0x1c, 0x1c, 0x22, 0x26, 0x38, 0x56, 0x7a, 0x86, 0x8e, 0x9b, 0xa7, 0xb7, 0xb7, 0xcb, 0xcf, 0xcf, 0xdb, 0xef, 0xe6, 0xe6, 0xdb, 0xd9, 0xdb, 0xdb, 0xd8, 0xd4, 0xc8, 0xc3, 0xc3, 0xc3, 0xb0, 0xae, 0xae, 0xc1, 0xc1, 0xc0, 0xc1, 0xc1, 0xc2, 0xae, 0xc0, 0xc1, 0xc1, 0xc1, 0xc1, 0xc1, 0xc1, 0xc2, 0xc4, 0xc4, 0xc1, 0xc2, 0xc4, 0xc2, 0xc2, 0xc4, 0xc4, 0xc7, 0xc7, 0xc7, 0xc5, 0xc4, 0xc6, 0xc5, 0xc4, 0xc1, 0xc4, 0xc1, 0xc0, 0xc4, 0xc5, 0xc7, 0xd0, 0xc7, 0xca, 0xd3, 0xd5, 0xd5, 0xda, 0xd9, 0xd9, 0xdb, 0xcf, 0xd9, 0xdd, 0xcb, 0xa8, 0x9b, 0x9b, 0xb7, 0xe6, 0xf2, 0xf6, 0xfd, 0xfd, 0xfd, 0xf7, 0xf7, 0xf7, 0xf7, 0xe5, 0xbd, 0x9c, 0x92, 0x7a, 0x59, 0x45, 0x39, 0x34, 0x32, 0x32, 0x28, 0x27, 0x34, 0x28, 0x27, 0x34, 0x34, 0x31, 0x31, 0x36, 0x35, 0x31, 0x36, 0x36, 0x34, 0x3d, 0x3d, 0x3d, 0x3d, 0x3d, 0x3a, 0x3a, 0x54, 0x54, 0x4e, 0x57, 0x66, 0x6c, 0x6c, 0x6d, 0x86, 0x8e, 0x99, 0x9c, 0xb1, 0xb2, 0xb1, 0x9c, 0xb1, 0xb6, 0xcc, 0xe6, 0xf2, 0xef, 0xef, 0xf0, 0xf0, 0xef, 0xf1, 0xef, 0xf0, 0xf4, 0xf4, 0xf4, 0xf4, 0xf4, 0xf1, 0xef, 0xef, 0xf4, 0xef, 0xf1, 0xf4, 0xd9, 0xd9, 0xdb, 0xda, 0xda, 0xd9, 0xd8, 0xd9, 0xd9, 0xdd, 0xf4, 0xf1, 0xf0, 0xf0, 0xf0, 0xf0, 0xdb, 0xd9, 0xdc, 0xd5, 0xd4, 0xd4, 0xd4, 0xc8, 0xb7, 0xa7, 0x99, 0x88, 0x79, 0x57, 0x2f, 0x25, 0x31, 0x36, 0x3d, 0x3d, 0x39,
  0xe5, 0xe3, 0xce, 0xcc, 0xe1, 0xe3, 0xcd, 0xbd, 0xb6, 0xb2, 0xb1, 0xb2, 0xb2, 0xb5, 0xb8, 0xb6, 0xb2, 0xb2, 0xb1, 0xb1, 0x9c, 0x94, 0x88, 0x86, 0x7c, 0x73, 0x53, 0x26, 0x14, 0x14, 0x1c, 0x26, 0x44, 0x66, 0x6c, 0x69, 0x6c, 0x79, 0x6c, 0x66, 0x66, 0x68, 0x73, 0x6d, 0x6d, 0x79, 0x79, 0x79, 0x79, 0x6c, 0x66, 0x66, 0x4e, 0x56, 0x57, 0x57, 0x57, 0x57, 0x67, 0x69, 0x59, 0x59, 0x59, 0x55, 0x59, 0x55, 0x59, 0x55, 0x55, 0x59, 0x59, 0x72, 0x59, 0x55, 0x54, 0x34, 0x28, 0x17, 0x23, 0x32, 0x36, 0x36, 0x36, 0x36, 0x36, 0x32, 0x31, 0x35, 0x37, 0x37, 0x35, 0x35, 0x35, 0x35, 0x35, 0x31, 0x1e, 0x35, 0x1e, 0x1e, 0x35, 0x31, 0x1e, 0x25, 0x31, 0x25, 0x1e, 0x1e, 0x18, 0x19, 0x19, 0x19, 0x19, 0x1c, 0x38, 0x66, 0x85, 0x8e, 0x9b, 0xa7, 0xa8, 0xb7, 0xc8, 0xce, 0xce, 0xd8, 0xdb, 0xe6, 0xe6, 0xdb, 0xdb, 0xf1, 0xdb, 0xd8, 0xd9, 0xcb, 0xc6, 0xc6, 0xc6, 0xc1, 0xae, 0xc1, 0xae, 0xc0, 0xc0, 0xc1, 0xc1, 0xc4, 0xc1, 0xc1, 0xc2, 0xc1, 0xc1, 0xc1, 0xc1, 0xc0, 0xc2, 0xc4, 0xc4, 0xae, 0xc1, 0xc2, 0xc4, 0xc5, 0xc7, 0xc5, 0xc5, 0xc4, 0xc4, 0xc5, 0xc4, 0xc5, 0xc5, 0xc4, 0xc0, 0xc1, 0xc1, 0xc0, 0xc2, 0xc5, 0xc5, 0xca, 0xca, 0xca, 0xd3, 0xd5, 0xd5, 0xd5, 0xd9, 0xd9, 0xd9, 0xcf, 0xd4, 0xda, 0xcb, 0xa8, 0x99, 0x99, 0xb5, 0xe3, 0xf6, 0xfd, 0xfd, 0xfd, 0xfd, 0xf7, 0xf7, 0xf7, 0xfd, 0xfd, 0xf6, 0xcc, 0x9e, 0x94, 0x7e, 0x72, 0x53, 0x39, 0x2b, 0x2b, 0x31, 0x28, 0x34, 0x2c, 0x27, 0x2c, 0x34, 0x31, 0x31, 0x31, 0x36, 0x36, 0x36, 0x36, 0x2c, 0x34, 0x3d, 0x3d, 0x3d, 0x3a, 0x34, 0x3a, 0x45, 0x45, 0x45, 0x4e, 0x66, 0x68, 0x6c, 0x79, 0x86, 0x88, 0x94, 0x99, 0x9c, 0xb1, 0xb1, 0xb1, 0xb1, 0xb2, 0xb8, 0xe3, 0xf2, 0xf2, 0xf2, 0xef, 0xef, 0xf4, 0xf4, 0xf0, 0xf4, 0xf4, 0xf4, 0xf4, 0xf4, 0xf4, 0xf4, 0xf0, 0xf4, 0xf4, 0xf1, 0xf1, 0xf1, 0xdb, 0xd9, 0xdb, 0xdb, 0xdd, 0xda, 0xd9, 0xd9, 0xd9, 0xda, 0xdd, 0xdd, 0xdd, 0xdd, 0xf0, 0xf1, 0xdb, 0xda, 0xd6, 0xd5, 0xd4, 0xd4, 0xcb, 0xb7, 0xa8, 0x9b, 0x8e, 0x85, 0x6c, 0x43, 0x2b, 0x24, 0x31, 0x36, 0x3d, 0x3d, 0x44,
  0xe1, 0xcd, 0xcd, 0xce, 0xe3, 0xcc, 0xcc, 0xcc, 0xb8, 0xb5, 0xb2, 0xb6, 0xb8, 0xb6, 0xbd, 0xb5, 0x9c, 0xb2, 0xb1, 0x9c, 0x9c, 0x9a, 0x94, 0x88, 0x85, 0x7a, 0x53, 0x26, 0x14, 0x14, 0x20, 0x33, 0x44, 0x66, 0x6c, 0x69, 0x6c, 0x6c, 0x68, 0x68, 0x68, 0x6c, 0x79, 0x6d, 0x6d, 0x79, 0x79, 0x79, 0x79, 0x73, 0x68, 0x66, 0x4e, 0x56, 0x57, 0x59, 0x59, 0x59, 0x59, 0x59, 0x55, 0x55, 0x55, 0x55, 0x72, 0x59, 0x54, 0x55, 0x59, 0x55, 0x55, 0x59, 0x59, 0x55, 0x3d, 0x3a, 0x39, 0x34, 0x36, 0x34, 0x3d, 0x3d, 0x3d, 0x36, 0x36, 0x36, 0x36, 0x35, 0x36, 0x36, 0x31, 0x35, 0x35, 0x1e, 0x35, 0x35, 0x35, 0x35, 0x35, 0x1e, 0x35, 0x35, 0x35, 0x25, 0x25, 0x31, 0x31, 0x1e, 0x1e, 0x19, 0x18, 0x18, 0x15, 0x19, 0x26, 0x53, 0x74, 0x88, 0x99, 0x9b, 0xa8, 0xa8, 0xc8, 0xce, 0xcf, 0xcf, 0xd8, 0xe6, 0xe6, 0xd8, 0xdd, 0xf1, 0xdb, 0xd4, 0xd8, 0xd4, 0xc9, 0xc6, 0xc3, 0xae, 0xc1, 0xc2, 0xc1, 0xc0, 0xc1, 0xc4, 0xc4, 0xc2, 0xc2, 0xc4, 0xc2, 0xc1, 0xc1, 0xc1, 0xc1, 0xae, 0xc1, 0xc2, 0xc2, 0xae, 0xc1, 0xc2, 0xc2, 0xc5, 0xc7, 0xc5, 0xc5, 0xc5, 0xc5, 0xc1, 0xc1, 0xc4, 0xc1, 0xc4, 0xc4, 0xc0, 0xc4, 0xc5, 0xc2, 0xc4, 0xc5, 0xc7, 0xd1, 0xd1, 0xd1, 0xd6, 0xdc, 0xda, 0xda, 0xda, 0xd9, 0xd9, 0xda, 0xda, 0xcb, 0xb7, 0x99, 0x99, 0xb2, 0xce, 0xf6, 0xfd, 0xf7, 0xf7, 0xfc, 0xfd, 0xf7, 0xf7, 0xfd, 0xfd, 0xf7, 0xf6, 0xe3, 0xba, 0x9d, 0x91, 0x74, 0x56, 0x44, 0x33, 0x2b, 0x2b, 0x28, 0x28, 0x27, 0x28, 0x34, 0x28, 0x31, 0x31, 0x31, 0x36, 0x36, 0x31, 0x31, 0x32, 0x34, 0x34, 0x34, 0x34, 0x34, 0x34, 0x39, 0x45, 0x46, 0x4e, 0x66, 0x69, 0x6c, 0x79, 0x7c, 0x86, 0x9a, 0xb1, 0xb1, 0x9c, 0x9c, 0xb1, 0xb2, 0xb2, 0xb4, 0xbd, 0xe3, 0xe6, 0xe6, 0xef, 0xf1, 0xf4, 0xf4, 0xf4, 0xf5, 0xf4, 0xf1, 0xef, 0xf1, 0xf4, 0xf4, 0xf4, 0xf4, 0xf0, 0xf0, 0xf0, 0xdb, 0xdb, 0xd9, 0xd9, 0xdd, 0xdd, 0xdd, 0xdd, 0xdd, 0xdd, 0xdd, 0xda, 0xda, 0xda, 0xdd, 0xf1, 0xdd, 0xd5, 0xd5, 0xd5, 0xd2, 0xd4, 0xd4, 0xc8, 0xa8, 0xa7, 0x8e, 0x88, 0x85, 0x73, 0x44, 0x2f, 0x34, 0x32, 0x36, 0x3d, 0x3d, 0x3d,
  0xcd, 0xcc, 0xcd, 0xce, 0xcd, 0xcc, 0xcc, 0xcd, 0xcd, 0xbd, 0xb8, 0xb8, 0xb8, 0xb6, 0xb6, 0xb2, 0xb1, 0xb1, 0xb1, 0x9c, 0x9c, 0x9c, 0x9a, 0x94, 0x93, 0x7c, 0x56, 0x33, 0x26, 0x26, 0x26, 0x38, 0x53, 0x66, 0x6c, 0x69, 0x6c, 0x6c, 0x6c, 0x6c, 0x6c, 0x6c, 0x7c, 0x7c, 0x79, 0x79, 0x6d, 0x73, 0x7a, 0x79, 0x73, 0x73, 0x66, 0x56, 0x57, 0x59, 0x59, 0x59, 0x54, 0x54, 0x55, 0x55, 0x54, 0x55, 0x59, 0x55, 0x55, 0x54, 0x54, 0x55, 0x54, 0x55, 0x59, 0x59, 0x55, 0x54, 0x54, 0x55, 0x54, 0x39, 0x3d, 0x54, 0x3d, 0x3d, 0x3d, 0x3d, 0x3d, 0x36, 0x36, 0x36, 0x35, 0x36, 0x35, 0x35, 0x36, 0x35, 0x36, 0x35, 0x35, 0x35, 0x25, 0x35, 0x37, 0x31, 0x1e, 0x31, 0x35, 0x1e, 0x31, 0x31, 0x1e, 0x18, 0x15, 0x11, 0x1e, 0x52, 0x74, 0x91, 0x94, 0x9b, 0xa8, 0xb7, 0xb7, 0xce, 0xce, 0xcc, 0xce, 0xd8, 0xe6, 0xd8, 0xdb, 0xdd, 0xdb, 0xd9, 0xd8, 0xcb, 0xc8, 0xc6, 0xc3, 0xc2, 0xc2, 0xc2, 0xc4, 0xc2, 0xc4, 0xc5, 0xc4, 0xc2, 0xb0, 0xc3, 0xc4, 0xae, 0xc2, 0xc1, 0xc2, 0xc2, 0xc2, 0xc2, 0xc1, 0xc1, 0xc2, 0xc4, 0xae, 0xc1, 0xc1, 0xc4, 0xc4, 0xc4, 0xc5, 0xc5, 0xc1, 0xc5, 0xc1, 0xc4, 0xc4, 0xc4, 0xc2, 0xc5, 0xc5, 0xc4, 0xc6, 0xd1, 0xd3, 0xd1, 0xca, 0xd2, 0xd6, 0xdc, 0xdc, 0xd5, 0xd4, 0xd4, 0xda, 0xda, 0xd4, 0xb2, 0x99, 0x8e, 0xb1, 0xbd, 0xf2, 0xfd, 0xfd, 0xf7, 0xf7, 0xfd, 0xfd, 0xfd, 0xfd, 0xfd, 0xf7, 0xf6, 0xf6, 0xeb, 0xbf, 0xa0, 0x92, 0x7e, 0x71, 0x53, 0x38, 0x2b, 0x2c, 0x28, 0x28, 0x28, 0x34, 0x31, 0x31, 0x2c, 0x32, 0x36, 0x36, 0x32, 0x2c, 0x34, 0x34, 0x34, 0x34, 0x34, 0x3a, 0x3d, 0x54, 0x54, 0x54, 0x57, 0x66, 0x69, 0x6c, 0x6c, 0x79, 0x85, 0x9a, 0xb4, 0xb4, 0xb1, 0x9c, 0xb1, 0xb1, 0xb1, 0xb1, 0xb6, 0xce, 0xe5, 0xe6, 0xf2, 0xf4, 0xef, 0xef, 0xf4, 0xf4, 0xf1, 0xf1, 0xf4, 0xf4, 0xf4, 0xf0, 0xef, 0xef, 0xf1, 0xef, 0xf0, 0xdb, 0xd9, 0xdb, 0xd9, 0xdd, 0xda, 0xd9, 0xd9, 0xdd, 0xde, 0xdd, 0xda, 0xd6, 0xda, 0xdd, 0xdc, 0xde, 0xd5, 0xcb, 0xca, 0xc9, 0xcb, 0xcb, 0xc8, 0xb7, 0x9b, 0x99, 0x8e, 0x88, 0x73, 0x45, 0x2b, 0x32, 0x34, 0x3d, 0x3d, 0x3d, 0x54,
  0xce, 0xcc, 0xcc, 0xcc, 0xcc, 0xcc, 0xcc, 0xcc, 0xcd, 0xcc, 0xbd, 0xb8, 0xb6, 0xb5, 0xb5, 0xb1, 0x9c, 0xb1, 0xb1, 0x9c, 0x9c, 0x9c, 0x9e, 0x9a, 0x88, 0x7c, 0x73, 0x56, 0x44, 0x38, 0x44, 0x56, 0x66, 0x73, 0x73, 0x6c, 0x79, 0x79, 0x79, 0x73, 0x73, 0x73, 0x7a, 0x7c, 0x7c, 0x79, 0x79, 0x73, 0x79, 0x7a, 0x7a, 0x73, 0x73, 0x67, 0x67, 0x66, 0x59, 0x55, 0x54, 0x54, 0x54, 0x54, 0x54, 0x55, 0x55, 0x54, 0x55, 0x55, 0x54, 0x54, 0x54, 0x54, 0x59, 0x55, 0x55, 0x54, 0x3d, 0x55, 0x59, 0x54, 0x3d, 0x54, 0x54, 0x3d, 0x36, 0x36, 0x36, 0x36, 0x3d, 0x36, 0x35, 0x3d, 0x36, 0x36, 0x36, 0x35, 0x36, 0x35, 0x35, 0x35, 0x35, 0x35, 0x35, 0x35, 0x31, 0x31, 0x31, 0x1e, 0x25, 0x35, 0x31, 0x19, 0x0c, 0x11, 0x15, 0x3c, 0x71, 0x7d, 0x88, 0x8e, 0x9b, 0xa8, 0xb7, 0xb7, 0xc8, 0xcf, 0xcf, 0xe6, 0xe6, 0xd8, 0xdb, 0xdb, 0xdb, 0xd9, 0xd4, 0xcb, 0xc9, 0xc6, 0xc3, 0xc3, 0xc3, 0xc3, 0xc2, 0xc4, 0xc2, 0xc1, 0xc5, 0xc6, 0xb0, 0xc3, 0xc6, 0xc3, 0xc3, 0xae, 0xc2, 0xc2, 0xc4, 0xc4, 0xc2, 0xc1, 0xc2, 0xc4, 0xc1, 0xc1, 0xc5, 0xc5, 0xc4, 0xc5, 0xc7, 0xc5, 0xc4, 0xc7, 0xc5, 0xc4, 0xc4, 0xc4, 0xc2, 0xc4, 0xc5, 0xc4, 0xc6, 0xca, 0xca, 0xd1, 0xcb, 0xcb, 0xd2, 0xda, 0xdc, 0xdc, 0xd9, 0xd4, 0xda, 0xdc, 0xd4, 0xb2, 0x8e, 0x93, 0x9c, 0xbd, 0xf2, 0xf7, 0xf7, 0xf7, 0xf7, 0xfd, 0xfd, 0xfd, 0xfd, 0xfd, 0xf7, 0xf7, 0xfd, 0xf7, 0xeb, 0xe2, 0xba, 0x9d, 0x91, 0x74, 0x53, 0x38, 0x2b, 0x24, 0x2b, 0x28, 0x34, 0x28, 0x28, 0x2c, 0x34, 0x34, 0x31, 0x36, 0x3d, 0x3d, 0x3d, 0x3d, 0x34, 0x34, 0x3a, 0x3d, 0x54, 0x55, 0x54, 0x55, 0x57, 0x66, 0x66, 0x68, 0x73, 0x85, 0x93, 0x9e, 0xb1, 0x9e, 0x9c, 0x9c, 0x9b, 0x9a, 0x9e, 0xb4, 0xbd, 0xe3, 0xf2, 0xf5, 0xf5, 0xf4, 0xf4, 0xef, 0xef, 0xf1, 0xf4, 0xf4, 0xf5, 0xf4, 0xf1, 0xef, 0xef, 0xef, 0xd8, 0xdb, 0xdb, 0xdb, 0xf1, 0xdd, 0xda, 0xda, 0xda, 0xda, 0xdd, 0xdd, 0xdb, 0xd9, 0xd5, 0xda, 0xda, 0xdd, 0xda, 0xd4, 0xc3, 0xaf, 0xc9, 0xcb, 0xcb, 0xc8, 0xb7, 0xa7, 0x99, 0x88, 0x85, 0x66, 0x44, 0x24, 0x32, 0x34, 0x3d, 0x3d, 0x3d, 0x45,
  0xcc, 0xcc, 0xce, 0xce, 0xcd, 0xcd, 0xcc, 0xcc, 0xcc, 0xcc, 0xb6, 0xb6, 0xb8, 0xb8, 0xb5, 0xb2, 0xb1, 0xb2, 0xb2, 0x9c, 0x9c, 0x9c, 0x9c, 0x9a, 0x92, 0x7c, 0x7a, 0x7a, 0x66, 0x56, 0x56, 0x68, 0x73, 0x73, 0x79, 0x79, 0x79, 0x79, 0x79, 0x7a, 0x6c, 0x6c, 0x79, 0x7a, 0x79, 0x7c, 0x7a, 0x73, 0x73, 0x7c, 0x7a, 0x73, 0x69, 0x67, 0x67, 0x66, 0x57, 0x55, 0x54, 0x54, 0x54, 0x54, 0x54, 0x54, 0x45, 0x45, 0x45, 0x45, 0x55, 0x55, 0x54, 0x55, 0x59, 0x55, 0x55, 0x55, 0x54, 0x55, 0x59, 0x59, 0x54, 0x55, 0x55, 0x3d, 0x3d, 0x3d, 0x3d, 0x3d, 0x3d, 0x3d, 0x36, 0x3d, 0x36, 0x36, 0x36, 0x32, 0x36, 0x36, 0x35, 0x36, 0x36, 0x35, 0x35, 0x35, 0x35, 0x36, 0x36, 0x35, 0x31, 0x31, 0x31, 0x19, 0x15, 0x11, 0x15, 0x26, 0x71, 0x74, 0x7a, 0x86, 0x9b, 0xa7, 0xa8, 0xb5, 0xc8, 0xcf, 0xcf, 0xdb, 0xd8, 0xd8, 0xdb, 0xdb, 0xdb, 0xd9, 0xd9, 0xcb, 0xc9, 0xc6, 0xb0, 0xaf, 0xc3, 0xca, 0xc6, 0xc6, 0xc6, 0xc6, 0xc6, 0xc6, 0xc3, 0xc6, 0xc6, 0xc6, 0xc6, 0xb0, 0xc2, 0xc4, 0xc4, 0xc4, 0xc2, 0xc1, 0xc2, 0xc4, 0xc2, 0xc4, 0xc4, 0xc4, 0xc4, 0xc4, 0xc5, 0xc4, 0xc5, 0xc7, 0xc7, 0xc7, 0xc7, 0xc5, 0xc4, 0xc5, 0xc6, 0xc6, 0xc7, 0xca, 0xca, 0xc9, 0xd2, 0xd2, 0xd5, 0xd6, 0xdc, 0xda, 0xdc, 0xda, 0xda, 0xd4, 0xcb, 0xb7, 0x99, 0x93, 0x99, 0xb8, 0xf5, 0xf6, 0xf7, 0xfc, 0xfd, 0xf7, 0xf7, 0xfd, 0xfd, 0xfc, 0xf7, 0xf7, 0xf7, 0xf6, 0xf7, 0xf3, 0xeb, 0xbc, 0xa0, 0x97, 0x74, 0x71, 0x56, 0x44, 0x2b, 0x2c, 0x34, 0x2c, 0x32, 0x28, 0x34, 0x32, 0x31, 0x36, 0x34, 0x3d, 0x3d, 0x3d, 0x3d, 0x34, 0x2c, 0x3a, 0x3d, 0x3d, 0x54, 0x55, 0x55, 0x57, 0x56, 0x66, 0x7a, 0x7e, 0x92, 0x9d, 0xb3, 0xb1, 0xb1, 0x9c, 0x9b, 0x9a, 0x9c, 0x9c, 0xb2, 0xce, 0xf2, 0xf5, 0xf2, 0xf4, 0xf5, 0xf4, 0xf2, 0xf4, 0xf1, 0xf1, 0xf4, 0xf5, 0xf5, 0xf4, 0xf0, 0xef, 0xd9, 0xdb, 0xf0, 0xdb, 0xf1, 0xdd, 0xd9, 0xda, 0xdb, 0xdb, 0xdd, 0xdd, 0xda, 0xd9, 0xd4, 0xcb, 0xc8, 0xd4, 0xc8, 0xb7, 0xc3, 0xc6, 0xc6, 0xcb, 0xc9, 0xc8, 0xb7, 0xa7, 0x99, 0x88, 0x85, 0x56, 0x44, 0x2f, 0x3a, 0x3a, 0x3d, 0x54, 0x55, 0x54,
  0xcd, 0xce, 0xe3, 0xe3, 0xe3, 0xe1, 0xcd, 0xcd, 0xcc, 0xb8, 0xb6, 0xb8, 0xb8, 0xb8, 0xb5, 0xb5, 0xb5, 0xb2, 0xb1, 0xb1, 0x9c, 0x9c, 0x9c, 0x9c, 0x9a, 0x92, 0x85, 0x7c, 0x7c, 0x73, 0x73, 0x73, 0x79, 0x6d, 0x79, 0x7a, 0x79, 0x79, 0x73, 0x73, 0x73, 0x79, 0x7a, 0x79, 0x6d, 0x73, 0x7c, 0x7a, 0x7a, 0x7a, 0x7a, 0x7a, 0x6c, 0x68, 0x66, 0x57, 0x4e, 0x55, 0x55, 0x54, 0x55, 0x54, 0x54, 0x54, 0x45, 0x54, 0x54, 0x45, 0x54, 0x55, 0x55, 0x59, 0x59, 0x55, 0x59, 0x55, 0x55, 0x55, 0x55, 0x54, 0x59, 0x55, 0x54, 0x54, 0x55, 0x54, 0x54, 0x54, 0x54, 0x54, 0x3d, 0x3d, 0x39, 0x36, 0x32, 0x32, 0x36, 0x3d, 0x35, 0x36, 0x35, 0x35, 0x37, 0x35, 0x36, 0x3d, 0x36, 0x35, 0x31, 0x1e, 0x1e, 0x1c, 0x15, 0x11, 0x15, 0x15, 0x3c, 0x71, 0x74, 0x85, 0x8e, 0x9b, 0xa7, 0xb5, 0xc8, 0xc8, 0xce, 0xcf, 0xcf, 0xcf, 0xd8, 0xdb, 0xd8, 0xd8, 0xd9, 0xcb, 0xca, 0xc5, 0xaf, 0xa8, 0xc3, 0xc9, 0xc9, 0xc9, 0xca, 0xca, 0xca, 0xc6, 0xc3, 0xc6, 0xca, 0xc6, 0xc6, 0xc2, 0xc3, 0xc3, 0xc5, 0xc5, 0xc4, 0xc4, 0xc4, 0xc4, 0xc4, 0xc2, 0xae, 0xb0, 0xc2, 0xc2, 0xc2, 0xc3, 0xc6, 0xc6, 0xc7, 0xc7, 0xc7, 0xc5, 0xc5, 0xc6, 0xc7, 0xc6, 0xc6, 0xca, 0xd2, 0xd2, 0xd2, 0xd5, 0xd6, 0xd5, 0xd5, 0xd6, 0xda, 0xda, 0xda, 0xd4, 0xcb, 0xc8, 0x99, 0x93, 0x94, 0xb5, 0xf2, 0xf7, 0xf7, 0xfd, 0xfd, 0xf7, 0xf6, 0xfd, 0xfd, 0xfc, 0xf7, 0xf7, 0xf7, 0xf6, 0xf7, 0xf7, 0xf6, 0xeb, 0xe0, 0xb6, 0x9d, 0x92, 0x91, 0x72, 0x53, 0x3a, 0x34, 0x28, 0x28, 0x31, 0x32, 0x2c, 0x2c, 0x32, 0x36, 0x34, 0x3d, 0x3d, 0x3a, 0x34, 0x34, 0x3a, 0x3d, 0x34, 0x3d, 0x55, 0x55, 0x54, 0x56, 0x66, 0x7a, 0x7e, 0x91, 0x9d, 0xb3, 0xb4, 0xb2, 0xb1, 0x9c, 0x9c, 0x9c, 0x9a, 0x9c, 0xbd, 0xe5, 0xe6, 0xf2, 0xf4, 0xf5, 0xf5, 0xf4, 0xf1, 0xf1, 0xf1, 0xf1, 0xf1, 0xf4, 0xf4, 0xf1, 0xf4, 0xf1, 0xf1, 0xf0, 0xf0, 0xf4, 0xdd, 0xd9, 0xd9, 0xdd, 0xda, 0xda, 0xd9, 0xd9, 0xd9, 0xc8, 0xa8, 0xa7, 0xa7, 0xa7, 0xa8, 0xcb, 0xcb, 0xc9, 0xcb, 0xc9, 0xc8, 0xb2, 0xa7, 0x9b, 0x88, 0x85, 0x49, 0x2b, 0x2f, 0x54, 0x3d, 0x54, 0x55, 0x55, 0x55,
  0xce, 0xce, 0xe1, 0xcd, 0xe1, 0xe1, 0xce, 0xcd, 0xcc, 0xb8, 0xcc, 0xbd, 0xb6, 0xb6, 0xb5, 0xb5, 0xb5, 0xb2, 0xb2, 0xb1, 0xb1, 0xb1, 0x9c, 0x9e, 0x9a, 0x93, 0x88, 0x85, 0x91, 0x85, 0x7a, 0x7a, 0x7c, 0x7a, 0x7c, 0x7c, 0x79, 0x79, 0x6c, 0x6d, 0x79, 0x7c, 0x7c, 0x7c, 0x79, 0x73, 0x7a, 0x7c, 0x7c, 0x7a, 0x7a, 0x7a, 0x79, 0x68, 0x68, 0x66, 0x50, 0x4e, 0x55, 0x55, 0x55, 0x55, 0x55, 0x59, 0x55, 0x55, 0x55, 0x54, 0x4e, 0x54, 0x55, 0x59, 0x59, 0x59, 0x5f, 0x59, 0x55, 0x59, 0x55, 0x55, 0x55, 0x54, 0x54, 0x55, 0x55, 0x55, 0x55, 0x54, 0x54, 0x55, 0x54, 0x3d, 0x3d, 0x3d, 0x36, 0x36, 0x3d, 0x3d, 0x36, 0x36, 0x36, 0x36, 0x36, 0x36, 0x36, 0x35, 0x31, 0x35, 0x31, 0x25, 0x25, 0x1e, 0x15, 0x11, 0x11, 0x11, 0x26, 0x71, 0x74, 0x85, 0x8e, 0x99, 0x9b, 0xb2, 0xb7, 0xc8, 0xc8, 0xce, 0xcf, 0xd8, 0xd8, 0xd8, 0xd8, 0xd8, 0xd4, 0xc9, 0xca, 0xc6, 0xc6, 0xb0, 0xc3, 0xc9, 0xc9, 0xcb, 0xc9, 0xca, 0xca, 0xc6, 0xc3, 0xc6, 0xc6, 0xc6, 0xc6, 0xc6, 0xc3, 0xc3, 0xc7, 0xc7, 0xc5, 0xc5, 0xc5, 0xc4, 0xc4, 0xc4, 0xc2, 0xc4, 0xc6, 0xc4, 0xc2, 0xc4, 0xc4, 0xc5, 0xc5, 0xc5, 0xc5, 0xc6, 0xc7, 0xc6, 0xc7, 0xc6, 0xc5, 0xc7, 0xd2, 0xd3, 0xd2, 0xd5, 0xd5, 0xda, 0xda, 0xdc, 0xda, 0xd5, 0xda, 0xda, 0xd4, 0xc8, 0x99, 0x93, 0x94, 0xb2, 0xef, 0xf6, 0xf7, 0xf7, 0xf7, 0xf7, 0xf7, 0xfd, 0xfc, 0xfc, 0xfc, 0xfd, 0xf7, 0xf7, 0xfc, 0xfc, 0xfc, 0xf7, 0xf3, 0xe1, 0xbb, 0xb3, 0x9e, 0x92, 0x73, 0x59, 0x45, 0x2f, 0x2f, 0x34, 0x32, 0x34, 0x34, 0x36, 0x36, 0x36, 0x36, 0x34, 0x32, 0x34, 0x34, 0x3d, 0x3d, 0x34, 0x34, 0x54, 0x3d, 0x53, 0x56, 0x59, 0x73, 0x7a, 0x91, 0x9a, 0x9c, 0xb1, 0xb2, 0xb1, 0x9c, 0x9a, 0x9a, 0x9c, 0x9c, 0xb5, 0xce, 0xce, 0xf2, 0xf5, 0xf5, 0xf5, 0xf4, 0xf1, 0xf4, 0xf4, 0xf1, 0xdb, 0xdb, 0xef, 0xef, 0xf4, 0xf4, 0xf1, 0xf0, 0xdb, 0xf1, 0xdb, 0xd9, 0xdd, 0xdd, 0xd4, 0xd4, 0xd4, 0xd4, 0xd4, 0xb7, 0x90, 0x8d, 0x84, 0x9b, 0xc8, 0xc9, 0xc9, 0xcb, 0xcb, 0xc8, 0xb7, 0xb2, 0xa7, 0x99, 0x88, 0x73, 0x38, 0x22, 0x33, 0x3d, 0x3d, 0x54, 0x54, 0x55, 0x55,
  0xcd, 0xcd, 0xcd, 0xcc, 0xcd, 0xcd, 0xe1, 0xcd, 0xbd, 0xb8, 0xbd, 0xbd, 0xb8, 0xb6, 0xb5, 0xb5, 0xb2, 0xb4, 0xb5, 0xb1, 0xb1, 0x9c, 0x9c, 0x9a, 0x88, 0x85, 0x91, 0x92, 0x92, 0x85, 0x85, 0x7c, 0x7a, 0x7c, 0x7a, 0x79, 0x79, 0x79, 0x79, 0x79, 0x7c, 0x79, 0x7c, 0x7c, 0x7c, 0x7c, 0x7c, 0x7c, 0x7c, 0x79, 0x7c, 0x79, 0x73, 0x6c, 0x6c, 0x6c, 0x66, 0x57, 0x56, 0x59, 0x5f, 0x5f, 0x5f, 0x5f, 0x59, 0x55, 0x55, 0x55, 0x55, 0x54, 0x55, 0x55, 0x59, 0x55, 0x59, 0x59, 0x59, 0x59, 0x59, 0x59, 0x59, 0x55, 0x55, 0x59, 0x55, 0x59, 0x59, 0x55, 0x55, 0x54, 0x54, 0x3d, 0x3d, 0x3d, 0x36, 0x36, 0x3d, 0x3d, 0x3d, 0x3d, 0x36, 0x36, 0x36, 0x36, 0x3d, 0x36, 0x32, 0x36, 0x25, 0x25, 0x35, 0x1e, 0x10, 0x11, 0x11, 0x11, 0x26, 0x3c, 0x71, 0x7a, 0x88, 0x8e, 0x8e, 0xa7, 0xb7, 0xc8, 0xc8, 0xce, 0xd8, 0xd8, 0xdb, 0xd8, 0xcf, 0xd4, 0xcb, 0xc9, 0xc9, 0xc9, 0xca, 0xc6, 0xc6, 0xc9, 0xcb, 0xcb, 0xc9, 0xca, 0xca, 0xca, 0xca, 0xca, 0xc6, 0xca, 0xca, 0xc6, 0xc3, 0xc3, 0xc5, 0xc7, 0xc5, 0xc4, 0xc5, 0xc5, 0xc7, 0xd0, 0xc7, 0xc5, 0xc5, 0xc7, 0xc5, 0xc5, 0xc2, 0xc5, 0xc5, 0xc5, 0xc7, 0xc6, 0xc6, 0xc6, 0xca, 0xc7, 0xc7, 0xc7, 0xd1, 0xd2, 0xd2, 0xd2, 0xda, 0xdc, 0xda, 0xda, 0xda, 0xd4, 0xd4, 0xd9, 0xd8, 0xc8, 0x9b, 0x88, 0x88, 0xa8, 0xd9, 0xf5, 0xf7, 0xf7, 0xf6, 0xf7, 0xf7, 0xfc, 0xfc, 0xfc, 0xfc, 0xfc, 0xfc, 0xfc, 0xfc, 0xfc, 0xfc, 0xfc, 0xf7, 0xec, 0xe9, 0xe1, 0xbb, 0x9e, 0x94, 0x85, 0x73, 0x66, 0x56, 0x55, 0x54, 0x3d, 0x39, 0x36, 0x32, 0x36, 0x32, 0x32, 0x36, 0x36, 0x36, 0x36, 0x3a, 0x34, 0x34, 0x3d, 0x3d, 0x54, 0x53, 0x56, 0x72, 0x7a, 0x85, 0x94, 0x99, 0x9c, 0xb2, 0xb1, 0x9c, 0x9a, 0x9a, 0xb1, 0x9c, 0xb2, 0xb8, 0xcc, 0xe6, 0xf5, 0xf5, 0xf5, 0xf5, 0xf4, 0xf4, 0xf5, 0xf5, 0xf4, 0xef, 0xef, 0xef, 0xf1, 0xf1, 0xf1, 0xdb, 0xdd, 0xdb, 0xd9, 0xdd, 0xdd, 0xdd, 0xda, 0xcb, 0xd4, 0xd4, 0xd4, 0xc8, 0xa7, 0x9b, 0x8d, 0xa8, 0xc8, 0xc8, 0xc9, 0xd4, 0xcf, 0xc8, 0xb7, 0xb5, 0xb1, 0x94, 0x7c, 0x56, 0x24, 0x32, 0x44, 0x3d, 0x55, 0x54, 0x54, 0x54, 0x55,
  0xcc, 0xcd, 0xcd, 0xcc, 0xcc, 0xcd, 0xce, 0xcc, 0xb8, 0xb8, 0xbd, 0xbd, 0xbd, 0xb8, 0xb6, 0xb6, 0xb6, 0xb5, 0xb2, 0xb1, 0xb1, 0xb1, 0x9c, 0x94, 0x85, 0x7a, 0x92, 0x93, 0x88, 0x85, 0x7c, 0x7c, 0x7c, 0x7c, 0x7a, 0x7c, 0x7c, 0x79, 0x7c, 0x7c, 0x7c, 0x7c, 0x7c, 0x79, 0x7c, 0x7c, 0x7c, 0x7c, 0x79, 0x79, 0x79, 0x79, 0x73, 0x73, 0x73, 0x66, 0x66, 0x59, 0x59, 0x72, 0x72, 0x5f, 0x54, 0x54, 0x55, 0x54, 0x55, 0x55, 0x55, 0x55, 0x54, 0x54, 0x54, 0x55, 0x59, 0x5f, 0x59, 0x55, 0x55, 0x55, 0x59, 0x5f, 0x59, 0x55, 0x54, 0x54, 0x54, 0x54, 0x54, 0x54, 0x54, 0x3d, 0x3d, 0x3d, 0x36, 0x36, 0x36, 0x3d, 0x3d, 0x3d, 0x36, 0x3d, 0x36, 0x36, 0x3d, 0x36, 0x36, 0x36, 0x35, 0x25, 0x1e, 0x19, 0x15, 0x11, 0x11, 0x11, 0x15, 0x3c, 0x71, 0x7a, 0x88, 0x8e, 0x8e, 0xa7, 0xa8, 0xb7, 0xc8, 0xc8, 0xce, 0xce, 0xd8, 0xcf, 0xcf, 0xd8, 0xcb, 0xcb, 0xc9, 0xc9, 0xc9, 0xc6, 0xc6, 0xc9, 0xd4, 0xd4, 0xcb, 0xca, 0xca, 0xc9, 0xc9, 0xc6, 0xc6, 0xca, 0xca, 0xc6, 0xc6, 0xc7, 0xc6, 0xc7, 0xca, 0xc7, 0xc6, 0xc6, 0xc7, 0xc7, 0xc7, 0xc6, 0xc6, 0xd0, 0xd0, 0xc6, 0xc5, 0xc6, 0xc7, 0xc7, 0xc6, 0xc3, 0xc3, 0xc3, 0xc6, 0xc6, 0xc5, 0xc7, 0xd0, 0xd3, 0xd3, 0xd1, 0xd5, 0xd5, 0xd4, 0xd5, 0xd4, 0xd4, 0xd5, 0xda, 0xda, 0xce, 0xa7, 0x8e, 0x8d, 0xa8, 0xcf, 0xf2, 0xf7, 0xf7, 0xf6, 0xf7, 0xf7, 0xfd, 0xfc, 0xfc, 0xfc, 0xfc, 0xfc, 0xfc, 0xfc, 0xfc, 0xfc, 0xfd, 0xfd, 0xfc, 0xf7, 0xf6, 0xe9, 0xcd, 0xb6, 0x9e, 0x93, 0x85, 0x7a, 0x73, 0x72, 0x5f, 0x54, 0x3d, 0x34, 0x34, 0x36, 0x3a, 0x3a, 0x34, 0x34, 0x3d, 0x3d, 0x3d, 0x34, 0x34, 0x3d, 0x53, 0x4e, 0x57, 0x72, 0x7a, 0x7c, 0x93, 0x99, 0x9c, 0xb1, 0xb1, 0x9c, 0x9c, 0x99, 0x9c, 0x9a, 0x9a, 0xb2, 0xbd, 0xe6, 0xf5, 0xf5, 0xf4, 0xef, 0xef, 0xf4, 0xf1, 0xf4, 0xf5, 0xf0, 0xf4, 0xf4, 0xef, 0xf1, 0xf1, 0xf0, 0xf1, 0xf0, 0xdb, 0xda, 0xda, 0xdd, 0xdd, 0xcb, 0xd4, 0xd4, 0xd4, 0xd4, 0xa8, 0xa7, 0xa8, 0xc8, 0xc8, 0xc8, 0xcb, 0xd4, 0xce, 0xb7, 0xa7, 0xa7, 0x9c, 0x88, 0x73, 0x44, 0x2b, 0x36, 0x3d, 0x54, 0x55, 0x55, 0x55, 0x54, 0x3d,
  0xcc, 0xcc, 0xcc, 0xcc, 0xbd, 0xcc, 0xcc, 0xb8, 0xb8, 0xb5, 0xb6, 0xb8, 0xb8, 0xbd, 0xb8, 0xb5, 0xb2, 0xb5, 0xb6, 0xb2, 0xb2, 0xb1, 0x9c, 0x93, 0x7c, 0x7a, 0x93, 0x94, 0x93, 0x86, 0x85, 0x85, 0x86, 0x7c, 0x6d, 0x79, 0x7c, 0x79, 0x7c, 0x7c, 0x79, 0x79, 0x7c, 0x79, 0x7c, 0x7c, 0x7c, 0x79, 0x79, 0x79, 0x79, 0x79, 0x73, 0x73, 0x73, 0x72, 0x59, 0x5f, 0x72, 0x72, 0x72, 0x5f, 0x3d, 0x3d, 0x54, 0x55, 0x55, 0x55, 0x55, 0x55, 0x54, 0x54, 0x54, 0x55, 0x59, 0x72, 0x59, 0x59, 0x59, 0x59, 0x5f, 0x72, 0x59, 0x54, 0x54, 0x54, 0x54, 0x55, 0x54, 0x3d, 0x3d, 0x3d, 0x3d, 0x3d, 0x36, 0x36, 0x36, 0x3d, 0x36, 0x36, 0x3d, 0x3d, 0x3d, 0x3d, 0x3d, 0x36, 0x36, 0x36, 0x31, 0x31, 0x25, 0x1e, 0x19, 0x11, 0x11, 0x11, 0x15, 0x3c, 0x71, 0x74, 0x92, 0x88, 0x8e, 0x9b, 0xa8, 0xb7, 0xb7, 0xc8, 0xcc, 0xce, 0xcf, 0xcf, 0xcf, 0xd9, 0xc8, 0xc8, 0xc9, 0xc9, 0xc9, 0xc9, 0xc8, 0xc9, 0xcb, 0xcb, 0xc9, 0xc9, 0xd2, 0xd4, 0xcb, 0xc9, 0xc9, 0xca, 0xca, 0xca, 0xc7, 0xca, 0xca, 0xca, 0xc6, 0xc6, 0xc6, 0xca, 0xd0, 0xd0, 0xd0, 0xc6, 0xc6, 0xd0, 0xd0, 0xc6, 0xca, 0xca, 0xc6, 0xd0, 0xca, 0xc6, 0xca, 0xca, 0xca, 0xca, 0xc7, 0xc7, 0xc6, 0xca, 0xd0, 0xca, 0xd1, 0xcb, 0xc9, 0xd2, 0xd2, 0xd2, 0xd4, 0xda, 0xda, 0xd4, 0xa8, 0x8e, 0x8e, 0xa7, 0xcc, 0xf2, 0xf7, 0xf7, 0xf6, 0xf6, 0xf7, 0xfd, 0xfc, 0xfc, 0xfc, 0xfc, 0xfc, 0xfc, 0xfc, 0xfc, 0xfc, 0xfc, 0xfd, 0xfd, 0xfd, 0xfd, 0xfd, 0xf6, 0xe5, 0xcc, 0xb1, 0x9a, 0x93, 0x7e, 0x77, 0x72, 0x56, 0x54, 0x39, 0x39, 0x3d, 0x3d, 0x3d, 0x34, 0x34, 0x34, 0x3d, 0x3d, 0x3d, 0x3a, 0x39, 0x39, 0x45, 0x59, 0x72, 0x73, 0x7c, 0x93, 0x9b, 0x9c, 0xb1, 0xb1, 0xb2, 0xb1, 0x9a, 0x9c, 0x9c, 0x9c, 0x9c, 0xb5, 0xce, 0xf2, 0xf4, 0xf4, 0xf2, 0xf0, 0xf5, 0xf4, 0xf4, 0xf5, 0xf4, 0xf5, 0xf5, 0xf4, 0xf4, 0xf4, 0xf1, 0xf1, 0xf1, 0xdd, 0xda, 0xda, 0xda, 0xda, 0xd4, 0xd4, 0xcb, 0xd4, 0xd4, 0xc9, 0xb7, 0xc8, 0xc8, 0xc8, 0xcb, 0xcb, 0xd4, 0xce, 0xc8, 0xb2, 0x9b, 0x8e, 0x7c, 0x66, 0x38, 0x33, 0x36, 0x3d, 0x54, 0x3d, 0x55, 0x5f, 0x55, 0x3d,
  0xb8, 0xbd, 0xbd, 0xbd, 0xbd, 0xcc, 0xbd, 0xb8, 0xbd, 0xb6, 0xb6, 0xb8, 0xb8, 0xb8, 0xb8, 0xb2, 0xb2, 0xb6, 0xb5, 0xb1, 0xb1, 0x9c, 0x9a, 0x99, 0x94, 0x93, 0x99, 0x99, 0x99, 0x88, 0x88, 0x88, 0x88, 0x86, 0x7c, 0x79, 0x79, 0x7c, 0x7c, 0x7c, 0x6d, 0x79, 0x85, 0x7c, 0x7c, 0x7c, 0x7c, 0x7c, 0x85, 0x7c, 0x79, 0x7c, 0x73, 0x73, 0x7a, 0x73, 0x72, 0x72, 0x72, 0x72, 0x72, 0x5f, 0x55, 0x54, 0x55, 0x59, 0x55, 0x55, 0x54, 0x54, 0x55, 0x55, 0x55, 0x55, 0x59, 0x59, 0x55, 0x59, 0x5f, 0x5f, 0x5f, 0x5f, 0x59, 0x54, 0x54, 0x55, 0x55, 0x5f, 0x59, 0x3d, 0x3d, 0x3d, 0x3d, 0x3d, 0x36, 0x3d, 0x3d, 0x3d, 0x3d, 0x3d, 0x3d, 0x36, 0x36, 0x3d, 0x3d, 0x36, 0x35, 0x35, 0x35, 0x25, 0x1e, 0x1e, 0x19, 0x11, 0x11, 0x11, 0x11, 0x26, 0x52, 0x74, 0x7e, 0x88, 0x8e, 0x99, 0xa7, 0xa8, 0xb7, 0xb7, 0xc8, 0xce, 0xd9, 0xd9, 0xd8, 0xd4, 0xc8, 0xcb, 0xd4, 0xcb, 0xcb, 0xcb, 0xd4, 0xd4, 0xd4, 0xd4, 0xcb, 0xc9, 0xc9, 0xd4, 0xd4, 0xcb, 0xc9, 0xc6, 0xca, 0xd0, 0xc7, 0xc7, 0xc7, 0xca, 0xca, 0xca, 0xc6, 0xca, 0xd0, 0xd0, 0xd0, 0xc7, 0xca, 0xd0, 0xd0, 0xca, 0xc6, 0xca, 0xc6, 0xd0, 0xca, 0xc6, 0xc9, 0xc9, 0xca, 0xca, 0xca, 0xd0, 0xc5, 0xc6, 0xd0, 0xca, 0xca, 0xca, 0xc9, 0xd2, 0xd2, 0xcb, 0xd2, 0xd4, 0xd4, 0xd4, 0xc8, 0x9b, 0x8d, 0x99, 0xb7, 0xe6, 0xf7, 0xf7, 0xf6, 0xf6, 0xfd, 0xfd, 0xfc, 0xfc, 0xfc, 0xfc, 0xfc, 0xfc, 0xfc, 0xfc, 0xfc, 0xfc, 0xfd, 0xfd, 0xfd, 0xfd, 0xfd, 0xfd, 0xf7, 0xf6, 0xe5, 0xbb, 0xb3, 0x9a, 0x92, 0x7a, 0x74, 0x72, 0x5f, 0x59, 0x55, 0x54, 0x54, 0x39, 0x34, 0x3a, 0x3d, 0x3d, 0x3d, 0x3d, 0x34, 0x2f, 0x44, 0x59, 0x66, 0x66, 0x7a, 0x93, 0x9a, 0xb1, 0xb1, 0x9c, 0x9c, 0xb1, 0x9a, 0x99, 0x9c, 0x9c, 0x9c, 0xb1, 0xb8, 0xe3, 0xf2, 0xf2, 0xf2, 0xf2, 0xf4, 0xf4, 0xf4, 0xf1, 0xf4, 0xf4, 0xf4, 0xf5, 0xf5, 0xf5, 0xf0, 0xdb, 0xdb, 0xdd, 0xdb, 0xdb, 0xdb, 0xdd, 0xd9, 0xd4, 0xcb, 0xcb, 0xd4, 0xd2, 0xc8, 0xc8, 0xc9, 0xc8, 0xc8, 0xcb, 0xcf, 0xce, 0xc8, 0xb7, 0x99, 0x85, 0x73, 0x53, 0x2b, 0x33, 0x3d, 0x3d, 0x3d, 0x54, 0x5f, 0x59, 0x59, 0x5f,
  0xb6, 0xb8, 0xb8, 0xb6, 0xb8, 0xbd, 0xbd, 0xb8, 0xb8, 0xbd, 0xb8, 0xb8, 0xb6, 0xb6, 0xb8, 0xb6, 0xb5, 0xb4, 0xb5, 0xb1, 0x9c, 0xb1, 0x9c, 0x9c, 0x9c, 0x9c, 0x9c, 0x99, 0x99, 0x99, 0x94, 0x88, 0x88, 0x88, 0x88, 0x85, 0x7c, 0x7c, 0x85, 0x85, 0x7c, 0x7c, 0x7c, 0x85, 0x85, 0x7c, 0x7c, 0x7c, 0x7c, 0x7c, 0x7c, 0x79, 0x73, 0x73, 0x73, 0x73, 0x72, 0x5f, 0x72, 0x72, 0x72, 0x59, 0x55, 0x55, 0x55, 0x59, 0x55, 0x55, 0x54, 0x54, 0x54, 0x55, 0x55, 0x59, 0x59, 0x54, 0x54, 0x55, 0x59, 0x59, 0x59, 0x59, 0x59, 0x55, 0x55, 0x59, 0x55, 0x55, 0x59, 0x55, 0x54, 0x54, 0x3d, 0x3d, 0x3d, 0x3d, 0x3d, 0x54, 0x3d, 0x36, 0x36, 0x36, 0x36, 0x36, 0x3d, 0x36, 0x35, 0x36, 0x36, 0x25, 0x25, 0x1e, 0x19, 0x19, 0x11, 0x11, 0x11, 0x1c, 0x52, 0x74, 0x7d, 0x93, 0x99, 0x8e, 0x9b, 0xa8, 0xb7, 0xb7, 0xc8, 0xce, 0xd8, 0xd4, 0xcf, 0xcb, 0xd4, 0xd9, 0xd4, 0xd4, 0xd4, 0xd4, 0xd4, 0xd4, 0xd4, 0xd4, 0xd4, 0xcb, 0xc8, 0xcb, 0xcb, 0xcb, 0xc8, 0xc9, 0xca, 0xd0, 0xca, 0xc6, 0xc6, 0xd0, 0xd2, 0xd3, 0xd0, 0xc6, 0xca, 0xca, 0xca, 0xca, 0xca, 0xca, 0xd1, 0xd1, 0xc6, 0xc6, 0xca, 0xca, 0xc6, 0xc6, 0xc9, 0xc9, 0xcb, 0xd1, 0xca, 0xc6, 0xc6, 0xc7, 0xca, 0xca, 0xd0, 0xca, 0xcb, 0xd2, 0xcb, 0xcb, 0xcb, 0xcb, 0xcb, 0xcb, 0xcb, 0xa7, 0x87, 0x8e, 0xb2, 0xce, 0xf6, 0xfd, 0xf7, 0xf7, 0xf7, 0xfd, 0xfc, 0xfc, 0xfc, 0xfc, 0xfc, 0xfc, 0xfc, 0xfc, 0xfd, 0xfd, 0xfc, 0xfd, 0xfd, 0xfd, 0xfc, 0xf7, 0xf7, 0xfd, 0xf7, 0xf2, 0xcd, 0xbb, 0xb3, 0x93, 0x91, 0x91, 0x7d, 0x7a, 0x72, 0x59, 0x56, 0x53, 0x45, 0x39, 0x36, 0x36, 0x36, 0x36, 0x33, 0x2b, 0x44, 0x4e, 0x56, 0x72, 0x7e, 0x92, 0x9a, 0xb1, 0xb1, 0x9c, 0x9a, 0x9a, 0x99, 0x99, 0x99, 0x9c, 0x9c, 0x9c, 0xb2, 0xce, 0xf2, 0xf2, 0xf2, 0xf2, 0xf4, 0xf4, 0xf0, 0xf4, 0xf5, 0xf4, 0xf4, 0xf4, 0xf5, 0xf5, 0xf1, 0xdb, 0xd9, 0xdd, 0xf1, 0xdb, 0xdb, 0xdd, 0xd9, 0xcf, 0xcf, 0xd4, 0xcb, 0xcb, 0xc8, 0xcb, 0xcb, 0xb7, 0xc8, 0xd4, 0xc8, 0xc8, 0xc8, 0xb2, 0x88, 0x7a, 0x66, 0x38, 0x22, 0x32, 0x3d, 0x3d, 0x3d, 0x55, 0x5f, 0x5f, 0x59, 0x5f,
  0xbd, 0xb8, 0xb5, 0xb5, 0xb5, 0xb5, 0xb8, 0xb6, 0xb5, 0xb5, 0xb5, 0xb6, 0xb8, 0xb6, 0xb6, 0xb6, 0xb5, 0xb5, 0xb6, 0xb5, 0xb1, 0xb1, 0xb1, 0x9c, 0x9c, 0x9c, 0x9c, 0x9c, 0x94, 0x94, 0x93, 0x88, 0x8e, 0x99, 0x99, 0x88, 0x85, 0x88, 0x88, 0x86, 0x86, 0x85, 0x7c, 0x85, 0x7c, 0x7c, 0x7c, 0x79, 0x79, 0x7c, 0x79, 0x73, 0x73, 0x68, 0x66, 0x66, 0x59, 0x59, 0x5f, 0x5f, 0x5f, 0x5f, 0x59, 0x59, 0x55, 0x59, 0x59, 0x59, 0x59, 0x55, 0x54, 0x59, 0x59, 0x55, 0x54, 0x45, 0x47, 0x59, 0x55, 0x55, 0x59, 0x59, 0x59, 0x59, 0x59, 0x59, 0x59, 0x59, 0x59, 0x59, 0x55, 0x55, 0x54, 0x3d, 0x3d, 0x3d, 0x3d, 0x3d, 0x3d, 0x3d, 0x3d, 0x3d, 0x36, 0x3d, 0x3d, 0x36, 0x35, 0x36, 0x36, 0x35, 0x35, 0x35, 0x35, 0x35, 0x19, 0x15, 0x15, 0x26, 0x52, 0x71, 0x7d, 0x93, 0x94, 0x99, 0x9b, 0xa8, 0xb2, 0xb7, 0xc8, 0xc8, 0xcb, 0xcf, 0xd8, 0xcf, 0xcb, 0xcf, 0xcf, 0xcf, 0xd4, 0xcb, 0xcb, 0xcb, 0xd4, 0xd4, 0xd4, 0xcb, 0xcb, 0xcb, 0xcf, 0xcb, 0xc9, 0xd4, 0xd2, 0xd1, 0xd0, 0xca, 0xca, 0xd1, 0xd2, 0xd2, 0xd1, 0xca, 0xca, 0xd1, 0xca, 0xd1, 0xca, 0xca, 0xca, 0xd1, 0xca, 0xca, 0xca, 0xca, 0xca, 0xc9, 0xc9, 0xc9, 0xcb, 0xd2, 0xd0, 0xc6, 0xc6, 0xca, 0xca, 0xc6, 0xca, 0xcb, 0xcb, 0xcb, 0xc9, 0xcb, 0xcb, 0xcb, 0xd4, 0xd4, 0xcb, 0xa7, 0x87, 0x88, 0xb1, 0xce, 0xf6, 0xf7, 0xfc, 0xfd, 0xfd, 0xfd, 0xfc, 0xfc, 0xfc, 0xfc, 0xfc, 0xfc, 0xfc, 0xfc, 0xfc, 0xfc, 0xfc, 0xfc, 0xfc, 0xfd, 0xfd, 0xf7, 0xf7, 0xfd, 0xfd, 0xf7, 0xeb, 0xe4, 0xe1, 0xba, 0x9e, 0x9d, 0x91, 0x7e, 0x7d, 0x7a, 0x74, 0x66, 0x72, 0x53, 0x52, 0x3d, 0x3d, 0x44, 0x33, 0x33, 0x53, 0x56, 0x56, 0x73, 0x7e, 0x92, 0x9a, 0xb1, 0xb1, 0x9c, 0x9a, 0x9a, 0x9a, 0x99, 0x99, 0x9b, 0x9c, 0xb1, 0xb2, 0xbd, 0xe6, 0xf2, 0xf2, 0xf2, 0xf0, 0xf2, 0xf4, 0xf4, 0xf5, 0xf5, 0xf5, 0xf5, 0xf5, 0xf5, 0xf1, 0xdb, 0xd9, 0xdd, 0xdd, 0xdb, 0xdb, 0xdb, 0xd9, 0xd9, 0xd9, 0xd4, 0xcb, 0xcb, 0xc9, 0xc9, 0xc9, 0xb7, 0xc8, 0xcf, 0xb7, 0xb7, 0xb5, 0x9b, 0x86, 0x73, 0x53, 0x2b, 0x24, 0x36, 0x3d, 0x3d, 0x54, 0x55, 0x5f, 0x72, 0x72, 0x72,
  0xbd, 0xb8, 0xb2, 0xb2, 0xb5, 0xb2, 0xb2, 0xb2, 0xb1, 0xb1, 0xb2, 0xb6, 0xb8, 0xb8, 0xb6, 0xb5, 0xb8, 0xb8, 0xb6, 0xb1, 0xb1, 0xb2, 0xb5, 0xb2, 0xb1, 0xb1, 0x9c, 0x9c, 0x99, 0x93, 0x93, 0x94, 0x99, 0x94, 0x94, 0x88, 0x88, 0x94, 0x94, 0x88, 0x86, 0x7c, 0x7c, 0x86, 0x85, 0x7c, 0x7c, 0x7c, 0x7c, 0x79, 0x79, 0x7c, 0x7a, 0x66, 0x66, 0x68, 0x66, 0x59, 0x5f, 0x5f, 0x5f, 0x5f, 0x59, 0x59, 0x59, 0x55, 0x59, 0x5f, 0x5f, 0x59, 0x54, 0x59, 0x59, 0x55, 0x54, 0x54, 0x54, 0x55, 0x59, 0x54, 0x54, 0x55, 0x59, 0x5f, 0x59, 0x55, 0x55, 0x59, 0x5f, 0x5f, 0x5f, 0x55, 0x54, 0x3d, 0x36, 0x36, 0x36, 0x32, 0x36, 0x3d, 0x3d, 0x3d, 0x3d, 0x3d, 0x3d, 0x36, 0x35, 0x31, 0x35, 0x36, 0x35, 0x35, 0x35, 0x35, 0x1e, 0x19, 0x15, 0x35, 0x3c, 0x71, 0x77, 0x92, 0x99, 0x9b, 0xa7, 0xb2, 0xb5, 0xb7, 0xc8, 0xc8, 0xc8, 0xd4, 0xcf, 0xd4, 0xcf, 0xcb, 0xcf, 0xcf, 0xcf, 0xcf, 0xcb, 0xcb, 0xcb, 0xd4, 0xd4, 0xc8, 0xce, 0xd4, 0xd8, 0xcb, 0xc9, 0xda, 0xd5, 0xd2, 0xcb, 0xcb, 0xd2, 0xd2, 0xd2, 0xd1, 0xd2, 0xd2, 0xd2, 0xd3, 0xd2, 0xd3, 0xd2, 0xcb, 0xcb, 0xd1, 0xd3, 0xd2, 0xd1, 0xd2, 0xcb, 0xc9, 0xc8, 0xc8, 0xc9, 0xc9, 0xca, 0xca, 0xca, 0xd0, 0xd1, 0xc9, 0xd2, 0xd4, 0xd4, 0xd4, 0xcb, 0xd4, 0xcb, 0xcb, 0xd9, 0xd8, 0xce, 0xb5, 0x99, 0x8e, 0x9c, 0xbd, 0xeb, 0xf6, 0xf7, 0xfd, 0xfc, 0xfc, 0xfc, 0xfc, 0xfc, 0xfc, 0xfc, 0xfc, 0xfc, 0xfc, 0xfc, 0xfc, 0xfc, 0xfc, 0xfd, 0xfd, 0xfc, 0xf7, 0xf7, 0xf7, 0xfc, 0xfd, 0xf7, 0xfc, 0xf3, 0xe4, 0xbf, 0xbc, 0xb3, 0x9d, 0x97, 0x97, 0x93, 0x7a, 0x7a, 0x73, 0x66, 0x56, 0x53, 0x56, 0x53, 0x44, 0x56, 0x56, 0x56, 0x66, 0x7a, 0x92, 0x9a, 0xb1, 0xb2, 0xb1, 0x9e, 0x9c, 0x9a, 0x9c, 0x9c, 0x9c, 0x9c, 0x9c, 0x9c, 0xb5, 0xce, 0xf2, 0xf2, 0xe6, 0xef, 0xf2, 0xf5, 0xf5, 0xf4, 0xf0, 0xf5, 0xf5, 0xf5, 0xf1, 0xdb, 0xdb, 0xd9, 0xdb, 0xd9, 0xd9, 0xef, 0xdd, 0xf0, 0xdd, 0xd8, 0xcf, 0xcb, 0xc9, 0xc9, 0xc8, 0xc8, 0xb7, 0xb7, 0xc8, 0xb7, 0xb2, 0xa7, 0x99, 0x86, 0x73, 0x44, 0x24, 0x31, 0x36, 0x3d, 0x54, 0x55, 0x59, 0x72, 0x73, 0x73, 0x73,
  0xb8, 0xb2, 0xb1, 0xb2, 0xb8, 0xb2, 0xb1, 0xb1, 0x9c, 0xb1, 0xb2, 0xb5, 0xb2, 0xb5, 0xb5, 0xb5, 0xb6, 0xb8, 0xb6, 0xb2, 0xb2, 0xb6, 0xb6, 0xb5, 0xb2, 0xb1, 0x9c, 0x9c, 0x9c, 0x99, 0x93, 0x94, 0x9a, 0x9a, 0x99, 0x88, 0x88, 0x94, 0x99, 0x94, 0x88, 0x85, 0x7c, 0x86, 0x85, 0x7c, 0x7c, 0x7c, 0x85, 0x85, 0x7c, 0x7c, 0x7a, 0x6c, 0x6c, 0x73, 0x69, 0x59, 0x59, 0x59, 0x59, 0x59, 0x59, 0x5f, 0x5f, 0x5f, 0x5f, 0x5f, 0x5f, 0x59, 0x59, 0x55, 0x59, 0x55, 0x54, 0x55, 0x55, 0x54, 0x55, 0x54, 0x55, 0x59, 0x5f, 0x72, 0x5f, 0x59, 0x59, 0x59, 0x5f, 0x5f, 0x59, 0x55, 0x5f, 0x55, 0x3d, 0x3d, 0x36, 0x36, 0x36, 0x36, 0x36, 0x3d, 0x3d, 0x36, 0x36, 0x3d, 0x35, 0x35, 0x35, 0x35, 0x35, 0x35, 0x35, 0x35, 0x35, 0x35, 0x1e, 0x1e, 0x35, 0x5a, 0x74, 0x7a, 0x88, 0x99, 0x9c, 0xb5, 0xb7, 0xb7, 0xc8, 0xce, 0xc8, 0xc8, 0xcb, 0xcf, 0xcf, 0xcb, 0xcf, 0xd8, 0xd8, 0xcf, 0xcf, 0xd4, 0xd4, 0xd4, 0xcb, 0xc8, 0xc8, 0xcb, 0xd4, 0xd4, 0xd4, 0xda, 0xda, 0xd5, 0xcb, 0xcb, 0xd2, 0xd5, 0xd5, 0xd5, 0xd5, 0xd5, 0xd5, 0xd5, 0xd6, 0xd2, 0xd2, 0xd3, 0xcb, 0xc9, 0xd2, 0xd2, 0xcb, 0xd2, 0xd2, 0xcb, 0xcb, 0xcb, 0xcb, 0xcb, 0xc9, 0xca, 0xca, 0xca, 0xcb, 0xd2, 0xd4, 0xd4, 0xd4, 0xd4, 0xcb, 0xcb, 0xcb, 0xcb, 0xcf, 0xcf, 0xce, 0xb8, 0x9b, 0x88, 0x94, 0xb1, 0xe3, 0xf6, 0xfc, 0xfd, 0xfc, 0xfc, 0xfc, 0xfc, 0xfc, 0xfc, 0xfc, 0xfc, 0xfc, 0xfc, 0xfc, 0xfc, 0xfc, 0xfd, 0xfd, 0xfd, 0xf7, 0xf7, 0xfc, 0xfc, 0xfc, 0xfd, 0xfd, 0xfd, 0xfc, 0xfc, 0xf3, 0xeb, 0xdf, 0xbf, 0xb6, 0x9d, 0x9a, 0x97, 0x92, 0x7e, 0x7a, 0x73, 0x73, 0x73, 0x72, 0x56, 0x5e, 0x5e, 0x56, 0x66, 0x7a, 0x91, 0x99, 0x9c, 0xb1, 0xb2, 0xb1, 0xb1, 0x9c, 0x9c, 0x9c, 0xb1, 0x9c, 0xb1, 0xb1, 0xb5, 0xcc, 0xf2, 0xf2, 0xe6, 0xf2, 0xf4, 0xf5, 0xf5, 0xf5, 0xf4, 0xf5, 0xf5, 0xf5, 0xf0, 0xf0, 0xf0, 0xd9, 0xef, 0xd8, 0xd8, 0xdb, 0xd9, 0xf0, 0xd9, 0xcf, 0xcf, 0xcb, 0xca, 0xc8, 0xc8, 0xb7, 0xb7, 0xb7, 0xb5, 0xb7, 0xb2, 0xa7, 0x99, 0x86, 0x73, 0x53, 0x36, 0x36, 0x3d, 0x3d, 0x55, 0x59, 0x5f, 0x72, 0x73, 0x73, 0x73,
  0xb8, 0xb1, 0x9c, 0xb2, 0xb6, 0xb2, 0xb1, 0xb1, 0xb1, 0x9c, 0xb2, 0xb2, 0xb1, 0xb2, 0xb2, 0xb4, 0xb6, 0xb6, 0xb6, 0xb6, 0xb6, 0xb4, 0xb4, 0xb4, 0xb2, 0xb1, 0x9c, 0x9c, 0x9a, 0x9a, 0x94, 0x94, 0x93, 0x99, 0x9a, 0x8e, 0x88, 0x88, 0x94, 0x88, 0x88, 0x88, 0x85, 0x85, 0x85, 0x85, 0x7c, 0x7c, 0x85, 0x86, 0x85, 0x79, 0x79, 0x73, 0x73, 0x73, 0x72, 0x59, 0x55, 0x55, 0x59, 0x55, 0x55, 0x5f, 0x59, 0x59, 0x5f, 0x5f, 0x59, 0x5f, 0x59, 0x59, 0x59, 0x59, 0x55, 0x55, 0x54, 0x54, 0x54, 0x55, 0x5f, 0x5f, 0x5f, 0x72, 0x59, 0x5f, 0x72, 0x5f, 0x5f, 0x5f, 0x55, 0x55, 0x5f, 0x5f, 0x54, 0x3d, 0x36, 0x3d, 0x36, 0x36, 0x36, 0x36, 0x3d, 0x36, 0x36, 0x3d, 0x3d, 0x37, 0x37, 0x37, 0x37, 0x37, 0x37, 0x37, 0x35, 0x35, 0x35, 0x19, 0x1e, 0x5a, 0x5e, 0x74, 0x7e, 0x94, 0x9b, 0xa8, 0xb7, 0xc8, 0xc8, 0xc8, 0xc8, 0xc8, 0xcf, 0xcf, 0xcf, 0xcf, 0xd8, 0xd8, 0xcf, 0xcf, 0xcf, 0xcf, 0xd4, 0xd4, 0xcb, 0xcb, 0xcb, 0xcb, 0xcb, 0xd4, 0xda, 0xda, 0xd4, 0xd4, 0xd4, 0xd4, 0xd4, 0xd2, 0xd2, 0xd2, 0xd5, 0xd2, 0xd2, 0xd5, 0xd5, 0xd2, 0xcb, 0xd2, 0xcb, 0xd4, 0xd5, 0xd4, 0xcb, 0xcb, 0xcb, 0xcb, 0xcb, 0xcb, 0xcb, 0xcb, 0xcb, 0xcb, 0xc9, 0xc9, 0xcb, 0xcb, 0xcb, 0xcb, 0xcb, 0xcb, 0xcb, 0xd4, 0xd8, 0xc8, 0xc8, 0xce, 0xce, 0xb7, 0x9b, 0x88, 0x93, 0xb1, 0xdf, 0xf7, 0xfd, 0xfd, 0xf7, 0xf7, 0xfc, 0xfc, 0xfd, 0xfd, 0xfc, 0xfc, 0xfc, 0xfc, 0xfc, 0xfc, 0xfd, 0xfd, 0xfd, 0xfd, 0xf7, 0xf7, 0xfc, 0xfc, 0xfc, 0xfc, 0xfd, 0xfc, 0xfd, 0xfd, 0xfc, 0xf7, 0xf3, 0xeb, 0xe4, 0xbe, 0xbb, 0xbb, 0xb1, 0x9a, 0x93, 0x88, 0x92, 0x85, 0x7a, 0x74, 0x74, 0x74, 0x72, 0x73, 0x7a, 0x92, 0x9a, 0x9c, 0xb1, 0xb1, 0xb1, 0x9c, 0x9c, 0x9c, 0x9c, 0x9c, 0x9c, 0x9c, 0xb1, 0xb8, 0xce, 0xf2, 0xf2, 0xe6, 0xf5, 0xf5, 0xf5, 0xf5, 0xf5, 0xf5, 0xf1, 0xf4, 0xf4, 0xf4, 0xf1, 0xf1, 0xf1, 0xde, 0xde, 0xdd, 0xda, 0xd8, 0xd8, 0xcf, 0xce, 0xcf, 0xcb, 0xb7, 0xb7, 0xc8, 0xb7, 0xb7, 0xb7, 0xa8, 0xb7, 0xb7, 0xa7, 0x99, 0x85, 0x73, 0x53, 0x3d, 0x3d, 0x3d, 0x55, 0x5f, 0x5f, 0x72, 0x73, 0x73, 0x7a, 0x7a,
  0xb8, 0xb6, 0xb6, 0xb6, 0xb5, 0xb2, 0xb2, 0xb2, 0xb4, 0x9e, 0xb2, 0xb3, 0xb1, 0xb4, 0xb4, 0xb4, 0xb6, 0xb6, 0xb4, 0xb4, 0xb6, 0xb6, 0xb4, 0xb2, 0xb1, 0xb2, 0xb1, 0x9c, 0x9c, 0x9c, 0x9a, 0x99, 0x88, 0x93, 0x99, 0x8e, 0x88, 0x88, 0x88, 0x85, 0x88, 0x94, 0x88, 0x85, 0x85, 0x85, 0x85, 0x86, 0x86, 0x85, 0x85, 0x7c, 0x7a, 0x7a, 0x7a, 0x73, 0x72, 0x5f, 0x5f, 0x5f, 0x5f, 0x59, 0x55, 0x59, 0x55, 0x59, 0x5f, 0x59, 0x59, 0x5f, 0x5f, 0x5f, 0x59, 0x59, 0x59, 0x55, 0x55, 0x55, 0x55, 0x59, 0x5f, 0x5f, 0x59, 0x72, 0x72, 0x72, 0x72, 0x5f, 0x5f, 0x5f, 0x5f, 0x59, 0x55, 0x54, 0x3d, 0x3d, 0x3d, 0x3d, 0x3d, 0x3d, 0x3d, 0x36, 0x3d, 0x3d, 0x3d, 0x3d, 0x5a, 0x5a, 0x5a, 0x3f, 0x3f, 0x37, 0x37, 0x3f, 0x37, 0x35, 0x35, 0x1e, 0x1e, 0x35, 0x3d, 0x74, 0x7d, 0x93, 0x9a, 0xa7, 0xb7, 0xc8, 0xc8, 0xc8, 0xc8, 0xc8, 0xcb, 0xcf, 0xcf, 0xcf, 0xd9, 0xd8, 0xcf, 0xce, 0xcf, 0xd8, 0xd8, 0xd4, 0xd4, 0xda, 0xd5, 0xd4, 0xd4, 0xd4, 0xd4, 0xd4, 0xcb, 0xd4, 0xd4, 0xd4, 0xd4, 0xd4, 0xcb, 0xcb, 0xd2, 0xcb, 0xd2, 0xd2, 0xd2, 0xd4, 0xd4, 0xd4, 0xd4, 0xd5, 0xd4, 0xd5, 0xd4, 0xcb, 0xcb, 0xcb, 0xcb, 0xcb, 0xcb, 0xc9, 0xcb, 0xd2, 0xcb, 0xc9, 0xc9, 0xc9, 0xc9, 0xcb, 0xcb, 0xcb, 0xcb, 0xc8, 0xc8, 0xb7, 0xb7, 0xb7, 0xb7, 0xb2, 0x9b, 0x93, 0x93, 0x9c, 0xcc, 0xf2, 0xf7, 0xfd, 0xf7, 0xf7, 0xf7, 0xfc, 0xfd, 0xfd, 0xfd, 0xfc, 0xfc, 0xfc, 0xfc, 0xfc, 0xfc, 0xfc, 0xfd, 0xfd, 0xfc, 0xfc, 0xfc, 0xfc, 0xf7, 0xfc, 0xfd, 0xfd, 0xfd, 0xfd, 0xfc, 0xfd, 0xfd, 0xfc, 0xf6, 0xf6, 0xeb, 0xe4, 0xbd, 0xb4, 0xb4, 0x9c, 0x9a, 0x93, 0x91, 0x7e, 0x7d, 0x7d, 0x7a, 0x7a, 0x7c, 0x88, 0x94, 0x9e, 0xb2, 0xb1, 0xb1, 0x9a, 0x9e, 0xb1, 0xb1, 0x9c, 0x9c, 0xb5, 0xb8, 0xbe, 0xe3, 0xf2, 0xf2, 0xf2, 0xf2, 0xf5, 0xf5, 0xf5, 0xf5, 0xf4, 0xf0, 0xf4, 0xf1, 0xf1, 0xf1, 0xdb, 0xf1, 0xde, 0xde, 0xdc, 0xda, 0xda, 0xd4, 0xcf, 0xcb, 0xc8, 0xc8, 0xb7, 0xb7, 0xb7, 0xa7, 0xb7, 0xb7, 0xa8, 0xa8, 0xb2, 0x9b, 0x94, 0x85, 0x72, 0x53, 0x38, 0x53, 0x54, 0x5e, 0x5f, 0x72, 0x73, 0x73, 0x7a, 0x7c, 0x85,
  0xb8, 0xb8, 0xb8, 0xbd, 0xb6, 0xb5, 0xb5, 0xb2, 0xb6, 0xb4, 0xb4, 0xb4, 0xb4, 0xb4, 0xb6, 0xb6, 0xb6, 0xb6, 0xb2, 0xb1, 0xb4, 0xb4, 0xb4, 0xb2, 0xb2, 0xb4, 0xb5, 0xb1, 0xb2, 0xb1, 0x9c, 0x9c, 0x99, 0x93, 0x94, 0x8e, 0x88, 0x88, 0x88, 0x86, 0x88, 0x88, 0x88, 0x85, 0x85, 0x7c, 0x85, 0x88, 0x86, 0x85, 0x85, 0x85, 0x7c, 0x85, 0x7c, 0x73, 0x73, 0x72, 0x72, 0x5f, 0x59, 0x59, 0x5f, 0x72, 0x72, 0x72, 0x5f, 0x59, 0x59, 0x5f, 0x55, 0x59, 0x59, 0x59, 0x55, 0x54, 0x55, 0x59, 0x59, 0x5f, 0x5f, 0x5f, 0x5f, 0x5f, 0x72, 0x7a, 0x72, 0x5f, 0x59, 0x59, 0x59, 0x55, 0x54, 0x54, 0x3d, 0x5b, 0x3d, 0x3d, 0x3d, 0x3d, 0x5b, 0x3d, 0x3d, 0x3d, 0x5b, 0x3d, 0x3d, 0x3d, 0x5a, 0x37, 0x5a, 0x3f, 0x37, 0x5a, 0x3f, 0x37, 0x37, 0x1e, 0x19, 0x25, 0x37, 0x5e, 0x74, 0x91, 0x99, 0x9c, 0xb5, 0xb5, 0xc8, 0xc8, 0xc8, 0xc8, 0xc8, 0xcf, 0xcf, 0xcf, 0xd8, 0xd8, 0xd8, 0xcf, 0xcf, 0xd8, 0xd8, 0xd9, 0xda, 0xda, 0xda, 0xda, 0xda, 0xd4, 0xd4, 0xd4, 0xd4, 0xcb, 0xd4, 0xd4, 0xd4, 0xd5, 0xd4, 0xcb, 0xcb, 0xcb, 0xd2, 0xcb, 0xcb, 0xd5, 0xda, 0xda, 0xd5, 0xd4, 0xd4, 0xd5, 0xda, 0xd6, 0xd5, 0xd2, 0xd2, 0xd2, 0xcb, 0xca, 0xcb, 0xd2, 0xc9, 0xc6, 0xc8, 0xc9, 0xcb, 0xcb, 0xd4, 0xcb, 0xc8, 0xb2, 0x9b, 0x9b, 0x9b, 0x9c, 0x9c, 0x9a, 0x94, 0x93, 0x92, 0x99, 0xb2, 0xe3, 0xf6, 0xf7, 0xf7, 0xf7, 0xf7, 0xfd, 0xfd, 0xfc, 0xfd, 0xfc, 0xfc, 0xfc, 0xfc, 0xfc, 0xf7, 0xfc, 0xfd, 0xfd, 0xfc, 0xfc, 0xfc, 0xfd, 0xfd, 0xfd, 0xfc, 0xfc, 0xfd, 0xfd, 0xfc, 0xfc, 0xfd, 0xfd, 0xfd, 0xfd, 0xf7, 0xf3, 0xe5, 0xe1, 0xcc, 0xb6, 0xb1, 0x9e, 0x9a, 0x93, 0x92, 0x91, 0x91, 0x92, 0x91, 0x93, 0x9a, 0x9c, 0x9c, 0x9a, 0x9c, 0x9c, 0x9e, 0xb1, 0xb2, 0xb2, 0xb5, 0xcc, 0xdf, 0xe3, 0xe6, 0xf2, 0xf6, 0xf5, 0xef, 0xf2, 0xf5, 0xf5, 0xf4, 0xf5, 0xf4, 0xf4, 0xdb, 0xf0, 0xf4, 0xdb, 0xdb, 0xf1, 0xdd, 0xd9, 0xda, 0xd9, 0xd4, 0xd4, 0xcb, 0xc8, 0xc8, 0xcb, 0xc8, 0xb7, 0xa7, 0xa8, 0xb5, 0xa8, 0xa8, 0xa8, 0x99, 0x93, 0x85, 0x72, 0x52, 0x38, 0x53, 0x5e, 0x5f, 0x72, 0x72, 0x73, 0x7a, 0x7c, 0x85, 0x86,
  0xb8, 0xb8, 0xb6, 0xb8, 0xb8, 0xb5, 0xb5, 0xb5, 0xb2, 0xb6, 0xb6, 0xb4, 0xb6, 0xb6, 0xb6, 0xb6, 0xb6, 0xb6, 0xb2, 0xb4, 0xb4, 0xb1, 0xb2, 0xb4, 0xb4, 0xb2, 0xb2, 0xb1, 0xb2, 0xb1, 0x9c, 0x9c, 0x9a, 0x94, 0x94, 0x99, 0x99, 0x88, 0x88, 0x94, 0x94, 0x88, 0x86, 0x85, 0x85, 0x85, 0x85, 0x88, 0x86, 0x85, 0x85, 0x85, 0x85, 0x85, 0x7a, 0x7a, 0x7a, 0x7a, 0x7a, 0x72, 0x59, 0x72, 0x72, 0x72, 0x72, 0x72, 0x5f, 0x5f, 0x5f, 0x5f, 0x55, 0x59, 0x5f, 0x59, 0x55, 0x55, 0x54, 0x55, 0x59, 0x59, 0x5f, 0x5f, 0x72, 0x5f, 0x5f, 0x72, 0x72, 0x72, 0x5f, 0x59, 0x55, 0x55, 0x55, 0x5f, 0x3d, 0x3d, 0x3d, 0x5a, 0x5b, 0x5a, 0x3d, 0x3d, 0x3d, 0x3d, 0x5b, 0x3d, 0x3d, 0x3d, 0x3d, 0x5a, 0x5a, 0x5a, 0x5a, 0x5a, 0x37, 0x37, 0x37, 0x1e, 0x19, 0x1e, 0x35, 0x52, 0x74, 0x7e, 0x93, 0x9a, 0xb1, 0xb5, 0xb7, 0xb7, 0xc8, 0xcb, 0xcb, 0xd4, 0xd4, 0xcb, 0xd4, 0xd8, 0xd8, 0xd8, 0xcf, 0xd8, 0xd8, 0xd8, 0xd9, 0xd4, 0xcb, 0xda, 0xd9, 0xd9, 0xda, 0xd9, 0xd4, 0xd4, 0xd4, 0xd4, 0xd4, 0xd4, 0xcb, 0xcb, 0xcb, 0xd2, 0xd2, 0xd2, 0xd4, 0xda, 0xd4, 0xd5, 0xd5, 0xd4, 0xd4, 0xda, 0xda, 0xd7, 0xd6, 0xd5, 0xd5, 0xd2, 0xd1, 0xca, 0xcb, 0xcb, 0xcb, 0xc9, 0xc9, 0xc9, 0xc9, 0xc8, 0xc8, 0xb7, 0xa7, 0x9b, 0x94, 0x93, 0x92, 0x92, 0x97, 0x93, 0x92, 0x92, 0x94, 0x9a, 0x9c, 0xbd, 0xf2, 0xf6, 0xf6, 0xf7, 0xf7, 0xf7, 0xf7, 0xf7, 0xf7, 0xf7, 0xf7, 0xf7, 0xf7, 0xf7, 0xfc, 0xfd, 0xfd, 0xfd, 0xfc, 0xfc, 0xfc, 0xfd, 0xfc, 0xfd, 0xfd, 0xfd, 0xfd, 0xfd, 0xfc, 0xfc, 0xfc, 0xfd, 0xfd, 0xfd, 0xfd, 0xf7, 0xf6, 0xf6, 0xe5, 0xbe, 0xbb, 0xb4, 0x9e, 0x9d, 0x9d, 0x9c, 0x9c, 0x9a, 0x94, 0x9d, 0xb1, 0xb1, 0x9c, 0x9a, 0xb1, 0xb1, 0x9e, 0xb1, 0xb6, 0xcc, 0xcc, 0xdf, 0xe5, 0xf2, 0xf2, 0xf2, 0xf5, 0xf5, 0xef, 0xf4, 0xf5, 0xf4, 0xf4, 0xf5, 0xf5, 0xf0, 0xdb, 0xf0, 0xf1, 0xdb, 0xd9, 0xdb, 0xdb, 0xd8, 0xd8, 0xd9, 0xd4, 0xda, 0xcb, 0xc8, 0xc8, 0xc8, 0xb7, 0xb7, 0xb2, 0x9b, 0x9b, 0xa7, 0xa7, 0xa7, 0x99, 0x92, 0x7a, 0x56, 0x52, 0x52, 0x54, 0x5e, 0x5f, 0x72, 0x73, 0x7a, 0x7a, 0x7c, 0x86, 0x88,
  0xcc, 0xcc, 0xbd, 0xb8, 0xbd, 0xb8, 0xb8, 0xb6, 0xb1, 0xb4, 0xb6, 0xb6, 0xb6, 0xb8, 0xb6, 0xb6, 0xb6, 0xb6, 0xb4, 0xb4, 0xb6, 0xb4, 0xb4, 0xb6, 0xb4, 0xb2, 0xb1, 0xb2, 0xb2, 0xb1, 0xb1, 0x9c, 0x94, 0x93, 0x94, 0x9a, 0x9a, 0x94, 0x88, 0x94, 0x99, 0x99, 0x88, 0x88, 0x88, 0x88, 0x86, 0x88, 0x86, 0x85, 0x85, 0x85, 0x85, 0x7c, 0x7a, 0x7a, 0x7a, 0x7a, 0x7a, 0x73, 0x72, 0x72, 0x72, 0x72, 0x72, 0x72, 0x59, 0x59, 0x5f, 0x5f, 0x55, 0x55, 0x5f, 0x5f, 0x5f, 0x59, 0x55, 0x55, 0x55, 0x59, 0x5f, 0x5f, 0x5f, 0x72, 0x72, 0x72, 0x72, 0x72, 0x72, 0x5f, 0x5f, 0x55, 0x55, 0x55, 0x3d, 0x5a, 0x5b, 0x5b, 0x5b, 0x3d, 0x3d, 0x5b, 0x3d, 0x3d, 0x3d, 0x5b, 0x5a, 0x3d, 0x3d, 0x5a, 0x5a, 0x5a, 0x5a, 0x5a, 0x5a, 0x5a, 0x3d, 0x35, 0x25, 0x1e, 0x35, 0x37, 0x5e, 0x7d, 0x91, 0x9a, 0xb1, 0xb6, 0xb5, 0xb7, 0xc8, 0xcb, 0xd4, 0xd4, 0xd4, 0xd4, 0xd8, 0xd8, 0xcf, 0xce, 0xcf, 0xd8, 0xd8, 0xd9, 0xda, 0xd4, 0xcb, 0xd9, 0xd9, 0xd8, 0xd4, 0xd4, 0xd4, 0xd8, 0xd9, 0xda, 0xd4, 0xcb, 0xcb, 0xcb, 0xcb, 0xd2, 0xcb, 0xcb, 0xd5, 0xd9, 0xd4, 0xd4, 0xd9, 0xd4, 0xd4, 0xd9, 0xd5, 0xd5, 0xd2, 0xd2, 0xd2, 0xd5, 0xd5, 0xd5, 0xd2, 0xd2, 0xd4, 0xd4, 0xd4, 0xd4, 0xc8, 0xb2, 0xa7, 0x99, 0x93, 0x92, 0x92, 0x92, 0x92, 0x92, 0x92, 0x92, 0x92, 0x93, 0x93, 0x94, 0x9c, 0xb4, 0xe3, 0xf5, 0xf5, 0xf6, 0xf6, 0xf6, 0xf6, 0xf5, 0xf6, 0xf6, 0xf6, 0xf6, 0xf6, 0xf7, 0xfd, 0xfd, 0xfd, 0xfd, 0xfc, 0xfc, 0xfd, 0xf7, 0xf7, 0xfc, 0xfd, 0xfd, 0xfd, 0xfd, 0xfc, 0xfc, 0xfd, 0xfd, 0xfc, 0xfc, 0xf7, 0xf7, 0xf7, 0xf6, 0xe5, 0xe1, 0xcd, 0xbe, 0xb6, 0xb4, 0xb6, 0xb6, 0xb4, 0x9e, 0x9d, 0xb3, 0xb4, 0xb3, 0xb2, 0xb1, 0xb4, 0xb4, 0xb5, 0xb8, 0xce, 0xe5, 0xe5, 0xf2, 0xf2, 0xf2, 0xf2, 0xf2, 0xf5, 0xf5, 0xf5, 0xf5, 0xf5, 0xf4, 0xf4, 0xf5, 0xf1, 0xd9, 0xcf, 0xcf, 0xd8, 0xd9, 0xd9, 0xcf, 0xcf, 0xd8, 0xcf, 0xcf, 0xd9, 0xd4, 0xcb, 0xc8, 0xc8, 0xb7, 0xa7, 0xb2, 0xa8, 0x9b, 0x99, 0x9b, 0x9b, 0x9c, 0x99, 0x7e, 0x5e, 0x52, 0x38, 0x52, 0x5b, 0x5e, 0x72, 0x72, 0x7a, 0x7a, 0x7a, 0x7c, 0x86, 0x93,
  0xb8, 0xb8, 0xb8, 0xb8, 0xbd, 0xbd, 0xb8, 0xb6, 0xb4, 0xb4, 0xb6, 0xb8, 0xb8, 0xbd, 0xbd, 0xbd, 0xbd, 0xbb, 0xb6, 0xb6, 0xb6, 0xb6, 0xb6, 0xb8, 0xb6, 0xb4, 0xb5, 0xb6, 0xb2, 0xb1, 0x9c, 0x9a, 0x94, 0x99, 0x9a, 0x99, 0x94, 0x88, 0x86, 0x86, 0x88, 0x88, 0x88, 0x88, 0x85, 0x85, 0x86, 0x86, 0x85, 0x85, 0x85, 0x85, 0x85, 0x85, 0x7c, 0x7c, 0x7a, 0x7a, 0x7a, 0x73, 0x72, 0x72, 0x72, 0x5f, 0x5f, 0x72, 0x5f, 0x5f, 0x5f, 0x55, 0x54, 0x55, 0x59, 0x59, 0x55, 0x55, 0x59, 0x59, 0x55, 0x5f, 0x5f, 0x5f, 0x5f, 0x5f, 0x72, 0x72, 0x72, 0x72, 0x72, 0x5f, 0x55, 0x5f, 0x5f, 0x55, 0x3d, 0x5a, 0x5b, 0x5b, 0x5b, 0x5b, 0x5b, 0x54, 0x54, 0x3d, 0x5b, 0x5b, 0x5b, 0x5b, 0x5a, 0x5a, 0x5a, 0x5a, 0x5a, 0x5a, 0x5a, 0x5a, 0x5a, 0x3d, 0x36, 0x25, 0x25, 0x37, 0x5e, 0x77, 0x91, 0x93, 0x9a, 0xb1, 0xb1, 0xb5, 0xb7, 0xc8, 0xcb, 0xd5, 0xd4, 0xd4, 0xd4, 0xcf, 0xcf, 0xcf, 0xd8, 0xd8, 0xd8, 0xd9, 0xd9, 0xd4, 0xd9, 0xd9, 0xdb, 0xdb, 0xd8, 0xcf, 0xd8, 0xd9, 0xd9, 0xd9, 0xd9, 0xd4, 0xcb, 0xd4, 0xd4, 0xd5, 0xd2, 0xd2, 0xda, 0xda, 0xd4, 0xd4, 0xd4, 0xd4, 0xd4, 0xd9, 0xda, 0xd4, 0xd4, 0xd5, 0xd5, 0xd5, 0xda, 0xdc, 0xd4, 0xcb, 0xcb, 0xd8, 0xd4, 0xc8, 0xb2, 0x9b, 0x93, 0x92, 0x92, 0x92, 0x92, 0x92, 0x92, 0x91, 0x92, 0x92, 0x92, 0x92, 0x93, 0x93, 0x94, 0x9c, 0xcc, 0xf2, 0xf5, 0xf6, 0xf6, 0xf5, 0xf2, 0xf2, 0xf2, 0xf2, 0xef, 0xef, 0xf2, 0xf6, 0xf6, 0xf7, 0xf7, 0xfd, 0xf7, 0xf7, 0xfd, 0xfc, 0xf7, 0xf7, 0xfd, 0xfc, 0xfc, 0xfd, 0xfc, 0xfc, 0xfd, 0xfc, 0xfc, 0xfd, 0xfc, 0xf7, 0xf7, 0xf2, 0xe3, 0xe1, 0xe1, 0xcd, 0xcd, 0xcc, 0xbd, 0xbe, 0xbe, 0xbb, 0xb3, 0xb4, 0xb3, 0xb4, 0xb6, 0xb6, 0xb6, 0xbd, 0xcc, 0xe3, 0xe5, 0xf2, 0xf2, 0xf6, 0xf6, 0xf2, 0xf2, 0xf2, 0xf2, 0xf5, 0xf5, 0xf5, 0xf5, 0xf4, 0xf4, 0xf0, 0xef, 0xd9, 0xcf, 0xcf, 0xef, 0xdb, 0xd8, 0xcf, 0xcf, 0xd8, 0xcf, 0xcf, 0xcf, 0xcb, 0xc8, 0xc8, 0xb7, 0xa8, 0xa8, 0xa7, 0x9b, 0x9b, 0x99, 0x94, 0x94, 0x93, 0x92, 0x74, 0x53, 0x38, 0x33, 0x52, 0x5b, 0x5f, 0x72, 0x72, 0x73, 0x7a, 0x7a, 0x85, 0x88, 0x88,
  0xb1, 0xb6, 0xbd, 0xb8, 0xbd, 0xbd, 0xb8, 0xb8, 0xbd, 0xbb, 0xbb, 0xb8, 0xb6, 0xbe, 0xcd, 0xbd, 0xbe, 0xcd, 0xbd, 0xb8, 0xb8, 0xbd, 0xbb, 0xb6, 0xb4, 0xb8, 0xbd, 0xb6, 0xb2, 0x9c, 0x9c, 0x9c, 0x9a, 0x9c, 0x9c, 0x94, 0x85, 0x85, 0x7a, 0x86, 0x86, 0x86, 0x88, 0x88, 0x86, 0x85, 0x86, 0x88, 0x88, 0x86, 0x85, 0x85, 0x85, 0x85, 0x85, 0x7c, 0x7a, 0x73, 0x7a, 0x72, 0x72, 0x72, 0x72, 0x5f, 0x72, 0x72, 0x72, 0x72, 0x72, 0x5f, 0x5f, 0x59, 0x55, 0x59, 0x59, 0x59, 0x5f, 0x59, 0x5f, 0x5f, 0x59, 0x5f, 0x5f, 0x5f, 0x72, 0x72, 0x5f, 0x5f, 0x72, 0x72, 0x5f, 0x5f, 0x5f, 0x5f, 0x55, 0x5b, 0x5a, 0x3d, 0x3d, 0x5b, 0x5f, 0x5f, 0x59, 0x55, 0x5f, 0x5f, 0x5f, 0x5b, 0x5b, 0x5b, 0x5b, 0x3d, 0x5b, 0x5b, 0x5b, 0x5b, 0x3d, 0x5a, 0x5a, 0x36, 0x25, 0x37, 0x5b, 0x75, 0x91, 0x9a, 0x9a, 0x9a, 0xb1, 0xb1, 0xb2, 0xc8, 0xcb, 0xcb, 0xcb, 0xd4, 0xd4, 0xd8, 0xcf, 0xcf, 0xd8, 0xd8, 0xcf, 0xcf, 0xdb, 0xdb, 0xd9, 0xd9, 0xd8, 0xcf, 0xcf, 0xcf, 0xd8, 0xd9, 0xd9, 0xd9, 0xd8, 0xd4, 0xd9, 0xdc, 0xd9, 0xda, 0xd5, 0xd5, 0xda, 0xda, 0xd9, 0xd8, 0xd8, 0xd8, 0xd8, 0xd9, 0xda, 0xd4, 0xda, 0xdd, 0xda, 0xda, 0xda, 0xda, 0xd4, 0xcb, 0xcb, 0xcb, 0xb7, 0xa7, 0x99, 0x93, 0x92, 0x85, 0x92, 0x92, 0x7e, 0x7e, 0x7e, 0x7e, 0x91, 0x92, 0x92, 0x92, 0x92, 0x92, 0x93, 0x9a, 0xb8, 0xe6, 0xf2, 0xf5, 0xf5, 0xf2, 0xf2, 0xef, 0xf2, 0xef, 0xdb, 0xdb, 0xf2, 0xf2, 0xf2, 0xf2, 0xf6, 0xf7, 0xf7, 0xf7, 0xf7, 0xfc, 0xfd, 0xfc, 0xfc, 0xfc, 0xfc, 0xfd, 0xfc, 0xfc, 0xfc, 0xfc, 0xfd, 0xfd, 0xfd, 0xfd, 0xf6, 0xe5, 0xdf, 0xcd, 0xe1, 0xe1, 0xdf, 0xe1, 0xe1, 0xdf, 0xe1, 0xdf, 0xbb, 0xbe, 0xbe, 0xbb, 0xb6, 0xbe, 0xdf, 0xe3, 0xe6, 0xf2, 0xf2, 0xf6, 0xf6, 0xf6, 0xf5, 0xf2, 0xf2, 0xf2, 0xf2, 0xf2, 0xf5, 0xf5, 0xf5, 0xf1, 0xf0, 0xf0, 0xdb, 0xdb, 0xd8, 0xdb, 0xef, 0xd9, 0xd8, 0xcf, 0xcf, 0xcf, 0xd8, 0xd8, 0xcf, 0xcf, 0xcf, 0xc8, 0xb7, 0xa7, 0xb2, 0xa7, 0x99, 0x99, 0x99, 0x93, 0x92, 0x92, 0x74, 0x56, 0x38, 0x33, 0x36, 0x52, 0x5b, 0x5e, 0x72, 0x74, 0x73, 0x7a, 0x7a, 0x85, 0x88, 0x86,
  0x94, 0xb5, 0xcc, 0xcc, 0xcd, 0xcc, 0xbd, 0xbd, 0xcc, 0xcd, 0xcd, 0xbe, 0xbd, 0xcc, 0xcd, 0xbd, 0xbe, 0xe3, 0xe1, 0xcd, 0xcc, 0xcc, 0xbd, 0xb6, 0xb4, 0xbd, 0xbd, 0xb5, 0xb2, 0xb1, 0x9c, 0x9c, 0x9c, 0x9a, 0x9c, 0x94, 0x85, 0x7c, 0x7a, 0x86, 0x88, 0x86, 0x88, 0x94, 0x88, 0x88, 0x85, 0x85, 0x88, 0x91, 0x85, 0x85, 0x85, 0x7c, 0x7c, 0x7c, 0x7a, 0x73, 0x73, 0x72, 0x72, 0x77, 0x74, 0x72, 0x72, 0x72, 0x72, 0x72, 0x72, 0x5f, 0x5f, 0x59, 0x55, 0x59, 0x59, 0x59, 0x5f, 0x59, 0x5f, 0x5f, 0x55, 0x59, 0x5f, 0x5f, 0x5f, 0x5f, 0x5f, 0x5f, 0x5f, 0x72, 0x5f, 0x5f, 0x5f, 0x5f, 0x5f, 0x5b, 0x5b, 0x5b, 0x5b, 0x55, 0x5f, 0x5f, 0x59, 0x5f, 0x5f, 0x5f, 0x5f, 0x5f, 0x5f, 0x55, 0x54, 0x5f, 0x5f, 0x5e, 0x5e, 0x5b, 0x3d, 0x5b, 0x5b, 0x36, 0x31, 0x26, 0x52, 0x74, 0x7e, 0x93, 0x94, 0x9c, 0xb1, 0x9c, 0xb2, 0xc8, 0xcb, 0xc9, 0xca, 0xcb, 0xd4, 0xcf, 0xcf, 0xcf, 0xcf, 0xd8, 0xcf, 0xd8, 0xdb, 0xf1, 0xdb, 0xd9, 0xcf, 0xcf, 0xcf, 0xd8, 0xd8, 0xdb, 0xdb, 0xdb, 0xdb, 0xd9, 0xd9, 0xd9, 0xd9, 0xd5, 0xda, 0xdc, 0xda, 0xdd, 0xdd, 0xd9, 0xd9, 0xda, 0xd9, 0xda, 0xdd, 0xdd, 0xdd, 0xdd, 0xd9, 0xd8, 0xd9, 0xd9, 0xd8, 0xd4, 0xcb, 0xb2, 0x9b, 0x94, 0x92, 0x93, 0x93, 0x92, 0x7e, 0x7e, 0x7e, 0x74, 0x74, 0x7e, 0x7e, 0x92, 0x92, 0x93, 0x93, 0x93, 0x93, 0x94, 0xb2, 0xcc, 0xe6, 0xf2, 0xf2, 0xf2, 0xf2, 0xf2, 0xf2, 0xf2, 0xef, 0xef, 0xf0, 0xef, 0xd9, 0xdb, 0xf2, 0xf6, 0xf6, 0xf6, 0xf7, 0xfd, 0xfd, 0xfd, 0xf7, 0xfc, 0xfc, 0xfd, 0xfc, 0xfc, 0xfc, 0xfc, 0xfd, 0xfd, 0xfd, 0xf7, 0xf2, 0xe1, 0xcd, 0xce, 0xe3, 0xe3, 0xe1, 0xe3, 0xe4, 0xe3, 0xe4, 0xe2, 0xdf, 0xdf, 0xe3, 0xdf, 0xcd, 0xe1, 0xe5, 0xe6, 0xf2, 0xf6, 0xf6, 0xf3, 0xeb, 0xf2, 0xf2, 0xf2, 0xf2, 0xf2, 0xf2, 0xf2, 0xf4, 0xf5, 0xf4, 0xef, 0xef, 0xf0, 0xdb, 0xef, 0xdb, 0xd9, 0xdb, 0xd8, 0xd8, 0xd9, 0xd9, 0xd8, 0xd9, 0xd9, 0xcf, 0xcf, 0xcf, 0xc8, 0xb7, 0xa7, 0xa7, 0xa7, 0x99, 0x93, 0x92, 0x93, 0x94, 0x92, 0x74, 0x52, 0x33, 0x33, 0x32, 0x37, 0x5b, 0x5e, 0x72, 0x7d, 0x7a, 0x7a, 0x7c, 0x7c, 0x88, 0x93,
  0x93, 0xb6, 0xcc, 0xcd, 0xce, 0xcc, 0xbd, 0xcc, 0xcd, 0xcd, 0xcd, 0xcc, 0xbe, 0xcd, 0xbe, 0xbe, 0xcd, 0xe1, 0xe3, 0xe3, 0xcd, 0xcc, 0xcc, 0xbd, 0xb8, 0xb8, 0xb6, 0xb2, 0xb1, 0xb2, 0xb2, 0xb1, 0x9c, 0x9c, 0x9a, 0x94, 0x88, 0x85, 0x86, 0x86, 0x8e, 0x86, 0x88, 0x99, 0x99, 0x88, 0x88, 0x86, 0x88, 0x92, 0x91, 0x85, 0x86, 0x85, 0x7c, 0x7c, 0x7a, 0x73, 0x72, 0x72, 0x77, 0x77, 0x7a, 0x72, 0x72, 0x77, 0x72, 0x5f, 0x5f, 0x5f, 0x5f, 0x55, 0x55, 0x59, 0x55, 0x55, 0x59, 0x59, 0x5f, 0x5f, 0x55, 0x5f, 0x5f, 0x5f, 0x72, 0x5f, 0x72, 0x72, 0x72, 0x5f, 0x5f, 0x5f, 0x5f, 0x5f, 0x5f, 0x5f, 0x5f, 0x5f, 0x5b, 0x55, 0x55, 0x59, 0x59, 0x55, 0x5f, 0x5f, 0x5f, 0x5f, 0x5f, 0x5f, 0x5f, 0x5f, 0x5f, 0x5f, 0x5f, 0x5b, 0x5b, 0x5b, 0x3d, 0x36, 0x35, 0x26, 0x3c, 0x5e, 0x77, 0x7e, 0x94, 0x9a, 0x9c, 0xb1, 0xb2, 0xc8, 0xc9, 0xc9, 0xc6, 0xc9, 0xcb, 0xcf, 0xcf, 0xcb, 0xcb, 0xcf, 0xd9, 0xd8, 0xd8, 0xdb, 0xdb, 0xdb, 0xdb, 0xdb, 0xd9, 0xd8, 0xdb, 0xdb, 0xef, 0xdb, 0xdb, 0xdb, 0xd9, 0xd9, 0xdd, 0xda, 0xde, 0xde, 0xdb, 0xf0, 0xf0, 0xd9, 0xd9, 0xdb, 0xd9, 0xdb, 0xf1, 0xf0, 0xdb, 0xdb, 0xd9, 0xd8, 0xd8, 0xd8, 0xcf, 0xc8, 0xb2, 0x9b, 0x99, 0x93, 0x92, 0x92, 0x93, 0x92, 0x7e, 0x7e, 0x7e, 0x7e, 0x7e, 0x7e, 0x7e, 0x92, 0x93, 0x93, 0x92, 0x93, 0x93, 0x88, 0x9b, 0xb8, 0xe6, 0xf2, 0xf2, 0xf2, 0xf2, 0xe6, 0xe6, 0xf4, 0xf1, 0xf0, 0xdb, 0xdd, 0xdb, 0xdb, 0xef, 0xf2, 0xf5, 0xf6, 0xf7, 0xfc, 0xfc, 0xfc, 0xf7, 0xfc, 0xfc, 0xfd, 0xfc, 0xfc, 0xfc, 0xfc, 0xfc, 0xfc, 0xf7, 0xf6, 0xf2, 0xe3, 0xce, 0xce, 0xe5, 0xe1, 0xdf, 0xe5, 0xeb, 0xe4, 0xe9, 0xe8, 0xe1, 0xdf, 0xe1, 0xe3, 0xe5, 0xe5, 0xe3, 0xe5, 0xf2, 0xf2, 0xf2, 0xeb, 0xeb, 0xf2, 0xf2, 0xf2, 0xf2, 0xf2, 0xe6, 0xef, 0xf2, 0xf4, 0xf0, 0xef, 0xdb, 0xf0, 0xf0, 0xf1, 0xdb, 0xd9, 0xdb, 0xef, 0xd9, 0xf0, 0xdd, 0xd9, 0xd8, 0xd8, 0xd8, 0xcf, 0xcc, 0xb7, 0xb7, 0xa8, 0xb2, 0xa7, 0x94, 0x93, 0x93, 0x93, 0x93, 0x7e, 0x53, 0x38, 0x33, 0x36, 0x35, 0x36, 0x5a, 0x5e, 0x74, 0x7e, 0x85, 0x86, 0x85, 0x85, 0x93, 0x99,
  0xb2, 0xbe, 0xcd, 0xcd, 0xcc, 0xbd, 0xcc, 0xcd, 0xcd, 0xcc, 0xcc, 0xcd, 0xbe, 0xdf, 0xdf, 0xbe, 0xbe, 0xcd, 0xe1, 0xe1, 0xcc, 0xbe, 0xbb, 0xb6, 0xb6, 0xb8, 0xb6, 0xb4, 0xb1, 0xb1, 0xb1, 0x9a, 0x99, 0x9a, 0x9c, 0x99, 0x94, 0x94, 0x93, 0x88, 0x94, 0x88, 0x93, 0x94, 0x94, 0x99, 0x99, 0x9a, 0x94, 0x94, 0x93, 0x88, 0x88, 0x88, 0x85, 0x7c, 0x7a, 0x73, 0x73, 0x72, 0x74, 0x77, 0x77, 0x72, 0x72, 0x7a, 0x72, 0x59, 0x59, 0x59, 0x5f, 0x55, 0x55, 0x5f, 0x5f, 0x5f, 0x5f, 0x55, 0x59, 0x5f, 0x5f, 0x5f, 0x5f, 0x72, 0x72, 0x72, 0x72, 0x72, 0x72, 0x5f, 0x5f, 0x5f, 0x5f, 0x5f, 0x5f, 0x5f, 0x5f, 0x5b, 0x5b, 0x5b, 0x5f, 0x5f, 0x59, 0x5f, 0x5f, 0x5f, 0x5f, 0x5f, 0x5f, 0x75, 0x60, 0x5e, 0x60, 0x60, 0x5f, 0x5f, 0x5e, 0x5b, 0x5b, 0x5b, 0x37, 0x35, 0x35, 0x52, 0x72, 0x7e, 0x94, 0x99, 0x99, 0xa7, 0xb2, 0xb7, 0xc8, 0xc8, 0xc8, 0xcb, 0xcf, 0xd8, 0xcf, 0xcb, 0xcb, 0xd4, 0xd8, 0xcf, 0xcf, 0xcf, 0xd8, 0xd8, 0xd8, 0xdb, 0xdb, 0xdb, 0xdb, 0xd9, 0xd9, 0xdb, 0xf0, 0xf0, 0xf1, 0xf0, 0xef, 0xef, 0xf1, 0xf1, 0xdb, 0xef, 0xf1, 0xf0, 0xf0, 0xdb, 0xdb, 0xdd, 0xf1, 0xef, 0xef, 0xdb, 0xef, 0xe6, 0xce, 0xce, 0xb8, 0x9c, 0x94, 0x93, 0x93, 0x92, 0x92, 0x92, 0x93, 0x93, 0x91, 0x91, 0x7e, 0x74, 0x74, 0x7e, 0x7e, 0x7e, 0x92, 0x93, 0x93, 0x94, 0x94, 0x93, 0x93, 0xb1, 0xce, 0xf2, 0xf2, 0xf2, 0xe6, 0xe6, 0xe6, 0xef, 0xf1, 0xef, 0xdb, 0xf1, 0xdd, 0xdb, 0xf0, 0xf0, 0xf2, 0xf6, 0xf7, 0xf7, 0xf7, 0xf7, 0xfc, 0xfc, 0xfd, 0xfd, 0xfd, 0xfc, 0xfc, 0xfd, 0xfc, 0xf7, 0xf6, 0xf2, 0xe6, 0xe3, 0xce, 0xce, 0xce, 0xe5, 0xe3, 0xe5, 0xe9, 0xe9, 0xe8, 0xe2, 0xe0, 0xe0, 0xe1, 0xe1, 0xe4, 0xe5, 0xe5, 0xe5, 0xe5, 0xf2, 0xf6, 0xf2, 0xf2, 0xf2, 0xf2, 0xe6, 0xe6, 0xef, 0xf0, 0xf4, 0xf1, 0xf0, 0xf1, 0xef, 0xef, 0xf1, 0xf1, 0xf0, 0xd9, 0xd9, 0xdb, 0xd9, 0xd8, 0xd9, 0xd8, 0xd9, 0xd8, 0xcf, 0xd8, 0xd8, 0xce, 0xb7, 0xb5, 0xb7, 0xb2, 0x99, 0x93, 0x92, 0x93, 0x93, 0x7e, 0x71, 0x38, 0x26, 0x35, 0x37, 0x35, 0x37, 0x3d, 0x5e, 0x77, 0x7d, 0x91, 0x92, 0x85, 0x88, 0x94, 0x94,
  0xbd, 0xe1, 0xe1, 0xcd, 0xcd, 0xcd, 0xcd, 0xcd, 0xcd, 0xe1, 0xcd, 0xcd, 0xe1, 0xe1, 0xe1, 0xdf, 0xdf, 0xdf, 0xe1, 0xcd, 0xbe, 0xcc, 0xbb, 0xb6, 0xbb, 0xbb, 0xb6, 0xb4, 0xb3, 0xb2, 0x9e, 0x9a, 0x94, 0x9c, 0x9e, 0x9a, 0x9a, 0x9a, 0x9a, 0x94, 0x94, 0x94, 0x94, 0x94, 0x94, 0x93, 0x94, 0x9a, 0x94, 0x94, 0x93, 0x93, 0x88, 0x92, 0x93, 0x85, 0x7a, 0x7a, 0x7d, 0x73, 0x74, 0x77, 0x77, 0x77, 0x77, 0x7a, 0x72, 0x59, 0x59, 0x59, 0x59, 0x55, 0x5f, 0x5f, 0x5f, 0x5f, 0x5f, 0x59, 0x5f, 0x5f, 0x72, 0x5f, 0x59, 0x72, 0x72, 0x72, 0x72, 0x72, 0x5f, 0x5f, 0x5f, 0x72, 0x72, 0x5f, 0x5f, 0x5f, 0x60, 0x5f, 0x5f, 0x5f, 0x5f, 0x55, 0x55, 0x5f, 0x59, 0x59, 0x59, 0x55, 0x5f, 0x5f, 0x60, 0x60, 0x60, 0x60, 0x5f, 0x5f, 0x5e, 0x55, 0x5e, 0x5e, 0x3d, 0x36, 0x35, 0x36, 0x53, 0x74, 0x91, 0x93, 0x99, 0x99, 0x9c, 0xb5, 0xb7, 0xb7, 0xc8, 0xc8, 0xc8, 0xcc, 0xcf, 0xd4, 0xcb, 0xcf, 0xd4, 0xd8, 0xdb, 0xd8, 0xd8, 0xd8, 0xd8, 0xd8, 0xd8, 0xd8, 0xd9, 0xd9, 0xd9, 0xd9, 0xdb, 0xef, 0xf4, 0xf1, 0xef, 0xdb, 0xef, 0xf1, 0xf0, 0xf4, 0xf4, 0xf1, 0xf0, 0xf0, 0xf1, 0xdd, 0xdb, 0xdb, 0xdb, 0xef, 0xef, 0xf1, 0xce, 0xb8, 0xb2, 0x9a, 0x93, 0x92, 0x92, 0x93, 0x92, 0x92, 0x92, 0x92, 0x7e, 0x91, 0x91, 0x7e, 0x74, 0x74, 0x7e, 0x7e, 0x92, 0x94, 0x9a, 0x94, 0x9a, 0x93, 0x92, 0x9a, 0xb6, 0xe3, 0xe5, 0xe6, 0xe6, 0xe6, 0xef, 0xf0, 0xf0, 0xef, 0xdb, 0xf1, 0xf1, 0xf0, 0xf1, 0xef, 0xf2, 0xf2, 0xf6, 0xf7, 0xf7, 0xf7, 0xf7, 0xfc, 0xfc, 0xfd, 0xfc, 0xfd, 0xfd, 0xfc, 0xf7, 0xf7, 0xf6, 0xe5, 0xe3, 0xce, 0xce, 0xcc, 0xce, 0xe6, 0xe3, 0xe4, 0xe4, 0xe8, 0xe7, 0xe0, 0xdf, 0xe0, 0xe1, 0xe1, 0xe1, 0xe3, 0xe3, 0xe3, 0xe5, 0xf2, 0xf6, 0xf2, 0xf2, 0xf2, 0xf2, 0xe6, 0xef, 0xf0, 0xf4, 0xef, 0xf0, 0xf1, 0xf4, 0xf4, 0xf0, 0xdb, 0xef, 0xef, 0xd8, 0xd8, 0xdb, 0xd8, 0xcf, 0xd8, 0xcf, 0xd8, 0xd9, 0xcf, 0xd4, 0xcf, 0xce, 0xb7, 0xb7, 0xb2, 0x9b, 0x94, 0x93, 0x92, 0x91, 0x91, 0x74, 0x52, 0x26, 0x35, 0x37, 0x37, 0x37, 0x52, 0x5b, 0x5f, 0x72, 0x7d, 0x91, 0x91, 0x85, 0x92, 0x94, 0x93,
  0xdf, 0xe1, 0xe1, 0xdf, 0xdf, 0xdf, 0xdf, 0xcd, 0xbe, 0xe1, 0xe3, 0xcd, 0xe1, 0xdf, 0xe1, 0xe0, 0xe1, 0xcd, 0xcd, 0xcd, 0xcc, 0xbe, 0xb8, 0xb6, 0xb6, 0xb6, 0xb6, 0xb6, 0xb6, 0xb6, 0xb1, 0x9e, 0x9e, 0x9c, 0x9c, 0x9c, 0x9c, 0x9a, 0x9a, 0x9a, 0x9a, 0x9d, 0x9d, 0x9a, 0x9a, 0x9a, 0x9a, 0x9a, 0x9a, 0x94, 0x94, 0x9a, 0x93, 0x85, 0x91, 0x85, 0x7c, 0x7a, 0x7e, 0x7a, 0x7a, 0x77, 0x72, 0x77, 0x7d, 0x7a, 0x72, 0x72, 0x59, 0x59, 0x59, 0x55, 0x5f, 0x72, 0x5f, 0x5f, 0x72, 0x5f, 0x5f, 0x5f, 0x72, 0x72, 0x5f, 0x72, 0x72, 0x72, 0x5f, 0x5f, 0x5f, 0x5f, 0x5f, 0x5f, 0x5f, 0x5f, 0x5f, 0x5f, 0x5f, 0x5f, 0x5f, 0x5f, 0x5f, 0x5e, 0x55, 0x55, 0x59, 0x59, 0x59, 0x59, 0x5f, 0x5f, 0x5e, 0x60, 0x75, 0x75, 0x75, 0x5f, 0x5f, 0x5e, 0x5b, 0x5b, 0x5b, 0x5a, 0x35, 0x32, 0x52, 0x5e, 0x7d, 0x94, 0x99, 0x99, 0x9c, 0xb5, 0xb5, 0xb7, 0xc8, 0xc8, 0xb8, 0xcc, 0xcf, 0xcf, 0xcf, 0xcf, 0xcf, 0xd8, 0xdb, 0xd9, 0xcf, 0xd8, 0xd8, 0xd8, 0xd8, 0xd8, 0xdb, 0xdd, 0xdb, 0xdb, 0xdb, 0xf1, 0xf5, 0xf5, 0xdb, 0xdb, 0xf1, 0xf1, 0xf1, 0xf5, 0xf5, 0xf1, 0xf0, 0xf1, 0xf4, 0xdb, 0xdb, 0xdb, 0xd9, 0xdb, 0xdb, 0xd8, 0xb8, 0xb2, 0x9c, 0x94, 0x92, 0x92, 0x92, 0x92, 0x92, 0x92, 0x92, 0x92, 0x92, 0x7e, 0x7e, 0x7e, 0x74, 0x74, 0x7e, 0x74, 0x7e, 0x93, 0x94, 0x94, 0x94, 0x94, 0x93, 0x9a, 0xb2, 0xcc, 0xe6, 0xf2, 0xe6, 0xe6, 0xdb, 0xdb, 0xdb, 0xdb, 0xd9, 0xdb, 0xf0, 0xef, 0xef, 0xef, 0xef, 0xf2, 0xf6, 0xfd, 0xfd, 0xf7, 0xf7, 0xf7, 0xfd, 0xfd, 0xfd, 0xfc, 0xfc, 0xfd, 0xf7, 0xf6, 0xf2, 0xe5, 0xe1, 0xce, 0xce, 0xce, 0xe6, 0xf2, 0xe5, 0xe4, 0xe8, 0xe7, 0xe2, 0xdf, 0xdf, 0xe0, 0xe1, 0xe3, 0xe1, 0xdf, 0xdf, 0xe1, 0xe3, 0xf2, 0xf2, 0xe5, 0xe6, 0xf2, 0xf2, 0xf2, 0xef, 0xf0, 0xf0, 0xdb, 0xdb, 0xf1, 0xf4, 0xf4, 0xf1, 0xdb, 0xf0, 0xf0, 0xd9, 0xd8, 0xd8, 0xd9, 0xd8, 0xcf, 0xcf, 0xcf, 0xd8, 0xd8, 0xcf, 0xce, 0xcc, 0xb7, 0xb5, 0xb1, 0x99, 0x93, 0x93, 0x92, 0x7e, 0x74, 0x71, 0x3c, 0x35, 0x37, 0x37, 0x37, 0x5a, 0x5b, 0x5f, 0x77, 0x73, 0x7a, 0x7e, 0x91, 0x91, 0x93, 0x94, 0x93,
  0xe1, 0xe1, 0xe3, 0xe3, 0xe1, 0xe1, 0xe1, 0xcd, 0xbb, 0xcd, 0xe5, 0xe3, 0xdf, 0xdf, 0xe1, 0xe0, 0xdf, 0xcd, 0xcd, 0xdf, 0xcd, 0xbd, 0xb6, 0xb6, 0xb6, 0xb6, 0xb6, 0xb6, 0xb6, 0xb6, 0xb6, 0xb4, 0xb4, 0x9e, 0x9a, 0xb1, 0xb2, 0x9c, 0x9a, 0x9e, 0x9a, 0x9d, 0x9e, 0x9e, 0x9e, 0x9e, 0x9c, 0x9c, 0x9c, 0x9a, 0x99, 0x9c, 0x94, 0x92, 0x91, 0x85, 0x85, 0x7a, 0x85, 0x7a, 0x7d, 0x77, 0x72, 0x7d, 0x7a, 0x72, 0x7a, 0x72, 0x59, 0x5f, 0x5f, 0x55, 0x5e, 0x5f, 0x5f, 0x72, 0x72, 0x5f, 0x5f, 0x5f, 0x72, 0x72, 0x72, 0x72, 0x72, 0x72, 0x5f, 0x5f, 0x72, 0x72, 0x5f, 0x5f, 0x5f, 0x5f, 0x5e, 0x5b, 0x5f, 0x5f, 0x5f, 0x5f, 0x5f, 0x5f, 0x5f, 0x55, 0x55, 0x59, 0x59, 0x5f, 0x5f, 0x5f, 0x5f, 0x75, 0x75, 0x75, 0x75, 0x5f, 0x5f, 0x5f, 0x5e, 0x5e, 0x5f, 0x5b, 0x37, 0x35, 0x37, 0x52, 0x72, 0x91, 0x94, 0x9a, 0x9e, 0xb2, 0xb5, 0xb7, 0xb7, 0xbd, 0xcc, 0xcc, 0xcc, 0xcb, 0xcf, 0xcf, 0xce, 0xcf, 0xd8, 0xcf, 0xcf, 0xcf, 0xd8, 0xd8, 0xdb, 0xdb, 0xef, 0xf0, 0xdd, 0xdd, 0xf1, 0xf1, 0xf4, 0xf1, 0xdb, 0xdb, 0xf1, 0xf0, 0xf0, 0xf5, 0xf5, 0xf4, 0xf1, 0xf0, 0xf1, 0xf1, 0xf1, 0xdb, 0xd8, 0xd8, 0xce, 0xb8, 0xb5, 0xb1, 0x99, 0x93, 0x92, 0x92, 0x92, 0x92, 0x92, 0x92, 0x93, 0x92, 0x92, 0x91, 0x7e, 0x7e, 0x7e, 0x74, 0x7e, 0x74, 0x7e, 0x92, 0x93, 0x93, 0x9a, 0x94, 0x93, 0x94, 0x9c, 0xb5, 0xd8, 0xf2, 0xe6, 0xd8, 0xd8, 0xd8, 0xd8, 0xda, 0xd8, 0xcf, 0xd8, 0xd9, 0xdb, 0xdb, 0xdb, 0xf2, 0xf6, 0xf6, 0xf7, 0xf7, 0xf6, 0xf7, 0xfd, 0xfd, 0xfd, 0xfc, 0xfc, 0xfd, 0xf7, 0xf3, 0xf2, 0xe5, 0xe1, 0xce, 0xce, 0xe3, 0xf2, 0xeb, 0xe4, 0xe4, 0xe8, 0xe7, 0xe2, 0xe2, 0xe0, 0xe2, 0xe1, 0xe2, 0xe1, 0xdf, 0xe1, 0xe1, 0xdf, 0xe3, 0xe5, 0xe5, 0xe5, 0xf2, 0xf2, 0xf2, 0xef, 0xef, 0xe6, 0xe6, 0xef, 0xef, 0xf1, 0xf0, 0xef, 0xef, 0xef, 0xf1, 0xf0, 0xdb, 0xd8, 0xd8, 0xd8, 0xd8, 0xce, 0xcc, 0xcb, 0xcf, 0xce, 0xc8, 0xb8, 0xb5, 0xb2, 0xb1, 0x9c, 0x93, 0x92, 0x91, 0x74, 0x71, 0x52, 0x37, 0x37, 0x37, 0x3f, 0x5a, 0x5b, 0x5e, 0x72, 0x77, 0x7a, 0x7a, 0x7e, 0x93, 0x93, 0x9a, 0x9a, 0x94,
  0xe4, 0xe3, 0xe1, 0xe3, 0xe3, 0xe3, 0xe3, 0xdf, 0xbe, 0xcd, 0xe3, 0xe4, 0xe1, 0xe1, 0xe2, 0xe1, 0xdf, 0xe3, 0xe1, 0xdf, 0xcd, 0xbd, 0xb8, 0xbb, 0xbb, 0xb6, 0xb4, 0xb6, 0xb6, 0xb6, 0xb6, 0xb6, 0xb4, 0xb1, 0x9e, 0xb1, 0xb4, 0xb1, 0x9e, 0x9e, 0x9a, 0x9d, 0x9e, 0x9e, 0x9c, 0x9a, 0x9c, 0x9c, 0x9c, 0x9a, 0x94, 0x9a, 0x99, 0x94, 0x92, 0x85, 0x85, 0x85, 0x7c, 0x7a, 0x7a, 0x77, 0x77, 0x7d, 0x7a, 0x72, 0x7a, 0x7a, 0x59, 0x59, 0x5f, 0x5f, 0x5f, 0x5f, 0x72, 0x72, 0x72, 0x72, 0x5f, 0x5f, 0x72, 0x72, 0x72, 0x72, 0x72, 0x72, 0x5f, 0x5f, 0x72, 0x72, 0x5f, 0x72, 0x72, 0x72, 0x5f, 0x5f, 0x72, 0x75, 0x5f, 0x5f, 0x5f, 0x5f, 0x5f, 0x5f, 0x59, 0x59, 0x5f, 0x5f, 0x5f, 0x72, 0x5f, 0x72, 0x75, 0x75, 0x75, 0x5f, 0x5f, 0x5f, 0x75, 0x5f, 0x5e, 0x5b, 0x5a, 0x37, 0x35, 0x35, 0x53, 0x74, 0x91, 0x9a, 0x9d, 0x9c, 0xb2, 0xb2, 0xb5, 0xb8, 0xbd, 0xb8, 0xb7, 0xc8, 0xce, 0xcf, 0xce, 0xcf, 0xcf, 0xcb, 0xcf, 0xd8, 0xd8, 0xd8, 0xdb, 0xef, 0xef, 0xdb, 0xd9, 0xdb, 0xdd, 0xf0, 0xf0, 0xdb, 0xdb, 0xd9, 0xdb, 0xf1, 0xf1, 0xf4, 0xf4, 0xf1, 0xf0, 0xdb, 0xdb, 0xf4, 0xf4, 0xdb, 0xd8, 0xcf, 0xb8, 0xb2, 0x9c, 0x9b, 0x9b, 0x9a, 0x97, 0x92, 0x92, 0x92, 0x92, 0x92, 0x92, 0x92, 0x7e, 0x91, 0x92, 0x7e, 0x74, 0x7e, 0x7e, 0x7e, 0x7e, 0x92, 0x92, 0x94, 0x9a, 0x99, 0x94, 0x94, 0x94, 0x9c, 0xcc, 0xe6, 0xd8, 0xd8, 0xd8, 0xcf, 0xd9, 0xdd, 0xd9, 0xd4, 0xcf, 0xd8, 0xd9, 0xd8, 0xd8, 0xe6, 0xf4, 0xf5, 0xf5, 0xf6, 0xf6, 0xf6, 0xf7, 0xf7, 0xf7, 0xfc, 0xfc, 0xf7, 0xf6, 0xeb, 0xe5, 0xe3, 0xcd, 0xdf, 0xe1, 0xe6, 0xeb, 0xeb, 0xe8, 0xe8, 0xe8, 0xe7, 0xe4, 0xe4, 0xe2, 0xe2, 0xe1, 0xdf, 0xdf, 0xdf, 0xe1, 0xdf, 0xcd, 0xdf, 0xe3, 0xe5, 0xe6, 0xf2, 0xf2, 0xf2, 0xe6, 0xe6, 0xe6, 0xef, 0xf0, 0xf0, 0xf1, 0xf0, 0xf0, 0xef, 0xdb, 0xf0, 0xf4, 0xf0, 0xd8, 0xce, 0xcf, 0xce, 0xce, 0xcc, 0xcc, 0xce, 0xce, 0xb8, 0xb5, 0xb2, 0xb2, 0xb2, 0x9a, 0x94, 0x93, 0x7e, 0x5e, 0x52, 0x3c, 0x35, 0x37, 0x37, 0x5a, 0x60, 0x5e, 0x75, 0x72, 0x7a, 0x7a, 0x7a, 0x91, 0x94, 0x93, 0x9a, 0x9a, 0x94,
  0xe1, 0xe1, 0xdf, 0xe1, 0xe1, 0xe2, 0xe4, 0xe1, 0xdf, 0xcd, 0xe3, 0xe3, 0xe3, 0xe3, 0xe2, 0xe2, 0xdf, 0xe3, 0xe3, 0xcd, 0xbe, 0xbd, 0xbd, 0xbe, 0xbe, 0xbb, 0xb6, 0xbd, 0xbb, 0xb8, 0xb6, 0xb6, 0xb6, 0xb2, 0xb4, 0xb1, 0xb2, 0xb4, 0xb1, 0x9e, 0x9d, 0x9e, 0x9e, 0x9e, 0x9c, 0x9c, 0x9c, 0x9c, 0x9c, 0x9a, 0x94, 0x94, 0x93, 0x93, 0x93, 0x91, 0x91, 0x85, 0x7a, 0x7c, 0x7a, 0x7d, 0x7d, 0x7a, 0x7a, 0x7a, 0x77, 0x77, 0x5e, 0x5e, 0x72, 0x5f, 0x5e, 0x5f, 0x72, 0x72, 0x72, 0x72, 0x72, 0x72, 0x5f, 0x59, 0x5f, 0x5f, 0x5f, 0x5f, 0x72, 0x72, 0x72, 0x5f, 0x5f, 0x72, 0x72, 0x5f, 0x5f, 0x5f, 0x5f, 0x75, 0x75, 0x5f, 0x5f, 0x5f, 0x5f, 0x5f, 0x5f, 0x5f, 0x5f, 0x5f, 0x72, 0x5f, 0x5f, 0x72, 0x75, 0x75, 0x75, 0x75, 0x75, 0x5f, 0x5f, 0x5f, 0x5f, 0x60, 0x5a, 0x5a, 0x35, 0x35, 0x52, 0x5e, 0x7d, 0x97, 0x9d, 0x9e, 0xb3, 0xb1, 0xb1, 0xb5, 0xb5, 0xb6, 0xb8, 0xb8, 0xce, 0xce, 0xce, 0xcf, 0xcf, 0xcf, 0xcf, 0xd8, 0xcf, 0xcf, 0xd8, 0xd8, 0xdb, 0xd8, 0xd8, 0xd8, 0xd8, 0xdb, 0xf1, 0xef, 0xdb, 0xdb, 0xef, 0xf1, 0xf0, 0xf1, 0xf1, 0xef, 0xf0, 0xf1, 0xdb, 0xdb, 0xdb, 0xdb, 0xcf, 0xcc, 0xb2, 0x9b, 0x99, 0x99, 0x9a, 0x9a, 0x9a, 0x93, 0x92, 0x93, 0x93, 0x92, 0x93, 0x92, 0x7e, 0x91, 0x92, 0x91, 0x7e, 0x74, 0x7e, 0x7e, 0x7e, 0x92, 0x93, 0x94, 0x94, 0x94, 0x94, 0x93, 0x94, 0x9c, 0xb8, 0xe6, 0xd8, 0xdb, 0xd8, 0xcf, 0xd9, 0xd9, 0xcf, 0xd9, 0xd8, 0xcf, 0xcf, 0xcf, 0xd8, 0xd8, 0xef, 0xf2, 0xf2, 0xf6, 0xf7, 0xf6, 0xf6, 0xf7, 0xf7, 0xfc, 0xf7, 0xf7, 0xf6, 0xe4, 0xe1, 0xe3, 0xe1, 0xdf, 0xe5, 0xf2, 0xeb, 0xeb, 0xeb, 0xea, 0xe8, 0xe2, 0xe4, 0xe8, 0xe4, 0xe4, 0xe4, 0xe1, 0xdf, 0xcd, 0xcd, 0xcd, 0xcc, 0xcc, 0xdf, 0xe3, 0xe3, 0xe6, 0xf2, 0xf2, 0xf2, 0xf2, 0xe6, 0xef, 0xf2, 0xf4, 0xf0, 0xef, 0xdb, 0xdb, 0xf0, 0xf1, 0xf1, 0xe6, 0xd8, 0xd8, 0xce, 0xce, 0xcc, 0xce, 0xcc, 0xb8, 0xb8, 0xb5, 0xb1, 0x9c, 0x9c, 0x9e, 0x93, 0x93, 0x91, 0x77, 0x5e, 0x38, 0x33, 0x37, 0x37, 0x37, 0x5b, 0x60, 0x75, 0x77, 0x77, 0x7a, 0x7e, 0x85, 0x92, 0x94, 0x94, 0x9a, 0x9d, 0x9a,
  0xe1, 0xe4, 0xe4, 0xe1, 0xe1, 0xe3, 0xe1, 0xe1, 0xe4, 0xe3, 0xe3, 0xe4, 0xe5, 0xe1, 0xe2, 0xe1, 0xdf, 0xdf, 0xdf, 0xdf, 0xcd, 0xcd, 0xcd, 0xbe, 0xcd, 0xbe, 0xbd, 0xbd, 0xbb, 0xbd, 0xb8, 0xb6, 0xb8, 0xb4, 0xb4, 0xb2, 0xb2, 0xb6, 0xb4, 0x9e, 0x9e, 0x9e, 0x9e, 0x9e, 0x9c, 0x9c, 0x9c, 0x9c, 0x9c, 0x9c, 0x94, 0x92, 0x92, 0x94, 0x94, 0x88, 0x85, 0x7c, 0x7a, 0x7a, 0x7a, 0x7d, 0x7a, 0x7a, 0x72, 0x7a, 0x7d, 0x74, 0x74, 0x77, 0x72, 0x72, 0x5e, 0x72, 0x72, 0x72, 0x72, 0x73, 0x72, 0x72, 0x72, 0x5f, 0x5f, 0x5f, 0x5f, 0x5f, 0x72, 0x72, 0x72, 0x5f, 0x77, 0x72, 0x5e, 0x5f, 0x5f, 0x5f, 0x5e, 0x5f, 0x75, 0x75, 0x5e, 0x5b, 0x60, 0x60, 0x5f, 0x5f, 0x5f, 0x5f, 0x5f, 0x5f, 0x5f, 0x72, 0x5f, 0x5f, 0x75, 0x75, 0x75, 0x60, 0x5e, 0x5f, 0x72, 0x60, 0x5d, 0x5b, 0x3d, 0x35, 0x36, 0x52, 0x75, 0x80, 0x97, 0x9d, 0x9a, 0x9c, 0x9c, 0xb1, 0xb2, 0xb5, 0xb5, 0xb8, 0xce, 0xce, 0xc8, 0xcc, 0xce, 0xd4, 0xcf, 0xd8, 0xce, 0xd8, 0xd8, 0xd8, 0xd8, 0xd8, 0xcf, 0xd8, 0xd8, 0xd8, 0xef, 0xef, 0xf0, 0xef, 0xef, 0xef, 0xef, 0xef, 0xef, 0xef, 0xef, 0xdb, 0xdb, 0xdd, 0xd8, 0xce, 0xc8, 0xb7, 0x9c, 0x9b, 0x9a, 0x9c, 0x99, 0x94, 0x97, 0x93, 0x92, 0x93, 0x93, 0x94, 0x94, 0x92, 0x7e, 0x92, 0x92, 0x92, 0x91, 0x7e, 0x7e, 0x7e, 0x7e, 0x92, 0x93, 0x94, 0x93, 0x94, 0x94, 0x94, 0x94, 0x9b, 0xb1, 0xcc, 0xd8, 0xd8, 0xd8, 0xd8, 0xd9, 0xd8, 0xcf, 0xcf, 0xcf, 0xcf, 0xcf, 0xd8, 0xd8, 0xd8, 0xef, 0xef, 0xf5, 0xf5, 0xf6, 0xf6, 0xf6, 0xf6, 0xf6, 0xf7, 0xf7, 0xf6, 0xe9, 0xe1, 0xe1, 0xe3, 0xdf, 0xe1, 0xe5, 0xeb, 0xeb, 0xe8, 0xea, 0xec, 0xea, 0xe9, 0xe9, 0xeb, 0xe7, 0xe4, 0xe4, 0xe3, 0xdf, 0xcd, 0xbe, 0xbe, 0xbd, 0xb8, 0xcc, 0xe1, 0xe1, 0xf2, 0xf2, 0xf2, 0xf5, 0xf2, 0xe6, 0xe6, 0xef, 0xf0, 0xdb, 0xd8, 0xd8, 0xd9, 0xf0, 0xf1, 0xef, 0xd8, 0xd8, 0xe3, 0xe3, 0xcd, 0xcc, 0xbd, 0xb8, 0xb5, 0xb1, 0x9c, 0x9c, 0x94, 0x94, 0x94, 0x97, 0x91, 0x74, 0x5e, 0x52, 0x52, 0x37, 0x5a, 0x5b, 0x5b, 0x5e, 0x60, 0x75, 0x77, 0x7d, 0x7e, 0x91, 0x93, 0x94, 0x94, 0x94, 0x94, 0x9a, 0x9d,
  0xe4, 0xe4, 0xe4, 0xe2, 0xe1, 0xe1, 0xe1, 0xe2, 0xe4, 0xe5, 0xe3, 0xe4, 0xe5, 0xe4, 0xe4, 0xe2, 0xe2, 0xe1, 0xe1, 0xe1, 0xe1, 0xdf, 0xdf, 0xe3, 0xe1, 0xcd, 0xbe, 0xcc, 0xbd, 0xbe, 0xbd, 0xbb, 0xb6, 0xb1, 0xb2, 0xb2, 0xb4, 0xb6, 0xb4, 0xb3, 0x9e, 0x9e, 0x9e, 0x9e, 0xb1, 0x9c, 0xb1, 0xb1, 0xb1, 0x99, 0x85, 0x86, 0x93, 0x93, 0x93, 0x88, 0x92, 0x85, 0x7a, 0x7c, 0x7c, 0x7a, 0x7a, 0x73, 0x74, 0x77, 0x7d, 0x74, 0x77, 0x7e, 0x7d, 0x77, 0x74, 0x74, 0x72, 0x72, 0x72, 0x7a, 0x7a, 0x7a, 0x72, 0x72, 0x72, 0x5f, 0x5e, 0x75, 0x77, 0x77, 0x74, 0x72, 0x77, 0x72, 0x5e, 0x5e, 0x5e, 0x5e, 0x5e, 0x5f, 0x75, 0x75, 0x75, 0x60, 0x75, 0x75, 0x75, 0x75, 0x60, 0x60, 0x5e, 0x5e, 0x5f, 0x5f, 0x5f, 0x72, 0x75, 0x75, 0x75, 0x60, 0x5e, 0x5f, 0x72, 0x60, 0x5b, 0x60, 0x5a, 0x36, 0x36, 0x37, 0x5e, 0x77, 0x7d, 0x91, 0x92, 0x94, 0x9c, 0x9c, 0xb2, 0xb2, 0xb5, 0xb8, 0xcc, 0xbd, 0xc8, 0xc8, 0xcb, 0xcb, 0xcf, 0xce, 0xce, 0xd8, 0xd8, 0xd8, 0xd8, 0xd8, 0xd8, 0xdb, 0xd8, 0xe6, 0xe6, 0xe6, 0xd8, 0xe6, 0xef, 0xf2, 0xf0, 0xef, 0xef, 0xf0, 0xf1, 0xef, 0xd9, 0xd9, 0xcb, 0xb7, 0xb7, 0xb5, 0xb1, 0xb1, 0x9c, 0x9c, 0x9c, 0x9a, 0x9d, 0x9a, 0x94, 0x94, 0x94, 0x94, 0x94, 0x92, 0x7e, 0x92, 0x92, 0x92, 0x92, 0x92, 0x91, 0x7e, 0x7e, 0x92, 0x92, 0x93, 0x93, 0x94, 0x99, 0x9a, 0x99, 0x94, 0x99, 0xb8, 0xce, 0xe6, 0xe6, 0xd9, 0xd8, 0xd8, 0xcf, 0xcf, 0xcf, 0xcf, 0xd4, 0xd9, 0xd8, 0xd8, 0xd9, 0xef, 0xf5, 0xf4, 0xf2, 0xf2, 0xf6, 0xf6, 0xf6, 0xf7, 0xf7, 0xf6, 0xe5, 0xe1, 0xe1, 0xe1, 0xe1, 0xe3, 0xe5, 0xeb, 0xeb, 0xea, 0xed, 0xed, 0xea, 0xe9, 0xeb, 0xeb, 0xe4, 0xe0, 0xcd, 0xcd, 0xdf, 0xe1, 0xcd, 0xbe, 0xbd, 0xbe, 0xcc, 0xcd, 0xe1, 0xe3, 0xe5, 0xf2, 0xf2, 0xe6, 0xe6, 0xe6, 0xe6, 0xe6, 0xe6, 0xe6, 0xd8, 0xd8, 0xd8, 0xd8, 0xe6, 0xe6, 0xce, 0xce, 0xe3, 0xe3, 0xcc, 0xb5, 0xb2, 0xb1, 0x9c, 0x9c, 0x9c, 0x94, 0x93, 0x94, 0x97, 0x91, 0x71, 0x52, 0x37, 0x52, 0x52, 0x5b, 0x60, 0x75, 0x75, 0x77, 0x77, 0x7d, 0x91, 0x91, 0x91, 0x92, 0x94, 0x9a, 0x93, 0x93, 0x97, 0x9a,
  0xe4, 0xe9, 0xe4, 0xe2, 0xe2, 0xe3, 0xe2, 0xe4, 0xe4, 0xe5, 0xe5, 0xe5, 0xe5, 0xe3, 0xe2, 0xe2, 0xe1, 0xdf, 0xe1, 0xe1, 0xdf, 0xdf, 0xdf, 0xcd, 0xdf, 0xcd, 0xbd, 0xcc, 0xcc, 0xbe, 0xbd, 0xbd, 0xb8, 0xb2, 0xb2, 0xb4, 0xb6, 0xb6, 0xb6, 0xb3, 0xb3, 0xb3, 0xb3, 0xb1, 0xb1, 0xb1, 0xb1, 0xb1, 0xb1, 0x94, 0x7a, 0x7a, 0x92, 0x92, 0x93, 0x93, 0x93, 0x85, 0x7a, 0x7c, 0x85, 0x7c, 0x7a, 0x7a, 0x7d, 0x77, 0x77, 0x74, 0x77, 0x7d, 0x77, 0x7d, 0x77, 0x77, 0x7d, 0x74, 0x74, 0x7a, 0x7a, 0x7a, 0x77, 0x77, 0x72, 0x75, 0x75, 0x78, 0x7d, 0x7d, 0x77, 0x77, 0x77, 0x77, 0x75, 0x5e, 0x5e, 0x72, 0x72, 0x75, 0x75, 0x75, 0x75, 0x75, 0x75, 0x75, 0x75, 0x75, 0x75, 0x75, 0x60, 0x60, 0x60, 0x5e, 0x5f, 0x72, 0x75, 0x75, 0x75, 0x75, 0x60, 0x5f, 0x5f, 0x5e, 0x5e, 0x5b, 0x5b, 0x3d, 0x3d, 0x52, 0x53, 0x5e, 0x74, 0x7d, 0x91, 0x91, 0x94, 0x9a, 0xb1, 0xb1, 0x9c, 0xb2, 0xb5, 0xb7, 0xbd, 0xce, 0xce, 0xcb, 0xcf, 0xce, 0xcc, 0xce, 0xcf, 0xce, 0xd8, 0xd8, 0xd8, 0xd8, 0xd8, 0xe6, 0xf2, 0xe6, 0xe5, 0xe6, 0xf2, 0xf2, 0xf2, 0xef, 0xef, 0xf1, 0xf4, 0xef, 0xcf, 0xcb, 0xb7, 0xb7, 0xb5, 0xb2, 0xb1, 0xb1, 0xb1, 0xb1, 0x9c, 0x9a, 0x9d, 0x9c, 0x94, 0x94, 0x94, 0x94, 0x94, 0x94, 0x92, 0x91, 0x92, 0x91, 0x7e, 0x92, 0x92, 0x7e, 0x7e, 0x92, 0x7e, 0x92, 0x93, 0x99, 0x99, 0x99, 0x94, 0x92, 0x92, 0xb1, 0xbd, 0xe6, 0xf2, 0xe6, 0xcf, 0xd8, 0xcf, 0xcf, 0xcf, 0xcf, 0xcf, 0xd8, 0xd4, 0xd4, 0xd9, 0xdb, 0xf1, 0xf4, 0xe6, 0xe5, 0xf6, 0xf7, 0xf6, 0xf6, 0xf6, 0xf2, 0xe5, 0xe3, 0xe3, 0xe1, 0xe3, 0xe4, 0xeb, 0xeb, 0xea, 0xec, 0xed, 0xed, 0xea, 0xe4, 0xe4, 0xe0, 0xe0, 0xe0, 0xcd, 0xcd, 0xdf, 0xe1, 0xdf, 0xcd, 0xcd, 0xcd, 0xcd, 0xdf, 0xcd, 0xcc, 0xe3, 0xe3, 0xe3, 0xe3, 0xe3, 0xe5, 0xe3, 0xcf, 0xd8, 0xd8, 0xcf, 0xcf, 0xcf, 0xd8, 0xcf, 0xce, 0xce, 0xce, 0xcd, 0xcc, 0xb8, 0xb5, 0xb1, 0x99, 0x99, 0x9c, 0x9c, 0x93, 0x92, 0x93, 0x91, 0x74, 0x53, 0x52, 0x37, 0x52, 0x5b, 0x5f, 0x75, 0x77, 0x77, 0x7d, 0x7d, 0x7e, 0x91, 0x91, 0x85, 0x93, 0x94, 0x94, 0x94, 0x93, 0x97, 0x9a,
  0xe1, 0xe3, 0xe4, 0xe4, 0xe4, 0xe4, 0xe4, 0xe4, 0xe4, 0xe4, 0xe9, 0xe9, 0xe4, 0xe4, 0xe2, 0xe1, 0xe2, 0xe1, 0xe1, 0xdf, 0xdf, 0xe1, 0xdf, 0xcd, 0xbe, 0xbe, 0xbe, 0xcd, 0xbe, 0xbe, 0xbe, 0xbd, 0xbb, 0xb6, 0xb4, 0xb4, 0xb6, 0xb6, 0xb6, 0xb6, 0xb4, 0xb1, 0xb1, 0xb2, 0xb1, 0x9e, 0x9c, 0x9e, 0xb1, 0x9a, 0x7e, 0x7e, 0x92, 0x92, 0x94, 0x94, 0x93, 0x91, 0x7a, 0x7a, 0x7a, 0x7d, 0x7d, 0x7e, 0x7d, 0x74, 0x77, 0x77, 0x74, 0x77, 0x7d, 0x77, 0x77, 0x77, 0x7d, 0x7d, 0x77, 0x77, 0x7d, 0x7d, 0x7d, 0x77, 0x7d, 0x7d, 0x77, 0x7d, 0x7d, 0x7d, 0x77, 0x77, 0x77, 0x77, 0x77, 0x75, 0x75, 0x75, 0x75, 0x75, 0x77, 0x76, 0x76, 0x75, 0x75, 0x75, 0x75, 0x75, 0x75, 0x75, 0x75, 0x75, 0x75, 0x5f, 0x5f, 0x72, 0x72, 0x72, 0x75, 0x75, 0x5e, 0x60, 0x5e, 0x5e, 0x5e, 0x5b, 0x5b, 0x5b, 0x5a, 0x37, 0x36, 0x52, 0x5e, 0x77, 0x7d, 0x74, 0x7e, 0x93, 0x9c, 0x9c, 0x9c, 0xb2, 0xb2, 0xb2, 0xb8, 0xbd, 0xcc, 0xcc, 0xce, 0xce, 0xce, 0xcf, 0xcf, 0xce, 0xcf, 0xcf, 0xcf, 0xcf, 0xcf, 0xd8, 0xf0, 0xe6, 0xef, 0xef, 0xf1, 0xf4, 0xf2, 0xf0, 0xef, 0xf4, 0xf5, 0xdb, 0xb8, 0xb7, 0xb7, 0xb2, 0xb5, 0xb2, 0x9c, 0xb1, 0x9c, 0xb1, 0x9c, 0x9a, 0x9c, 0x9c, 0x9a, 0x94, 0x94, 0x94, 0x99, 0x99, 0x92, 0x92, 0x91, 0x92, 0x7e, 0x7e, 0x92, 0x92, 0x92, 0x92, 0x7e, 0x92, 0x94, 0x94, 0x93, 0x94, 0x94, 0x92, 0x93, 0x99, 0xb1, 0xcc, 0xe6, 0xe3, 0xe3, 0xe6, 0xce, 0xce, 0xce, 0xce, 0xd8, 0xd4, 0xd4, 0xd4, 0xd9, 0xe6, 0xef, 0xf2, 0xe6, 0xe5, 0xf2, 0xf6, 0xf6, 0xf6, 0xf5, 0xf2, 0xe6, 0xe3, 0xe3, 0xe3, 0xe1, 0xeb, 0xec, 0xeb, 0xea, 0xec, 0xec, 0xeb, 0xe9, 0xe4, 0xe1, 0xe0, 0xe2, 0xdf, 0xdf, 0xcd, 0xbe, 0xcd, 0xce, 0xcc, 0xcd, 0xcc, 0xcc, 0xbe, 0xbe, 0xcd, 0xe1, 0xe1, 0xe3, 0xe5, 0xe3, 0xcd, 0xce, 0xce, 0xce, 0xc8, 0xc8, 0xc8, 0xce, 0xce, 0xcc, 0xcc, 0xbd, 0xcc, 0xbd, 0xb8, 0xb8, 0xb8, 0xb1, 0x94, 0x94, 0x9a, 0x94, 0x92, 0x91, 0x93, 0x7d, 0x5e, 0x37, 0x37, 0x37, 0x5a, 0x60, 0x75, 0x75, 0x77, 0x7f, 0x91, 0x91, 0x91, 0x93, 0x92, 0x91, 0x93, 0x93, 0x94, 0x9a, 0x97, 0x9a, 0x9d,
  0xdf, 0xdf, 0xe1, 0xe4, 0xe4, 0xe2, 0xe2, 0xe4, 0xe9, 0xe9, 0xe4, 0xe4, 0xe9, 0xe4, 0xe4, 0xe4, 0xe4, 0xe1, 0xdf, 0xdf, 0xdf, 0xe1, 0xe1, 0xdf, 0xcd, 0xcd, 0xe1, 0xdf, 0xbe, 0xbe, 0xbe, 0xbe, 0xbd, 0xb6, 0xb4, 0xb4, 0xb4, 0xb4, 0xb6, 0xbd, 0xb6, 0xb1, 0xb2, 0xb4, 0xb2, 0xb1, 0x9c, 0xb1, 0x9e, 0x9a, 0x92, 0x93, 0x9a, 0x94, 0x9a, 0x9d, 0x9a, 0x93, 0x7e, 0x7a, 0x7a, 0x7d, 0x7e, 0x7e, 0x77, 0x74, 0x77, 0x77, 0x77, 0x77, 0x7d, 0x7d, 0x7d, 0x7d, 0x7d, 0x7d, 0x77, 0x77, 0x7d, 0x7d, 0x77, 0x77, 0x7d, 0x7d, 0x7d, 0x7d, 0x7d, 0x7d, 0x77, 0x74, 0x77, 0x77, 0x75, 0x75, 0x76, 0x75, 0x75, 0x75, 0x76, 0x78, 0x77, 0x76, 0x78, 0x78, 0x75, 0x75, 0x75, 0x75, 0x75, 0x75, 0x72, 0x5f, 0x5e, 0x72, 0x5e, 0x60, 0x75, 0x5e, 0x5e, 0x60, 0x60, 0x5e, 0x5e, 0x5e, 0x5b, 0x5b, 0x5b, 0x37, 0x37, 0x37, 0x3c, 0x5b, 0x5e, 0x71, 0x7d, 0x91, 0x9a, 0xb1, 0x9e, 0xb1, 0xb1, 0xb1, 0xb2, 0xb5, 0xb8, 0xcc, 0xcc, 0xce, 0xcc, 0xce, 0xcf, 0xce, 0xce, 0xcf, 0xcf, 0xcf, 0xce, 0xd8, 0xef, 0xef, 0xf0, 0xf2, 0xf4, 0xf0, 0xf0, 0xe6, 0xf2, 0xf2, 0xef, 0xce, 0xb8, 0xb5, 0xb5, 0xb2, 0xb5, 0xb5, 0xb2, 0xb2, 0xb1, 0x9c, 0xb1, 0xb1, 0xb1, 0x9e, 0x9c, 0x9c, 0x9a, 0x9a, 0x9c, 0x9a, 0x94, 0x92, 0x92, 0x92, 0x92, 0x92, 0x92, 0x93, 0x92, 0x92, 0x93, 0x94, 0x94, 0x94, 0x93, 0x9a, 0x9a, 0x94, 0x94, 0x93, 0x94, 0xb2, 0xbd, 0xe1, 0xe6, 0xf2, 0xe6, 0xe6, 0xd8, 0xce, 0xcf, 0xcb, 0xc8, 0xcb, 0xd9, 0xdb, 0xef, 0xe6, 0xe6, 0xf2, 0xf2, 0xf2, 0xf3, 0xf6, 0xf2, 0xe6, 0xe5, 0xe1, 0xe1, 0xe5, 0xe4, 0xeb, 0xea, 0xea, 0xea, 0xec, 0xec, 0xe9, 0xe4, 0xe2, 0xe0, 0xe2, 0xe2, 0xdf, 0xcd, 0xbe, 0xb8, 0xcc, 0xce, 0xce, 0xcc, 0xcc, 0xbd, 0xbd, 0xcc, 0xcd, 0xcd, 0xe1, 0xe1, 0xe6, 0xe5, 0xcd, 0xcc, 0xce, 0xcc, 0xc8, 0xc8, 0xb7, 0xb7, 0xc8, 0xb8, 0xb8, 0xb8, 0xb8, 0xb5, 0xb5, 0xb8, 0xb8, 0x9e, 0x93, 0x93, 0x93, 0x93, 0x85, 0x91, 0x7d, 0x5e, 0x53, 0x35, 0x37, 0x37, 0x5b, 0x75, 0x78, 0x77, 0x78, 0x80, 0x95, 0x93, 0x93, 0x93, 0x93, 0x93, 0x7e, 0x91, 0x9a, 0x9a, 0x9a, 0x9a, 0x9d,
  0xe4, 0xe2, 0xe1, 0xe1, 0xe2, 0xe2, 0xe4, 0xe4, 0xe4, 0xe4, 0xe1, 0xe1, 0xe3, 0xdf, 0xe1, 0xe4, 0xe2, 0xdf, 0xdf, 0xdf, 0xdf, 0xe1, 0xe1, 0xe1, 0xe1, 0xdf, 0xcd, 0xdf, 0xbe, 0xbe, 0xbe, 0xbe, 0xbe, 0xbb, 0xb6, 0xbb, 0xb8, 0xb6, 0xb6, 0xb6, 0xb4, 0xb2, 0xb6, 0xb6, 0xb2, 0xb2, 0x9e, 0x9e, 0x9a, 0x9a, 0x9a, 0x9a, 0x9a, 0x9a, 0x9d, 0x9a, 0x94, 0x93, 0x91, 0x91, 0x7e, 0x7e, 0x7d, 0x77, 0x74, 0x77, 0x77, 0x77, 0x7d, 0x77, 0x7d, 0x77, 0x7d, 0x7d, 0x7d, 0x7d, 0x7d, 0x7d, 0x7d, 0x7d, 0x77, 0x77, 0x77, 0x77, 0x7d, 0x7d, 0x7e, 0x7e, 0x74, 0x74, 0x75, 0x75, 0x75, 0x75, 0x75, 0x75, 0x75, 0x75, 0x75, 0x75, 0x75, 0x75, 0x75, 0x75, 0x75, 0x75, 0x75, 0x75, 0x75, 0x75, 0x5f, 0x5f, 0x5f, 0x75, 0x75, 0x75, 0x60, 0x5e, 0x60, 0x60, 0x60, 0x75, 0x60, 0x60, 0x5b, 0x60, 0x60, 0x5a, 0x37, 0x37, 0x3c, 0x5a, 0x5e, 0x77, 0x7e, 0x91, 0x94, 0x9e, 0x9e, 0x9e, 0xb1, 0xb4, 0xb2, 0xb5, 0xb5, 0xbd, 0xb8, 0xbd, 0xcc, 0xcc, 0xce, 0xce, 0xce, 0xcf, 0xd8, 0xd9, 0xd8, 0xe6, 0xf4, 0xf4, 0xf2, 0xf4, 0xf4, 0xf4, 0xf2, 0xe6, 0xef, 0xef, 0xce, 0xcc, 0xb8, 0xb7, 0xb5, 0xb5, 0xb6, 0xb5, 0xb2, 0xb2, 0xb1, 0xb2, 0xb1, 0x9e, 0xb1, 0x9e, 0x9e, 0xb1, 0xb1, 0x9e, 0x9c, 0x9a, 0x9a, 0x94, 0x92, 0x93, 0x94, 0x93, 0x92, 0x93, 0x92, 0x92, 0x93, 0x93, 0x94, 0x9c, 0x9a, 0x94, 0x9a, 0x99, 0x94, 0x85, 0x92, 0x9c, 0xb2, 0xcc, 0xe6, 0xf2, 0xf2, 0xe6, 0xce, 0xce, 0xce, 0xc8, 0xcb, 0xcb, 0xd4, 0xd9, 0xdb, 0xdb, 0xe6, 0xf6, 0xf6, 0xf2, 0xeb, 0xf2, 0xe3, 0xdf, 0xe3, 0xe1, 0xe3, 0xeb, 0xeb, 0xeb, 0xea, 0xea, 0xea, 0xea, 0xeb, 0xe9, 0xe2, 0xe0, 0xe1, 0xe2, 0xe2, 0xdf, 0xcd, 0xbe, 0xb8, 0xcc, 0xce, 0xce, 0xcd, 0xcc, 0xcd, 0xcd, 0xe1, 0xcd, 0xbb, 0xbb, 0xcc, 0xcc, 0xe1, 0xdf, 0xcd, 0xce, 0xcc, 0xc8, 0xc8, 0xc8, 0xb7, 0xc8, 0xcc, 0xb8, 0xb8, 0xb6, 0xb2, 0xb1, 0xb1, 0x9c, 0x94, 0x7e, 0x7e, 0x91, 0x92, 0x91, 0x7d, 0x5f, 0x5b, 0x52, 0x37, 0x37, 0x5a, 0x75, 0x78, 0x77, 0x77, 0x7d, 0x80, 0x97, 0x93, 0x92, 0x91, 0x92, 0x94, 0x92, 0x91, 0x94, 0x9a, 0x9a, 0x9a, 0x9a,
  0xe9, 0xe4, 0xe2, 0xe2, 0xe1, 0xe1, 0xe1, 0xe4, 0xe4, 0xe1, 0xe1, 0xe4, 0xe4, 0xe3, 0xe3, 0xe3, 0xe3, 0xe1, 0xe1, 0xe1, 0xdf, 0xcd, 0xdf, 0xe1, 0xe3, 0xe1, 0xe1, 0xe1, 0xbe, 0xbb, 0xbe, 0xbe, 0xbe, 0xbb, 0xbb, 0xbb, 0xb6, 0xb4, 0xb4, 0xb4, 0xb6, 0xb4, 0xb6, 0xb6, 0xb2, 0xb2, 0x9e, 0x9c, 0x9d, 0x9a, 0x9a, 0x9d, 0x9c, 0x9e, 0x9e, 0x9a, 0x94, 0x93, 0x93, 0x91, 0x91, 0x7d, 0x7d, 0x7d, 0x7d, 0x7d, 0x77, 0x77, 0x77, 0x7d, 0x7d, 0x77, 0x7d, 0x7d, 0x77, 0x7d, 0x7d, 0x7d, 0x7e, 0x7d, 0x77, 0x77, 0x7d, 0x7d, 0x77, 0x77, 0x7d, 0x91, 0x77, 0x75, 0x77, 0x75, 0x75, 0x75, 0x75, 0x75, 0x78, 0x76, 0x75, 0x60, 0x60, 0x60, 0x75, 0x75, 0x75, 0x75, 0x75, 0x75, 0x75, 0x60, 0x5f, 0x5f, 0x60, 0x60, 0x60, 0x75, 0x5b, 0x60, 0x75, 0x61, 0x75, 0x60, 0x60, 0x60, 0x60, 0x60, 0x5d, 0x5a, 0x5a, 0x37, 0x37, 0x52, 0x53, 0x5e, 0x7d, 0x7e, 0x93, 0x9a, 0x9d, 0xb3, 0xb3, 0x9e, 0xb1, 0xb4, 0xb6, 0xb8, 0xb8, 0xb8, 0xce, 0xce, 0xce, 0xce, 0xce, 0xcf, 0xcf, 0xcf, 0xd8, 0xe6, 0xe6, 0xe6, 0xf2, 0xf2, 0xf2, 0xf2, 0xf2, 0xe6, 0xe6, 0xce, 0xcc, 0xb8, 0xb8, 0xbd, 0xb8, 0xb8, 0xb5, 0xb5, 0xb2, 0xb5, 0xb4, 0xb8, 0xb6, 0xb4, 0xb6, 0xb4, 0xb1, 0xb1, 0x9c, 0x9c, 0x9a, 0x9a, 0x9c, 0x9a, 0x94, 0x94, 0x94, 0x94, 0x93, 0x93, 0x94, 0x9a, 0x9a, 0x9a, 0x9a, 0x9e, 0x9a, 0x9c, 0xb1, 0x9c, 0x99, 0x94, 0x93, 0x93, 0x94, 0xb2, 0xcc, 0xe5, 0xe6, 0xe3, 0xd8, 0xe6, 0xd8, 0xce, 0xd8, 0xcf, 0xcf, 0xda, 0xdd, 0xd8, 0xe6, 0xf2, 0xf2, 0xf2, 0xe5, 0xe3, 0xe1, 0xdf, 0xe1, 0xe1, 0xe4, 0xec, 0xeb, 0xec, 0xec, 0xea, 0xeb, 0xe9, 0xe8, 0xe4, 0xe4, 0xe4, 0xe4, 0xe2, 0xe4, 0xe1, 0xdf, 0xdf, 0xbe, 0xcd, 0xcd, 0xbd, 0xcc, 0xcd, 0xcd, 0xcd, 0xcd, 0xcd, 0xbe, 0xbe, 0xbd, 0xbd, 0xcd, 0xe1, 0xcc, 0xcc, 0xce, 0xc8, 0xc8, 0xc8, 0xb7, 0xb5, 0xb8, 0xbd, 0xb8, 0xb6, 0xb6, 0xb2, 0x9c, 0x94, 0x92, 0x7e, 0x7e, 0x7d, 0x7a, 0x74, 0x5b, 0x37, 0x37, 0x37, 0x52, 0x52, 0x5e, 0x75, 0x7d, 0x7d, 0x91, 0x91, 0x91, 0x91, 0x91, 0x91, 0x93, 0x94, 0x94, 0x94, 0x94, 0x94, 0x9a, 0x9a, 0x9a, 0x9a,
  0xe4, 0xe7, 0xe4, 0xe4, 0xe2, 0xbe, 0xbb, 0xdf, 0xe4, 0xe4, 0xe5, 0xe5, 0xe4, 0xe3, 0xe3, 0xe1, 0xe1, 0xe3, 0xe3, 0xe1, 0xdf, 0xcd, 0xbe, 0xdf, 0xe1, 0xe1, 0xe1, 0xe1, 0xbe, 0xbe, 0xbe, 0xbb, 0xbb, 0xbe, 0xbb, 0xbd, 0xbb, 0xb6, 0xb6, 0xb6, 0xbb, 0xb6, 0xb6, 0xb4, 0xb2, 0xb1, 0x9c, 0x9a, 0x9e, 0x9e, 0x9d, 0x9e, 0x9e, 0x9d, 0x9a, 0x9a, 0x9a, 0x94, 0x92, 0x91, 0x91, 0x91, 0x80, 0x7e, 0x7d, 0x7d, 0x7d, 0x78, 0x78, 0x91, 0x91, 0x7d, 0x7d, 0x7e, 0x7d, 0x7d, 0x91, 0x7e, 0x7e, 0x7e, 0x7d, 0x7d, 0x7d, 0x7d, 0x74, 0x77, 0x7d, 0x7d, 0x7d, 0x77, 0x75, 0x75, 0x75, 0x75, 0x78, 0x75, 0x75, 0x78, 0x75, 0x60, 0x60, 0x60, 0x75, 0x75, 0x61, 0x60, 0x60, 0x60, 0x75, 0x60, 0x60, 0x75, 0x60, 0x60, 0x60, 0x60, 0x5b, 0x60, 0x61, 0x60, 0x60, 0x5e, 0x5e, 0x5b, 0x5b, 0x60, 0x60, 0x5b, 0x5a, 0x52, 0x37, 0x37, 0x52, 0x5e, 0x74, 0x7d, 0x91, 0x97, 0x9a, 0x9e, 0x9e, 0x9a, 0x9e, 0xb4, 0xb6, 0xb5, 0xb5, 0xb8, 0xcc, 0xcc, 0xcc, 0xce, 0xcf, 0xd8, 0xd8, 0xcf, 0xe6, 0xe6, 0xe6, 0xe6, 0xf5, 0xf4, 0xf2, 0xef, 0xe6, 0xe6, 0xce, 0xbd, 0xb8, 0xb5, 0xb8, 0xb8, 0xb5, 0xb5, 0xb6, 0xb5, 0xb2, 0xb5, 0xb4, 0xb4, 0xb4, 0xb4, 0xb4, 0xb4, 0xb1, 0xb1, 0x9e, 0x9c, 0x94, 0x94, 0x9c, 0x9d, 0x9a, 0x94, 0x94, 0x9a, 0x94, 0x94, 0x9a, 0x9d, 0x9e, 0x9e, 0x9e, 0x9e, 0x9e, 0xb2, 0xb2, 0x9c, 0x9c, 0x9a, 0x94, 0x92, 0x92, 0x94, 0xb4, 0xbd, 0xce, 0xce, 0xd8, 0xd8, 0xce, 0xd8, 0xcf, 0xd8, 0xef, 0xde, 0xdd, 0xd8, 0xef, 0xf2, 0xe5, 0xe5, 0xe5, 0xe3, 0xe1, 0xe1, 0xdf, 0xe4, 0xec, 0xf3, 0xec, 0xec, 0xf3, 0xec, 0xe9, 0xe8, 0xe4, 0xe4, 0xe4, 0xe4, 0xe2, 0xe4, 0xe4, 0xe1, 0xe3, 0xe3, 0xdf, 0xdf, 0xbe, 0xb8, 0xbe, 0xe1, 0xe1, 0xcd, 0xcc, 0xdf, 0xcd, 0xcc, 0xb8, 0xbd, 0xcd, 0xcd, 0xbd, 0xcc, 0xcc, 0xb8, 0xb7, 0xc8, 0xb7, 0xb2, 0xb8, 0xbd, 0xb6, 0xb5, 0xb6, 0xb4, 0x9c, 0x97, 0x92, 0x7e, 0x7d, 0x77, 0x72, 0x56, 0x37, 0x35, 0x37, 0x37, 0x5b, 0x5e, 0x60, 0x77, 0x7d, 0x7d, 0x7e, 0x91, 0x91, 0x91, 0x91, 0x7e, 0x91, 0x94, 0x93, 0x94, 0x9a, 0x9a, 0x9e, 0x9c, 0x9a, 0x9a,
  0xe7, 0xe7, 0xe4, 0xe4, 0xe4, 0xb6, 0xb1, 0xcd, 0xe5, 0xe9, 0xe5, 0xe5, 0xe4, 0xe1, 0xdf, 0xdf, 0xe1, 0xe3, 0xe1, 0xcd, 0xcd, 0xdf, 0xbe, 0xdf, 0xe3, 0xe1, 0xdf, 0xdf, 0xbf, 0xbe, 0xbe, 0xbe, 0xbe, 0xbc, 0xbb, 0xbd, 0xbd, 0xb6, 0xb6, 0xb4, 0xb6, 0xb6, 0xb4, 0xb1, 0xb2, 0xb2, 0x9c, 0x9a, 0x9c, 0x9e, 0x9e, 0x9a, 0x9c, 0x9a, 0x9a, 0x9a, 0x94, 0x93, 0x93, 0x92, 0x91, 0x95, 0x95, 0x91, 0x7e, 0x7e, 0x7d, 0x80, 0x80, 0x91, 0x91, 0x7e, 0x7e, 0x91, 0x91, 0x80, 0x91, 0x7e, 0x7e, 0x91, 0x7e, 0x7d, 0x7d, 0x77, 0x75, 0x7d, 0x7f, 0x77, 0x77, 0x77, 0x75, 0x75, 0x75, 0x75, 0x77, 0x75, 0x75, 0x76, 0x75, 0x75, 0x75, 0x75, 0x75, 0x60, 0x61, 0x61, 0x60, 0x60, 0x60, 0x60, 0x75, 0x60, 0x60, 0x60, 0x60, 0x60, 0x60, 0x60, 0x60, 0x60, 0x60, 0x60, 0x60, 0x5b, 0x5b, 0x60, 0x61, 0x60, 0x5b, 0x37, 0x37, 0x37, 0x37, 0x5b, 0x75, 0x77, 0x7d, 0x91, 0x97, 0x97, 0x9a, 0x9a, 0x9d, 0xb1, 0xb6, 0xb6, 0xb4, 0xb5, 0xbd, 0xbd, 0xcc, 0xce, 0xce, 0xce, 0xe6, 0xe6, 0xe6, 0xe6, 0xe6, 0xf2, 0xf5, 0xe6, 0xe6, 0xef, 0xe6, 0xe6, 0xce, 0xb8, 0xb5, 0xb5, 0xb5, 0xb5, 0xb2, 0xb5, 0xb5, 0xb2, 0xb5, 0xb6, 0xb4, 0xb2, 0xb3, 0xb4, 0xb6, 0xb4, 0xb2, 0xb4, 0xb2, 0x9c, 0x9c, 0x9c, 0x9c, 0x9c, 0x9c, 0x9a, 0x9a, 0x9a, 0x94, 0x9a, 0x9e, 0x9d, 0x9a, 0x9a, 0x9d, 0x9c, 0xb1, 0xb4, 0xb4, 0xb2, 0xb1, 0x9c, 0x94, 0x93, 0x92, 0x92, 0x9a, 0x9c, 0xb6, 0xbd, 0xce, 0xe5, 0xce, 0xe6, 0xe6, 0xe6, 0xef, 0xf1, 0xef, 0xdb, 0xe6, 0xe6, 0xe3, 0xe3, 0xe3, 0xe1, 0xe1, 0xdf, 0xe1, 0xe9, 0xf3, 0xf3, 0xf3, 0xec, 0xeb, 0xe9, 0xe8, 0xe4, 0xe9, 0xe9, 0xe4, 0xe1, 0xe4, 0xe9, 0xe4, 0xe1, 0xe2, 0xe2, 0xe1, 0xe1, 0xcd, 0xbe, 0xdf, 0xe3, 0xe1, 0xcc, 0xcc, 0xcd, 0xcc, 0xcc, 0xb8, 0xb8, 0xcc, 0xcd, 0xcc, 0xcc, 0xb8, 0xb5, 0xb8, 0xbd, 0xb7, 0xb5, 0xb8, 0xb8, 0xb5, 0xb2, 0xb2, 0xb1, 0x9e, 0x97, 0x7d, 0x74, 0x5e, 0x5e, 0x53, 0x36, 0x37, 0x37, 0x37, 0x5a, 0x5b, 0x60, 0x75, 0x77, 0x7e, 0x7d, 0x7d, 0x91, 0x91, 0x91, 0x91, 0x7e, 0x7e, 0x94, 0x9a, 0x94, 0x9a, 0x9a, 0x9e, 0x9d, 0x9d, 0x9a,
  0xe7, 0xe7, 0xe4, 0xe4, 0xe4, 0xbe, 0xb6, 0xdf, 0xf2, 0xe5, 0xe4, 0xe5, 0xe5, 0xe3, 0xe1, 0xdf, 0xdf, 0xcd, 0xcd, 0xbe, 0xbe, 0xcd, 0xbe, 0xe1, 0xe4, 0xdf, 0xdf, 0xe0, 0xe0, 0xbf, 0xbf, 0xbc, 0xba, 0xba, 0xbb, 0xbb, 0xbd, 0xbb, 0xb6, 0xb4, 0xb4, 0xb4, 0xb2, 0xb1, 0xb2, 0xb2, 0xb1, 0x9e, 0x9e, 0x9e, 0x9e, 0x9a, 0x9a, 0x9a, 0x9a, 0x9a, 0x93, 0x91, 0x93, 0x93, 0x92, 0x93, 0x92, 0x91, 0x7e, 0x7e, 0x7e, 0x80, 0x80, 0x91, 0x91, 0x91, 0x91, 0x91, 0x7e, 0x91, 0x91, 0x7e, 0x7e, 0x7e, 0x7d, 0x77, 0x7d, 0x7d, 0x77, 0x7d, 0x77, 0x77, 0x75, 0x75, 0x75, 0x75, 0x75, 0x75, 0x75, 0x75, 0x75, 0x75, 0x75, 0x75, 0x75, 0x75, 0x60, 0x60, 0x61, 0x61, 0x75, 0x75, 0x60, 0x75, 0x60, 0x60, 0x60, 0x5d, 0x60, 0x5b, 0x60, 0x60, 0x60, 0x60, 0x60, 0x60, 0x60, 0x60, 0x60, 0x61, 0x61, 0x5d, 0x5b, 0x5a, 0x37, 0x37, 0x37, 0x52, 0x5e, 0x75, 0x74, 0x7d, 0x91, 0x7e, 0x93, 0x9a, 0x9a, 0x9d, 0x9e, 0xb3, 0xb6, 0xb2, 0xb8, 0xbd, 0xcc, 0xce, 0xce, 0xce, 0xd8, 0xe6, 0xe3, 0xe6, 0xe6, 0xf2, 0xf2, 0xe6, 0xe6, 0xe6, 0xe5, 0xce, 0xcc, 0xbd, 0xb5, 0xb5, 0xb5, 0xb5, 0xb2, 0xb5, 0xb2, 0xb1, 0xb2, 0xb6, 0xb4, 0xb4, 0xb4, 0xb4, 0xb6, 0xb6, 0xb4, 0xb4, 0xb4, 0xb1, 0x9e, 0xb1, 0x9c, 0x9a, 0x9c, 0x9c, 0x9a, 0x9a, 0x9a, 0x9c, 0x9c, 0x9a, 0x9a, 0x9a, 0x9e, 0xb1, 0xb3, 0xb6, 0xb6, 0xb4, 0xb4, 0xb1, 0x9a, 0x94, 0x92, 0x7e, 0x85, 0x92, 0x9c, 0xb5, 0xcc, 0xce, 0xe3, 0xe6, 0xe5, 0xe5, 0xe5, 0xe6, 0xe6, 0xe5, 0xe3, 0xe3, 0xcc, 0xcc, 0xbe, 0xbb, 0xcd, 0xe1, 0xe3, 0xeb, 0xf3, 0xf3, 0xec, 0xec, 0xe7, 0xe4, 0xe4, 0xe4, 0xe4, 0xe4, 0xe1, 0xe3, 0xe9, 0xe4, 0xe4, 0xe1, 0xe1, 0xe1, 0xdf, 0xe1, 0xe1, 0xdf, 0xe1, 0xe1, 0xcd, 0xcc, 0xcc, 0xcc, 0xbd, 0xb8, 0xb8, 0xb6, 0xb8, 0xbd, 0xbe, 0xbe, 0xb8, 0xb8, 0xb8, 0xb7, 0xb5, 0xb2, 0xb5, 0xb2, 0xb1, 0x9e, 0x9a, 0x9a, 0x9d, 0x92, 0x74, 0x5e, 0x5a, 0x52, 0x35, 0x35, 0x37, 0x37, 0x5a, 0x5d, 0x61, 0x60, 0x75, 0x77, 0x7d, 0x7d, 0x7e, 0x91, 0x91, 0x91, 0x91, 0x7d, 0x7e, 0x91, 0x9a, 0x9a, 0x94, 0x9a, 0x9a, 0x9a, 0x9d, 0x94,
  0xe7, 0xe7, 0xe7, 0xe4, 0xe4, 0xe3, 0xe3, 0xe5, 0xe5, 0xe5, 0xe5, 0xe5, 0xe5, 0xe5, 0xe5, 0xe5, 0xcd, 0xbe, 0xbe, 0xbe, 0xbe, 0xbe, 0xbe, 0xcd, 0xe1, 0xdf, 0xdf, 0xe0, 0xe0, 0xbf, 0xdf, 0xbc, 0xba, 0xba, 0xbb, 0xb6, 0xb6, 0xb6, 0xb6, 0xbb, 0xb6, 0xb4, 0xb3, 0xb4, 0xb1, 0xb1, 0xb1, 0xb4, 0xb1, 0x9e, 0x9e, 0x9d, 0x9e, 0x9e, 0x9e, 0x9e, 0x94, 0x7e, 0x7e, 0x93, 0x93, 0x92, 0x92, 0x92, 0x91, 0x7e, 0x91, 0x91, 0x91, 0x7e, 0x91, 0x91, 0x91, 0x91, 0x7d, 0x77, 0x91, 0x7e, 0x7a, 0x7d, 0x7d, 0x77, 0x7d, 0x7d, 0x75, 0x75, 0x75, 0x76, 0x77, 0x75, 0x75, 0x75, 0x75, 0x75, 0x72, 0x60, 0x75, 0x75, 0x75, 0x75, 0x75, 0x75, 0x75, 0x75, 0x61, 0x75, 0x75, 0x75, 0x75, 0x75, 0x60, 0x60, 0x60, 0x5a, 0x60, 0x5b, 0x5b, 0x60, 0x60, 0x60, 0x5e, 0x5e, 0x5e, 0x5b, 0x5d, 0x61, 0x60, 0x5a, 0x5a, 0x5a, 0x5a, 0x3d, 0x37, 0x37, 0x52, 0x53, 0x5e, 0x75, 0x77, 0x74, 0x7e, 0x91, 0x93, 0x9a, 0x9a, 0x9d, 0xb4, 0xb4, 0xb4, 0xb6, 0xbd, 0xcc, 0xce, 0xce, 0xce, 0xce, 0xce, 0xe3, 0xe6, 0xf2, 0xe6, 0xe6, 0xf2, 0xe6, 0xe3, 0xcc, 0xbd, 0xb8, 0xb5, 0xb6, 0xbd, 0xb8, 0xb5, 0xb5, 0xb5, 0xb2, 0xb1, 0xb4, 0xb4, 0xb4, 0xb4, 0xb4, 0xb4, 0xb4, 0xb2, 0xb2, 0xb4, 0xb1, 0x9e, 0x9c, 0x9c, 0x9c, 0x9c, 0x9e, 0x9a, 0x9c, 0x9e, 0x9c, 0x9c, 0x9e, 0x9d, 0x9e, 0xb3, 0xb2, 0xb4, 0xb6, 0xb4, 0xb2, 0xb4, 0xb4, 0x9e, 0x9a, 0x92, 0x7e, 0x7a, 0x7c, 0x85, 0x94, 0xb1, 0xb5, 0xcc, 0xe3, 0xcc, 0xcc, 0xe1, 0xe1, 0xe1, 0xcd, 0xbe, 0xb6, 0xb2, 0xb2, 0xb2, 0xb2, 0xcc, 0xe3, 0xe3, 0xeb, 0xf3, 0xf3, 0xec, 0xeb, 0xe9, 0xe9, 0xe4, 0xe2, 0xe2, 0xe4, 0xe3, 0xe1, 0xe4, 0xe2, 0xdf, 0xe1, 0xe0, 0xdf, 0xbf, 0xe0, 0xe0, 0xe1, 0xe1, 0xcd, 0xbe, 0xbe, 0xcc, 0xcc, 0xb8, 0xb5, 0xb5, 0xb5, 0xb4, 0xb4, 0xbb, 0xbb, 0xcc, 0xbd, 0xb6, 0xb5, 0xb2, 0xb2, 0xb1, 0xb1, 0x9c, 0x9a, 0x93, 0x92, 0x93, 0x7d, 0x5e, 0x5e, 0x37, 0x37, 0x35, 0x35, 0x37, 0x5a, 0x5d, 0x76, 0x76, 0x76, 0x76, 0x77, 0x78, 0x7d, 0x7d, 0x80, 0x80, 0x91, 0x91, 0x91, 0x7d, 0x74, 0x91, 0x97, 0x93, 0x97, 0x9a, 0x97, 0x97, 0x91,
  0xe8, 0xe8, 0xe8, 0xe9, 0xe4, 0xe9, 0xf2, 0xe5, 0xe5, 0xe4, 0xeb, 0xeb, 0xe3, 0xe3, 0xe5, 0xe5, 0xe1, 0xbe, 0xbe, 0xcd, 0xcd, 0xcd, 0xbe, 0xbe, 0xdf, 0xdf, 0xdf, 0xbf, 0xbc, 0xbc, 0xbc, 0xbc, 0xba, 0xba, 0xbb, 0xb4, 0xb2, 0xb6, 0xb6, 0xb6, 0xb6, 0xb4, 0xb4, 0xb4, 0xb4, 0xb1, 0xb3, 0xb3, 0x9e, 0x9e, 0x9e, 0x9a, 0x9e, 0x9e, 0x9e, 0x9e, 0x93, 0x7e, 0x91, 0x93, 0x94, 0x93, 0x93, 0x97, 0x93, 0x91, 0x91, 0x93, 0x91, 0x7e, 0x91, 0x91, 0x91, 0x7e, 0x7d, 0x91, 0x91, 0x7d, 0x73, 0x7a, 0x7d, 0x77, 0x77, 0x77, 0x75, 0x75, 0x75, 0x75, 0x60, 0x75, 0x75, 0x60, 0x60, 0x60, 0x5e, 0x60, 0x75, 0x75, 0x75, 0x75, 0x75, 0x75, 0x60, 0x60, 0x61, 0x61, 0x61, 0x61, 0x75, 0x60, 0x60, 0x60, 0x5b, 0x5b, 0x61, 0x5b, 0x5b, 0x60, 0x60, 0x5e, 0x5e, 0x5b, 0x5b, 0x5b, 0x5d, 0x5d, 0x5d, 0x5b, 0x5a, 0x5a, 0x5a, 0x37, 0x37, 0x37, 0x37, 0x3c, 0x53, 0x5e, 0x5e, 0x74, 0x74, 0x74, 0x7e, 0x93, 0x9a, 0x9a, 0x9e, 0x9e, 0x9e, 0xb2, 0xb5, 0xb5, 0xbd, 0xce, 0xce, 0xd8, 0xe3, 0xe6, 0xe6, 0xf2, 0xf2, 0xe6, 0xe6, 0xe6, 0xce, 0xbd, 0xb6, 0xb5, 0xb2, 0xb8, 0xbd, 0xb6, 0xb5, 0xb6, 0xb6, 0xb5, 0xb4, 0xb6, 0xb4, 0xb3, 0xb3, 0xb2, 0xb4, 0xb6, 0xb4, 0xb4, 0xb2, 0xb2, 0xb2, 0xb2, 0xb2, 0xb1, 0xb1, 0xb1, 0x9c, 0xb1, 0xb1, 0x9e, 0x9e, 0x9e, 0x9e, 0x9e, 0x9e, 0xb1, 0xb4, 0xb6, 0xb6, 0xb4, 0xb6, 0xb6, 0xb3, 0x9e, 0x9a, 0x92, 0x7e, 0x7a, 0x7a, 0x7c, 0x88, 0x94, 0x9c, 0xb1, 0xb2, 0xb6, 0xbb, 0xbb, 0xb6, 0xb3, 0xb3, 0x9a, 0x9a, 0x9a, 0x9a, 0xb2, 0xbd, 0xcd, 0xcd, 0xeb, 0xf6, 0xf3, 0xeb, 0xe4, 0xe4, 0xe9, 0xe4, 0xe2, 0xe4, 0xeb, 0xe9, 0xe3, 0xe3, 0xe1, 0xdf, 0xe2, 0xe2, 0xdf, 0xdf, 0xe0, 0xe2, 0xe1, 0xe1, 0xdf, 0xcd, 0xcd, 0xcd, 0xcc, 0xb8, 0xb2, 0xb5, 0xb8, 0xb4, 0xb4, 0xb4, 0xb6, 0xbb, 0xbd, 0xb8, 0xb5, 0xb5, 0xb5, 0xb1, 0xb1, 0x9c, 0x94, 0x92, 0x7e, 0x74, 0x5e, 0x53, 0x52, 0x37, 0x37, 0x35, 0x35, 0x5a, 0x5c, 0x5d, 0x61, 0x5d, 0x75, 0x78, 0x78, 0x78, 0x7d, 0x7d, 0x7f, 0x80, 0x80, 0x80, 0x80, 0x7e, 0x77, 0x91, 0x97, 0x97, 0x97, 0x9d, 0x97, 0x92, 0x91,
  0xe9, 0xe8, 0xe2, 0xe9, 0xeb, 0xeb, 0xeb, 0xe9, 0xeb, 0xe4, 0xe4, 0xeb, 0xe4, 0xe4, 0xe4, 0xe3, 0xbe, 0xbe, 0xbe, 0xcd, 0xdf, 0xdf, 0xbe, 0xbe, 0xdf, 0xdf, 0xbe, 0xbe, 0xbe, 0xbe, 0xbe, 0xbe, 0xbb, 0xbb, 0xb6, 0xb6, 0xb6, 0xb6, 0xb6, 0xb6, 0xb4, 0xb2, 0xb2, 0xb4, 0xb3, 0xb3, 0xb3, 0xb3, 0x9e, 0x9e, 0x9e, 0x9a, 0x9c, 0x9c, 0x9e, 0x9a, 0x94, 0x93, 0x93, 0x94, 0x94, 0x93, 0x93, 0x95, 0x95, 0x80, 0x91, 0x93, 0x91, 0x91, 0x91, 0x91, 0x7e, 0x7e, 0x7d, 0x80, 0x80, 0x7f, 0x77, 0x77, 0x77, 0x77, 0x77, 0x75, 0x75, 0x75, 0x75, 0x60, 0x60, 0x60, 0x60, 0x60, 0x60, 0x60, 0x60, 0x60, 0x60, 0x75, 0x75, 0x75, 0x75, 0x75, 0x61, 0x60, 0x61, 0x61, 0x61, 0x61, 0x61, 0x5d, 0x61, 0x5b, 0x5b, 0x60, 0x60, 0x5b, 0x5b, 0x5b, 0x5b, 0x60, 0x60, 0x5b, 0x5b, 0x5a, 0x5a, 0x5b, 0x5b, 0x5b, 0x5a, 0x5a, 0x5a, 0x3f, 0x37, 0x37, 0x3c, 0x3c, 0x52, 0x53, 0x53, 0x5e, 0x74, 0x74, 0x7d, 0x91, 0x93, 0x97, 0x97, 0x9a, 0x9e, 0xb4, 0xb1, 0xb2, 0xb8, 0xcc, 0xcc, 0xce, 0xe3, 0xe5, 0xe5, 0xe5, 0xe5, 0xe3, 0xe6, 0xe3, 0xcd, 0xbd, 0xb5, 0xb2, 0xb2, 0xb5, 0xb8, 0xb5, 0xb5, 0xb7, 0xb5, 0xb5, 0xb5, 0xb5, 0xb5, 0xb4, 0xb4, 0xb6, 0xb6, 0xb4, 0xb6, 0xb6, 0xb6, 0xb4, 0xb4, 0xb4, 0xb4, 0xb4, 0xb2, 0xb1, 0xb1, 0xb1, 0xb1, 0xb1, 0xb1, 0x9e, 0xb3, 0xb1, 0xb1, 0xb1, 0xb2, 0xb5, 0xb5, 0xb8, 0xb6, 0xb6, 0xb4, 0xb3, 0x9e, 0x9a, 0x94, 0x7e, 0x7a, 0x7a, 0x85, 0x91, 0x91, 0x92, 0x94, 0x9a, 0x97, 0x9d, 0x97, 0x97, 0x97, 0x96, 0x93, 0x9a, 0x9c, 0xb2, 0xcc, 0xcd, 0xe5, 0xeb, 0xf3, 0xeb, 0xe8, 0xe8, 0xe9, 0xe4, 0xe4, 0xe2, 0xe4, 0xe4, 0xeb, 0xe4, 0xe4, 0xe3, 0xbe, 0xdf, 0xe3, 0xe3, 0xe1, 0xdf, 0xdf, 0xe1, 0xe4, 0xe3, 0xdf, 0xcd, 0xcd, 0xcd, 0xbd, 0xb6, 0xb6, 0xb8, 0xb5, 0xb5, 0xb5, 0xb5, 0xb6, 0xbb, 0xb6, 0xb5, 0xb5, 0xb1, 0x9c, 0x9e, 0x9a, 0x93, 0x7e, 0x74, 0x71, 0x5a, 0x3c, 0x3c, 0x3c, 0x37, 0x37, 0x37, 0x5a, 0x5d, 0x61, 0x61, 0x61, 0x75, 0x76, 0x76, 0x77, 0x78, 0x7f, 0x7f, 0x77, 0x77, 0x77, 0x7d, 0x80, 0x7e, 0x80, 0x97, 0x95, 0x97, 0x97, 0x95, 0x80, 0x91,
  0xeb, 0xe9, 0xe4, 0xe9, 0xe9, 0xe9, 0xeb, 0xe7, 0xe9, 0xe4, 0xe4, 0xe4, 0xe4, 0xe4, 0xe2, 0xdf, 0xbe, 0xbe, 0xcd, 0xbe, 0xcd, 0xcd, 0xbb, 0xbb, 0xbf, 0xbf, 0xbe, 0xbe, 0xbe, 0xbe, 0xbe, 0xbb, 0xbb, 0xba, 0xb6, 0xb6, 0xb4, 0xb6, 0xb6, 0xb6, 0xb6, 0xb4, 0xb3, 0xb3, 0xb3, 0xb3, 0x9e, 0x9e, 0x9e, 0x9e, 0x9e, 0x9a, 0x9c, 0x9e, 0x9c, 0x9a, 0x9a, 0x94, 0x94, 0x94, 0x93, 0x93, 0x91, 0x7d, 0x7d, 0x7f, 0x80, 0x91, 0x91, 0x92, 0x91, 0x7e, 0x91, 0x7d, 0x7f, 0x80, 0x80, 0x7f, 0x77, 0x77, 0x77, 0x75, 0x77, 0x75, 0x75, 0x75, 0x75, 0x61, 0x60, 0x60, 0x75, 0x75, 0x60, 0x60, 0x75, 0x75, 0x61, 0x60, 0x60, 0x60, 0x61, 0x60, 0x60, 0x60, 0x60, 0x61, 0x61, 0x60, 0x60, 0x60, 0x5b, 0x60, 0x5b, 0x5b, 0x5b, 0x5b, 0x5b, 0x5b, 0x5a, 0x5b, 0x60, 0x5b, 0x5b, 0x5a, 0x3d, 0x5a, 0x5a, 0x5a, 0x5a, 0x5a, 0x5b, 0x5a, 0x37, 0x37, 0x3c, 0x3c, 0x3c, 0x52, 0x52, 0x53, 0x5b, 0x5e, 0x77, 0x7d, 0x7e, 0x91, 0x93, 0x9a, 0x9a, 0x9e, 0x9e, 0xb1, 0xb5, 0xb6, 0xbd, 0xce, 0xce, 0xce, 0xce, 0xe1, 0xe3, 0xce, 0xce, 0xce, 0xcc, 0xbd, 0xb6, 0xb5, 0xb5, 0xb8, 0xb8, 0xb5, 0xb2, 0xb5, 0xb5, 0xb5, 0xb5, 0xb5, 0xb6, 0xb4, 0xb6, 0xbb, 0xb8, 0xbb, 0xbb, 0xb6, 0xb6, 0xb4, 0xb6, 0xb6, 0xb6, 0xb4, 0xb2, 0xb2, 0xb4, 0xb4, 0xb4, 0xb2, 0xb2, 0xb4, 0xb4, 0xb4, 0xb4, 0xb1, 0xb5, 0xb5, 0xb5, 0xb6, 0xbd, 0xbd, 0xb6, 0xb6, 0xb4, 0x9e, 0x9e, 0x93, 0x7a, 0x7a, 0x7a, 0x7a, 0x7a, 0x7e, 0x92, 0x93, 0x93, 0x93, 0x92, 0x92, 0x92, 0x92, 0x92, 0x94, 0xb1, 0xb8, 0xcc, 0xe1, 0xf2, 0xeb, 0xe9, 0xe9, 0xe4, 0xe7, 0xe4, 0xe4, 0xe4, 0xe2, 0xe2, 0xe2, 0xe4, 0xe4, 0xe4, 0xe4, 0xdf, 0xe1, 0xe1, 0xe9, 0xe4, 0xe1, 0xcd, 0xdf, 0xe1, 0xdf, 0xcd, 0xcd, 0xbe, 0xbd, 0xcc, 0xb8, 0xb8, 0xb5, 0xb5, 0xb8, 0xb7, 0xb5, 0xb6, 0xbb, 0xb6, 0xb5, 0xb2, 0xb1, 0x9a, 0x94, 0x94, 0x92, 0x7d, 0x71, 0x5a, 0x3c, 0x3c, 0x3f, 0x3f, 0x3f, 0x37, 0x37, 0x5a, 0x5d, 0x61, 0x61, 0x60, 0x60, 0x75, 0x75, 0x77, 0x78, 0x78, 0x78, 0x78, 0x77, 0x77, 0x7d, 0x7f, 0x91, 0x91, 0x80, 0x80, 0x91, 0x91, 0x91, 0x80, 0x7e,
  0xf3, 0xeb, 0xe9, 0xeb, 0xeb, 0xe9, 0xe9, 0xe2, 0xe4, 0xe4, 0xe4, 0xe1, 0xe4, 0xe4, 0xe2, 0xdf, 0xbe, 0xbe, 0xcd, 0xbe, 0xbe, 0xbf, 0xbe, 0xbb, 0xbe, 0xbe, 0xbe, 0xbe, 0xbe, 0xbe, 0xbb, 0xb6, 0xba, 0xbb, 0xb6, 0xb4, 0xb4, 0xb4, 0xb6, 0xb4, 0xb4, 0xb4, 0xb2, 0xb3, 0xb3, 0x9e, 0x9e, 0x9d, 0x9d, 0x9d, 0x9d, 0x9a, 0x9c, 0x9c, 0x9a, 0x9a, 0x9a, 0x94, 0x94, 0x93, 0x91, 0x92, 0x7e, 0x74, 0x74, 0x7d, 0x80, 0x91, 0x91, 0x91, 0x91, 0x95, 0x80, 0x7d, 0x7d, 0x80, 0x7f, 0x77, 0x77, 0x77, 0x77, 0x75, 0x75, 0x75, 0x75, 0x75, 0x75, 0x76, 0x60, 0x75, 0x76, 0x60, 0x60, 0x75, 0x60, 0x61, 0x60, 0x60, 0x60, 0x60, 0x60, 0x60, 0x60, 0x60, 0x60, 0x61, 0x61, 0x60, 0x5d, 0x60, 0x60, 0x60, 0x60, 0x5b, 0x5b, 0x5d, 0x60, 0x5b, 0x5a, 0x5b, 0x5b, 0x60, 0x60, 0x5a, 0x5a, 0x5a, 0x5a, 0x5b, 0x5b, 0x5b, 0x5a, 0x5a, 0x37, 0x37, 0x3f, 0x3c, 0x3c, 0x3c, 0x37, 0x37, 0x5a, 0x5e, 0x75, 0x77, 0x7d, 0x91, 0x97, 0x93, 0x94, 0x9d, 0x9c, 0x9c, 0xb2, 0xb5, 0xb8, 0xcc, 0xcc, 0xcc, 0xce, 0xce, 0xe3, 0xce, 0xce, 0xcc, 0xcc, 0xcc, 0xb8, 0xb8, 0xb6, 0xb8, 0xb8, 0xb6, 0xb4, 0xb6, 0xb8, 0xb8, 0xb6, 0xb6, 0xb6, 0xb6, 0xb6, 0xbb, 0xbd, 0xbd, 0xb8, 0xb8, 0xb6, 0xb6, 0xb6, 0xb8, 0xbd, 0xb8, 0xb4, 0xb4, 0xb6, 0xb6, 0xb6, 0xb4, 0xb4, 0xb4, 0xb4, 0xb4, 0xb4, 0xb2, 0xb5, 0xb6, 0xb6, 0xb6, 0xbd, 0xbd, 0xbb, 0xbe, 0xbb, 0xb4, 0xb6, 0x9a, 0x91, 0x7e, 0x7a, 0x74, 0x74, 0x7a, 0x7e, 0x91, 0x93, 0x92, 0x92, 0x92, 0x92, 0x92, 0x93, 0x94, 0x9c, 0xcc, 0xe1, 0xe5, 0xf2, 0xe9, 0xe4, 0xe4, 0xe2, 0xe7, 0xe4, 0xe2, 0xe4, 0xe4, 0xe2, 0xe4, 0xe2, 0xe1, 0xe4, 0xe3, 0xdf, 0xe1, 0xdf, 0xe3, 0xe3, 0xdf, 0xdf, 0xcd, 0xcd, 0xbe, 0xbe, 0xcd, 0xbe, 0xb8, 0xcc, 0xb8, 0xb6, 0xb5, 0xb5, 0xb8, 0xb5, 0xb5, 0xb5, 0xb6, 0xb4, 0xb2, 0xb1, 0x9a, 0x94, 0x93, 0x97, 0x92, 0x74, 0x71, 0x3f, 0x3c, 0x3c, 0x3f, 0x37, 0x3f, 0x3f, 0x3f, 0x5a, 0x5b, 0x5b, 0x5b, 0x60, 0x60, 0x60, 0x75, 0x75, 0x75, 0x75, 0x77, 0x78, 0x77, 0x77, 0x78, 0x7f, 0x80, 0x91, 0x91, 0x80, 0x91, 0x7e, 0x91, 0x80, 0x80,
  0xf3, 0xec, 0xe9, 0xeb, 0xeb, 0xeb, 0xeb, 0xe4, 0xe9, 0xe4, 0xe4, 0xe2, 0xe2, 0xe4, 0xe2, 0xe1, 0xbf, 0xdf, 0xcd, 0xbe, 0xbe, 0xdf, 0xdf, 0xbb, 0xb6, 0xb6, 0xb6, 0xbb, 0xbe, 0xbb, 0xb6, 0xb4, 0xb6, 0xbb, 0xb6, 0xb4, 0xb2, 0xb3, 0xb4, 0xb6, 0xb2, 0xb1, 0xb3, 0xb3, 0xb3, 0xb3, 0x9e, 0x9e, 0x9e, 0x9e, 0x9d, 0x9e, 0x9a, 0x9a, 0x9a, 0x9a, 0x9a, 0x93, 0x93, 0x93, 0x92, 0x92, 0x7e, 0x77, 0x77, 0x7d, 0x95, 0x91, 0x91, 0x91, 0x91, 0x91, 0x91, 0x80, 0x7f, 0x7d, 0x77, 0x77, 0x77, 0x7d, 0x77, 0x75, 0x75, 0x75, 0x60, 0x60, 0x75, 0x76, 0x61, 0x60, 0x75, 0x60, 0x5b, 0x75, 0x60, 0x5b, 0x5b, 0x60, 0x61, 0x61, 0x60, 0x5b, 0x5b, 0x60, 0x61, 0x61, 0x60, 0x60, 0x60, 0x60, 0x5b, 0x5b, 0x5d, 0x5b, 0x5d, 0x60, 0x60, 0x5b, 0x5a, 0x5a, 0x5a, 0x5b, 0x5b, 0x5a, 0x5a, 0x5a, 0x5b, 0x5b, 0x5a, 0x5a, 0x3d, 0x5a, 0x3f, 0x3f, 0x3f, 0x3f, 0x3f, 0x3f, 0x3f, 0x37, 0x5a, 0x5b, 0x5e, 0x75, 0x77, 0x7e, 0x92, 0x93, 0x93, 0x9a, 0x9d, 0x9a, 0x9e, 0xb6, 0xb8, 0xb8, 0xb8, 0xbd, 0xcc, 0xce, 0xcc, 0xcc, 0xbd, 0xbd, 0xcc, 0xcc, 0xbd, 0xbd, 0xb8, 0xb6, 0xb6, 0xb8, 0xb8, 0xbb, 0xbb, 0xbb, 0xb6, 0xbb, 0xbb, 0xb6, 0xba, 0xbe, 0xbe, 0xbb, 0xb6, 0xbd, 0xbd, 0xbd, 0xbd, 0xcc, 0xcc, 0xbd, 0xb8, 0xb6, 0xb6, 0xb6, 0xb8, 0xb6, 0xb6, 0xb6, 0xb6, 0xb4, 0xb4, 0xb4, 0xb6, 0xb6, 0xb6, 0xb8, 0xb6, 0xbd, 0xbe, 0xbe, 0xcd, 0xbe, 0xbb, 0xb3, 0x9e, 0x9d, 0x93, 0x7e, 0x74, 0x74, 0x7a, 0x7e, 0x91, 0x91, 0x91, 0x92, 0x93, 0x93, 0x97, 0x9a, 0x9e, 0xbe, 0xe3, 0xeb, 0xe5, 0xe9, 0xe9, 0xe9, 0xe4, 0xe2, 0xe4, 0xe1, 0xe2, 0xe4, 0xe2, 0xe9, 0xe1, 0xe1, 0xe4, 0xdf, 0xcd, 0xdf, 0xdf, 0xdf, 0xdf, 0xcd, 0xcd, 0xcd, 0xcd, 0xbe, 0xbe, 0xdf, 0xcd, 0xbd, 0xcc, 0xb8, 0xb5, 0xb5, 0xb2, 0xb2, 0xb1, 0xb1, 0xb1, 0xb1, 0xb1, 0xb1, 0x9a, 0x9a, 0x9a, 0x97, 0x91, 0x7d, 0x71, 0x5b, 0x3f, 0x3c, 0x3c, 0x3c, 0x35, 0x37, 0x3f, 0x3f, 0x5a, 0x5d, 0x5d, 0x5d, 0x60, 0x60, 0x60, 0x60, 0x75, 0x60, 0x60, 0x75, 0x75, 0x60, 0x75, 0x78, 0x78, 0x80, 0x91, 0x7d, 0x91, 0x91, 0x91, 0x80, 0x80, 0x80,
  0xeb, 0xeb, 0xe4, 0xe9, 0xec, 0xec, 0xec, 0xe9, 0xe9, 0xeb, 0xe9, 0xe9, 0xe9, 0xe9, 0xe1, 0xdf, 0xdf, 0xe1, 0xdf, 0xcd, 0xcd, 0xe1, 0xdf, 0xbb, 0xb4, 0xb3, 0xb3, 0xb4, 0xbb, 0xb6, 0xb6, 0xb4, 0xb6, 0xb6, 0xb3, 0x9e, 0x9e, 0xb4, 0xb6, 0xb4, 0x9e, 0x9c, 0x9e, 0xb3, 0xb3, 0x9e, 0x9e, 0x9d, 0x9d, 0x9d, 0x9a, 0x9a, 0x9a, 0x9a, 0x9a, 0x9a, 0x9a, 0x94, 0x93, 0x93, 0x93, 0x92, 0x91, 0x91, 0x7d, 0x7e, 0x80, 0x91, 0x91, 0x91, 0x91, 0x91, 0x7e, 0x7e, 0x7f, 0x7d, 0x77, 0x77, 0x77, 0x77, 0x77, 0x77, 0x77, 0x77, 0x75, 0x75, 0x75, 0x76, 0x61, 0x61, 0x76, 0x75, 0x5b, 0x60, 0x61, 0x60, 0x60, 0x60, 0x60, 0x60, 0x60, 0x60, 0x60, 0x60, 0x60, 0x5b, 0x60, 0x60, 0x60, 0x5b, 0x5a, 0x5b, 0x5d, 0x5d, 0x5d, 0x5b, 0x5b, 0x5b, 0x5d, 0x5b, 0x5a, 0x5a, 0x5a, 0x5a, 0x5a, 0x5a, 0x5a, 0x5a, 0x5a, 0x5a, 0x3d, 0x5a, 0x5a, 0x3f, 0x3f, 0x3e, 0x3f, 0x3f, 0x3f, 0x37, 0x3f, 0x5a, 0x5b, 0x60, 0x77, 0x7d, 0x77, 0x7e, 0x91, 0x97, 0x97, 0x9a, 0x9e, 0xb6, 0xb8, 0xb8, 0xb6, 0xbd, 0xcc, 0xcc, 0xbd, 0xb8, 0xb4, 0xb6, 0xcc, 0xcc, 0xbe, 0xbd, 0xbd, 0xb8, 0xb6, 0xb6, 0xbb, 0xb6, 0xbb, 0xbb, 0xb6, 0xba, 0xbb, 0xb6, 0xbb, 0xbe, 0xbe, 0xbd, 0xb8, 0xbe, 0xdf, 0xcc, 0xcd, 0xcd, 0xbd, 0xbd, 0xbd, 0xb8, 0xb8, 0xb8, 0xbd, 0xbd, 0xbd, 0xbb, 0xbb, 0xbb, 0xbb, 0xb8, 0xb8, 0xb8, 0xbd, 0xbd, 0xb8, 0xbd, 0xdf, 0xe1, 0xe1, 0xcd, 0xcd, 0xbb, 0xb6, 0xb3, 0x9e, 0x93, 0x7e, 0x7a, 0x7e, 0x91, 0x91, 0x91, 0x93, 0x94, 0x94, 0x9a, 0x9e, 0xb1, 0xb6, 0xcd, 0xe1, 0xe9, 0xe9, 0xeb, 0xeb, 0xe9, 0xe4, 0xe8, 0xe2, 0xcd, 0xcd, 0xdf, 0xe1, 0xe4, 0xe1, 0xe4, 0xeb, 0xe1, 0xdf, 0xe1, 0xe1, 0xe3, 0xe1, 0xdf, 0xcd, 0xcd, 0xcd, 0xbb, 0xbb, 0xcc, 0xcc, 0xb8, 0xb8, 0xb5, 0xb5, 0xb2, 0xb1, 0xb1, 0xb1, 0xb1, 0xb1, 0x9e, 0x9c, 0x9e, 0x97, 0x97, 0x97, 0x96, 0x7d, 0x71, 0x71, 0x3c, 0x3c, 0x3c, 0x3f, 0x3f, 0x3f, 0x3f, 0x3f, 0x3f, 0x5a, 0x5d, 0x5d, 0x61, 0x61, 0x60, 0x60, 0x75, 0x75, 0x60, 0x5b, 0x75, 0x60, 0x75, 0x77, 0x77, 0x77, 0x7f, 0x7e, 0x7d, 0x80, 0x80, 0x7f, 0x7d, 0x7d, 0x80,
  0xeb, 0xeb, 0xe9, 0xe9, 0xf3, 0xf3, 0xec, 0xeb, 0xe9, 0xeb, 0xe4, 0xe4, 0xe4, 0xe2, 0xdf, 0xbf, 0xbf, 0xcd, 0xcd, 0xe1, 0xe1, 0xe3, 0xdf, 0xbb, 0xb4, 0xb3, 0xb3, 0xb4, 0xb6, 0xb6, 0xb4, 0xb4, 0xbb, 0xb3, 0x9e, 0x9a, 0x9c, 0xb4, 0xb4, 0xb1, 0x9e, 0x9c, 0x9a, 0x9a, 0x9d, 0x9d, 0x9d, 0x9a, 0x9a, 0x9d, 0x9d, 0x9a, 0x9e, 0x9d, 0x9a, 0x9a, 0x9d, 0x9a, 0x93, 0x92, 0x91, 0x91, 0x93, 0x97, 0x91, 0x91, 0x80, 0x91, 0x91, 0x91, 0x91, 0x91, 0x7e, 0x7d, 0x7d, 0x7d, 0x7d, 0x7d, 0x78, 0x7f, 0x78, 0x77, 0x77, 0x78, 0x77, 0x75, 0x75, 0x61, 0x61, 0x61, 0x61, 0x60, 0x5b, 0x60, 0x60, 0x60, 0x60, 0x60, 0x60, 0x60, 0x60, 0x60, 0x60, 0x60, 0x60, 0x60, 0x60, 0x60, 0x60, 0x60, 0x60, 0x5b, 0x5b, 0x5b, 0x5b, 0x5a, 0x5a, 0x5b, 0x5d, 0x5d, 0x5b, 0x5a, 0x5a, 0x5a, 0x5a, 0x5a, 0x5a, 0x5a, 0x5a, 0x5a, 0x5a, 0x5a, 0x3f, 0x3f, 0x3f, 0x3f, 0x3f, 0x3f, 0x3f, 0x3f, 0x3f, 0x3f, 0x5a, 0x5b, 0x60, 0x75, 0x60, 0x77, 0x7e, 0x95, 0x96, 0x9a, 0x9e, 0xb4, 0xb6, 0xb6, 0xb6, 0xb8, 0xbd, 0xb8, 0xb8, 0xb6, 0xb2, 0xb4, 0xbe, 0xbe, 0xbe, 0xbe, 0xbd, 0xb6, 0xb6, 0xb6, 0xb6, 0xb6, 0xba, 0xbb, 0xbb, 0xbb, 0xbb, 0xbb, 0xbb, 0xbd, 0xbe, 0xcd, 0xcc, 0xcd, 0xcd, 0xbe, 0xcd, 0xcc, 0xbd, 0xbd, 0xbe, 0xcc, 0xcc, 0xcc, 0xbd, 0xb8, 0xbd, 0xbb, 0xbb, 0xbd, 0xbd, 0xb8, 0xb8, 0xbd, 0xbd, 0xb8, 0xb8, 0xbd, 0xcd, 0xe1, 0xdf, 0xcd, 0xdf, 0xdf, 0xbf, 0xbb, 0xb3, 0x9d, 0x97, 0x93, 0x92, 0x93, 0x93, 0x91, 0x92, 0x93, 0x94, 0x9d, 0xb3, 0xb6, 0xdf, 0xe4, 0xe1, 0xe4, 0xe4, 0xe4, 0xe8, 0xe4, 0xe2, 0xe4, 0xe2, 0xdf, 0xcd, 0xdf, 0xe1, 0xe1, 0xdf, 0xe4, 0xe9, 0xe4, 0xe1, 0xdf, 0xdf, 0xe1, 0xe1, 0xdf, 0xcd, 0xbe, 0xbe, 0xbb, 0xb6, 0xb8, 0xb8, 0xb8, 0xb8, 0xb8, 0xb5, 0xb2, 0xb2, 0xb1, 0x9e, 0x9c, 0x9a, 0x9a, 0x9a, 0x9a, 0x97, 0x96, 0x95, 0x7d, 0x74, 0x71, 0x3f, 0x3f, 0x3f, 0x3c, 0x3c, 0x3f, 0x3f, 0x3f, 0x3f, 0x3f, 0x5a, 0x5d, 0x5d, 0x60, 0x60, 0x5d, 0x5b, 0x60, 0x60, 0x60, 0x60, 0x75, 0x75, 0x75, 0x60, 0x75, 0x78, 0x80, 0x80, 0x80, 0x80, 0x80, 0x7d, 0x77, 0x77, 0x7d,
  0xeb, 0xeb, 0xeb, 0xeb, 0xec, 0xec, 0xeb, 0xe9, 0xe9, 0xe4, 0xe2, 0xe2, 0xe2, 0xe1, 0xe1, 0xe1, 0xdf, 0xdf, 0xcd, 0xe3, 0xe1, 0xcd, 0xdf, 0xbe, 0xbb, 0xb6, 0xb6, 0xb6, 0xb6, 0xbb, 0xb4, 0xb4, 0xb4, 0x9a, 0x93, 0x94, 0x9c, 0xb3, 0xb1, 0xb1, 0xb1, 0x9c, 0x9a, 0x9a, 0x9a, 0x9a, 0x9d, 0x9a, 0x9a, 0x9a, 0x9a, 0x9a, 0x9e, 0x9e, 0x9a, 0x9a, 0x9a, 0x94, 0x97, 0x97, 0x93, 0x91, 0x93, 0x93, 0x91, 0x91, 0x91, 0x91, 0x91, 0x91, 0x91, 0x91, 0x91, 0x7e, 0x77, 0x7d, 0x7d, 0x7d, 0x7f, 0x80, 0x7f, 0x77, 0x77, 0x78, 0x78, 0x76, 0x75, 0x61, 0x76, 0x61, 0x5d, 0x5b, 0x5d, 0x60, 0x60, 0x60, 0x60, 0x60, 0x60, 0x60, 0x5b, 0x60, 0x61, 0x61, 0x61, 0x60, 0x60, 0x60, 0x5b, 0x60, 0x60, 0x60, 0x5b, 0x5a, 0x5b, 0x5b, 0x5a, 0x5a, 0x5b, 0x5b, 0x5d, 0x5a, 0x37, 0x5a, 0x5a, 0x5a, 0x5a, 0x5a, 0x5a, 0x5a, 0x5a, 0x5a, 0x3f, 0x3f, 0x3f, 0x3f, 0x3f, 0x3f, 0x3f, 0x3f, 0x3f, 0x3f, 0x3f, 0x3f, 0x5b, 0x5d, 0x60, 0x75, 0x77, 0x80, 0x97, 0x9d, 0x9e, 0xb3, 0xb6, 0xb8, 0xbd, 0xbb, 0xb8, 0xb6, 0xb6, 0xb6, 0xb4, 0xb6, 0xb6, 0xb6, 0xbb, 0xbd, 0xbd, 0xbb, 0xb6, 0xb4, 0xb4, 0xb3, 0xb3, 0xbb, 0xbe, 0xbb, 0xbb, 0xbb, 0xbb, 0xbb, 0xbe, 0xcd, 0xcd, 0xcd, 0xcc, 0xcd, 0xcd, 0xcd, 0xcd, 0xcc, 0xcc, 0xcd, 0xe1, 0xcd, 0xcc, 0xb8, 0xb8, 0xbb, 0xbb, 0xbb, 0xb8, 0xbd, 0xcc, 0xcc, 0xcc, 0xbd, 0xb8, 0xbd, 0xbe, 0xcd, 0xcd, 0xcd, 0xe1, 0xe4, 0xe4, 0xbf, 0xbb, 0xb6, 0xb4, 0x9e, 0x9a, 0x9a, 0x9a, 0x9d, 0x9a, 0x9d, 0xb1, 0xb6, 0xbe, 0xbe, 0xe0, 0xe9, 0xe4, 0xe4, 0xe2, 0xe2, 0xe2, 0xe2, 0xe4, 0xe4, 0xe2, 0xe1, 0xe2, 0xe1, 0xe1, 0xe2, 0xe1, 0xe2, 0xe2, 0xdf, 0xe3, 0xe1, 0xe4, 0xe3, 0xdf, 0xdf, 0xdf, 0xbe, 0xbd, 0xbd, 0xbd, 0xbd, 0xb8, 0xb8, 0xb8, 0xb2, 0xb1, 0xb2, 0xb2, 0x9d, 0x97, 0x97, 0x93, 0x93, 0x94, 0x97, 0x96, 0x91, 0x7d, 0x71, 0x5a, 0x3f, 0x3c, 0x3c, 0x3f, 0x3f, 0x3f, 0x3f, 0x3f, 0x3f, 0x5c, 0x5c, 0x5a, 0x5d, 0x5d, 0x5d, 0x60, 0x5d, 0x60, 0x60, 0x60, 0x60, 0x60, 0x61, 0x75, 0x60, 0x5e, 0x76, 0x7f, 0x7f, 0x80, 0x80, 0x7d, 0x7d, 0x7d, 0x7d, 0x7d, 0x77,
  0xec, 0xeb, 0xeb, 0xf3, 0xec, 0xeb, 0xe9, 0xe4, 0xe4, 0xe4, 0xe1, 0xe1, 0xe2, 0xdf, 0xdf, 0xe1, 0xe0, 0xcd, 0xcd, 0xe3, 0xdf, 0xdf, 0xdf, 0xdf, 0xbe, 0xb6, 0xb6, 0xb6, 0xb6, 0xb6, 0xb6, 0xb4, 0xb2, 0x94, 0x92, 0x93, 0x9a, 0xb1, 0xb1, 0xb2, 0xb1, 0x9e, 0x9a, 0x9a, 0x9a, 0x9a, 0x9d, 0x9d, 0x9a, 0x9a, 0x9a, 0x9a, 0x9e, 0x9d, 0x9a, 0x94, 0x94, 0x94, 0x97, 0x9a, 0x97, 0x93, 0x91, 0x92, 0x91, 0x91, 0x7e, 0x7d, 0x7d, 0x7d, 0x7e, 0x7e, 0x7e, 0x7d, 0x7d, 0x7d, 0x80, 0x78, 0x78, 0x7f, 0x78, 0x77, 0x75, 0x78, 0x77, 0x76, 0x76, 0x76, 0x76, 0x61, 0x60, 0x5b, 0x60, 0x61, 0x61, 0x61, 0x61, 0x61, 0x61, 0x60, 0x60, 0x60, 0x76, 0x76, 0x61, 0x60, 0x60, 0x60, 0x5b, 0x5b, 0x5d, 0x60, 0x61, 0x5b, 0x5d, 0x60, 0x5b, 0x5a, 0x5b, 0x5b, 0x5b, 0x5a, 0x5a, 0x5a, 0x5a, 0x5a, 0x5a, 0x5a, 0x3f, 0x3f, 0x3f, 0x3f, 0x3c, 0x3f, 0x3f, 0x3f, 0x3f, 0x3f, 0x3f, 0x3e, 0x3f, 0x3f, 0x3f, 0x3f, 0x3f, 0x3f, 0x5d, 0x75, 0x77, 0x7f, 0x96, 0x9d, 0x9d, 0xb3, 0xb6, 0xb8, 0xbb, 0xb8, 0xb6, 0xb6, 0xb6, 0xb6, 0xb6, 0xb6, 0xb4, 0xb4, 0xbb, 0xbb, 0xbb, 0xbb, 0xb6, 0xb6, 0xb4, 0xb3, 0xb6, 0xbb, 0xbe, 0xbe, 0xbb, 0xbd, 0xbd, 0xb8, 0xcc, 0xcd, 0xdf, 0xbe, 0xbe, 0xcd, 0xbe, 0xbe, 0xcd, 0xe1, 0xcd, 0xcd, 0xcd, 0xcd, 0xbe, 0xbd, 0xbd, 0xbb, 0xbb, 0xbb, 0xbb, 0xbe, 0xcc, 0xcc, 0xcc, 0xbd, 0xbd, 0xbd, 0xbd, 0xbe, 0xcd, 0xdf, 0xdf, 0xe4, 0xe1, 0xe1, 0xe2, 0xe0, 0xbf, 0xbb, 0xb6, 0xb4, 0xb3, 0xb3, 0xb3, 0xb6, 0xbb, 0xbe, 0xdf, 0xe0, 0xe2, 0xe9, 0xe4, 0xe7, 0xe4, 0xe8, 0xe8, 0xe2, 0xe9, 0xe9, 0xe4, 0xe1, 0xe2, 0xe2, 0xe2, 0xe4, 0xe4, 0xe4, 0xe1, 0xe1, 0xe3, 0xe3, 0xe4, 0xe4, 0xcd, 0xcd, 0xdf, 0xbe, 0xbd, 0xcc, 0xcc, 0xbd, 0xb6, 0xb5, 0xb5, 0xb1, 0x9e, 0xb1, 0x9d, 0x97, 0x96, 0x92, 0x92, 0x92, 0x93, 0x93, 0x91, 0x77, 0x71, 0x71, 0x3f, 0x3f, 0x3c, 0x3c, 0x3f, 0x3f, 0x3f, 0x3f, 0x3f, 0x5c, 0x5c, 0x5c, 0x5d, 0x5d, 0x5d, 0x61, 0x60, 0x5b, 0x60, 0x60, 0x5b, 0x5b, 0x5b, 0x60, 0x60, 0x61, 0x76, 0x78, 0x78, 0x78, 0x7f, 0x7d, 0x7d, 0x80, 0x7f, 0x7f, 0x7f, 0x7f,
  0xec, 0xeb, 0xec, 0xf3, 0xec, 0xeb, 0xe8, 0xe4, 0xe4, 0xe4, 0xe2, 0xe0, 0xe1, 0xdf, 0xcd, 0xe1, 0xe3, 0xcd, 0xdf, 0xdf, 0xcd, 0xdf, 0xcd, 0xbe, 0xbb, 0xb6, 0xb4, 0xb6, 0xb6, 0xb6, 0xb6, 0xb4, 0xb4, 0x9c, 0x94, 0x93, 0x9a, 0x9e, 0x9e, 0x9e, 0xb3, 0xb1, 0x9a, 0x94, 0x94, 0x94, 0x94, 0x9a, 0x9a, 0x9a, 0x9a, 0x9a, 0x9d, 0x9a, 0x9a, 0x92, 0x92, 0x92, 0x93, 0x97, 0x97, 0x96, 0x97, 0x97, 0x91, 0x91, 0x7d, 0x7d, 0x77, 0x7d, 0x7d, 0x91, 0x7e, 0x7d, 0x7d, 0x7f, 0x80, 0x78, 0x77, 0x78, 0x78, 0x77, 0x75, 0x75, 0x76, 0x76, 0x78, 0x76, 0x76, 0x61, 0x61, 0x60, 0x61, 0x61, 0x61, 0x76, 0x75, 0x75, 0x75, 0x61, 0x60, 0x75, 0x76, 0x76, 0x61, 0x5d, 0x60, 0x61, 0x60, 0x60, 0x60, 0x60, 0x60, 0x5b, 0x5d, 0x61, 0x5b, 0x5a, 0x5d, 0x5d, 0x5a, 0x5a, 0x5a, 0x5a, 0x5a, 0x5a, 0x3f, 0x3f, 0x3f, 0x3f, 0x5a, 0x3f, 0x3f, 0x3f, 0x3f, 0x3f, 0x3f, 0x3f, 0x3f, 0x3e, 0x3e, 0x3e, 0x3e, 0x3f, 0x3f, 0x3f, 0x5c, 0x75, 0x78, 0x7f, 0x80, 0x97, 0x97, 0x9e, 0xb4, 0xb6, 0xb6, 0xb6, 0xb8, 0xbb, 0xb6, 0xb6, 0xb6, 0xb4, 0xb4, 0xb6, 0xbb, 0xbb, 0xbb, 0xb6, 0xbb, 0xbb, 0xb6, 0xb6, 0xbe, 0xbe, 0xbe, 0xcd, 0xcc, 0xcc, 0xcc, 0xbd, 0xcd, 0xdf, 0xe3, 0xe3, 0xcd, 0xbe, 0xbb, 0xbb, 0xcc, 0xcd, 0xe1, 0xe1, 0xcd, 0xbd, 0xbd, 0xcc, 0xcd, 0xcd, 0xbe, 0xbd, 0xcd, 0xcd, 0xcc, 0xcc, 0xcc, 0xcc, 0xcc, 0xbd, 0xbd, 0xbd, 0xbe, 0xcd, 0xcd, 0xdf, 0xe0, 0xe1, 0xe4, 0xe9, 0xe4, 0xe1, 0xdf, 0xdf, 0xbe, 0xba, 0xbe, 0xbe, 0xcd, 0xdf, 0xe4, 0xe4, 0xe2, 0xe7, 0xe0, 0xe7, 0xe2, 0xe8, 0xe8, 0xe2, 0xe4, 0xe4, 0xe4, 0xe1, 0xe1, 0xe1, 0xe2, 0xe4, 0xe4, 0xe4, 0xe1, 0xe1, 0xe2, 0xe4, 0xe4, 0xe1, 0xcd, 0xdf, 0xdf, 0xbe, 0xbd, 0xbd, 0xb8, 0xb2, 0xb6, 0xb2, 0xb1, 0x9c, 0xb1, 0x9e, 0x9d, 0x96, 0x96, 0x96, 0x91, 0x92, 0x91, 0x91, 0x7d, 0x74, 0x71, 0x3f, 0x3c, 0x3f, 0x3f, 0x3f, 0x3f, 0x3f, 0x3f, 0x3f, 0x3f, 0x5c, 0x5c, 0x5a, 0x5a, 0x5d, 0x5a, 0x60, 0x60, 0x5b, 0x60, 0x60, 0x5b, 0x5b, 0x5b, 0x60, 0x60, 0x75, 0x78, 0x76, 0x78, 0x78, 0x7f, 0x7f, 0x7f, 0x80, 0x7f, 0x7f, 0x7f, 0x80,
  0xec, 0xea, 0xec, 0xea, 0xeb, 0xe8, 0xe8, 0xe8, 0xe7, 0xe7, 0xe0, 0xbf, 0xbf, 0xe0, 0xdf, 0xe1, 0xe1, 0xe1, 0xe2, 0xdf, 0xcd, 0xbe, 0xbb, 0xbd, 0xbe, 0xbb, 0xb6, 0xb4, 0xba, 0xbb, 0xb6, 0xb6, 0xbb, 0xb4, 0x9d, 0x9d, 0x9d, 0x9d, 0x9e, 0x9e, 0x9e, 0x9e, 0x93, 0x92, 0x91, 0x91, 0x93, 0x94, 0x9a, 0x9a, 0x97, 0x9a, 0x9a, 0x9d, 0x9a, 0x93, 0x91, 0x91, 0x91, 0x96, 0x96, 0x92, 0x97, 0x96, 0x7d, 0x7d, 0x91, 0x91, 0x7e, 0x91, 0x80, 0x80, 0x80, 0x7f, 0x7f, 0x7f, 0x7f, 0x7f, 0x78, 0x77, 0x77, 0x77, 0x78, 0x75, 0x76, 0x78, 0x78, 0x76, 0x61, 0x61, 0x61, 0x61, 0x61, 0x61, 0x61, 0x76, 0x76, 0x76, 0x75, 0x61, 0x61, 0x76, 0x76, 0x61, 0x61, 0x60, 0x60, 0x75, 0x60, 0x60, 0x60, 0x5d, 0x5d, 0x5a, 0x5a, 0x5d, 0x5a, 0x5a, 0x5d, 0x5d, 0x5a, 0x5a, 0x5a, 0x5a, 0x5a, 0x5a, 0x5a, 0x3f, 0x3f, 0x3f, 0x3f, 0x3f, 0x3f, 0x3f, 0x3f, 0x3f, 0x3f, 0x3f, 0x3e, 0x3e, 0x3e, 0x3e, 0x3e, 0x3e, 0x3e, 0x3f, 0x5c, 0x61, 0x77, 0x77, 0x91, 0x93, 0x94, 0x9a, 0x9e, 0xb3, 0xb3, 0xb4, 0xb6, 0xbb, 0xb6, 0xb4, 0xb4, 0xb4, 0xb4, 0xbe, 0xbe, 0xbb, 0xbb, 0xbb, 0xbc, 0xbc, 0xba, 0xbb, 0xb8, 0xbb, 0xcc, 0xcd, 0xcc, 0xcd, 0xcc, 0xcd, 0xcd, 0xcd, 0xe1, 0xe3, 0xe3, 0xcd, 0xbe, 0xcd, 0xcd, 0xcd, 0xdf, 0xdf, 0xbe, 0xbb, 0xbe, 0xcd, 0xdf, 0xdf, 0xcc, 0xcc, 0xcd, 0xcd, 0xcd, 0xcd, 0xcd, 0xe3, 0xcd, 0xbe, 0xcd, 0xbe, 0xbe, 0xcd, 0xbe, 0xcd, 0xdf, 0xe1, 0xe3, 0xe4, 0xe4, 0xe4, 0xe4, 0xe1, 0xdf, 0xcd, 0xcd, 0xdf, 0xdf, 0xe4, 0xe4, 0xe4, 0xe9, 0xe7, 0xe7, 0xe7, 0xe4, 0xe4, 0xe4, 0xe2, 0xe4, 0xe4, 0xe1, 0xe1, 0xe1, 0xe1, 0xe1, 0xe3, 0xe4, 0xe4, 0xe2, 0xe0, 0xe2, 0xe2, 0xe0, 0xdf, 0xdf, 0xdf, 0xcd, 0xbb, 0xbb, 0xbb, 0xb6, 0xb4, 0xb8, 0xb1, 0xb1, 0x9c, 0x9d, 0x9f, 0x97, 0x92, 0x92, 0x96, 0x91, 0x7d, 0x78, 0x78, 0x78, 0x5d, 0x3f, 0x3f, 0x3e, 0x3e, 0x3e, 0x3e, 0x3e, 0x3e, 0x3e, 0x3f, 0x3f, 0x3f, 0x5c, 0x5c, 0x5a, 0x5b, 0x5a, 0x5a, 0x5b, 0x5b, 0x5d, 0x5d, 0x5b, 0x5b, 0x60, 0x60, 0x60, 0x75, 0x75, 0x75, 0x77, 0x78, 0x7f, 0x7f, 0x7f, 0x80, 0x7f, 0x78, 0x7f, 0x80,
  0xea, 0xec, 0xea, 0xe8, 0xe8, 0xe9, 0xe9, 0xe8, 0xe2, 0xe7, 0xe7, 0xe0, 0xe0, 0xe1, 0xe1, 0xe3, 0xdf, 0xcd, 0xe0, 0xe1, 0xdf, 0xcd, 0xcd, 0xcd, 0xcc, 0xbb, 0xb3, 0xb3, 0xb6, 0xbb, 0xb4, 0xb6, 0xbb, 0xb6, 0xb3, 0x9e, 0x9e, 0xb3, 0x9e, 0x9e, 0x9e, 0x9d, 0x93, 0x7e, 0x7e, 0x7e, 0x92, 0x9a, 0x9d, 0x9a, 0x97, 0x9a, 0x9d, 0x9a, 0x9a, 0x9a, 0x93, 0x92, 0x93, 0x97, 0x92, 0x96, 0x96, 0x91, 0x91, 0x7e, 0x91, 0x91, 0x91, 0x80, 0x95, 0x80, 0x80, 0x80, 0x7f, 0x78, 0x78, 0x80, 0x7f, 0x75, 0x75, 0x78, 0x78, 0x78, 0x78, 0x78, 0x76, 0x76, 0x76, 0x76, 0x76, 0x76, 0x76, 0x61, 0x61, 0x76, 0x75, 0x75, 0x60, 0x61, 0x61, 0x60, 0x61, 0x61, 0x60, 0x5d, 0x5b, 0x60, 0x5a, 0x5d, 0x61, 0x5d, 0x5a, 0x5a, 0x5a, 0x5a, 0x5a, 0x5a, 0x5a, 0x5a, 0x5a, 0x5a, 0x5a, 0x5a, 0x5a, 0x3f, 0x3f, 0x3f, 0x3f, 0x3f, 0x3f, 0x3f, 0x3f, 0x3f, 0x3e, 0x3e, 0x3e, 0x3e, 0x3e, 0x3e, 0x3e, 0x3e, 0x3e, 0x3e, 0x3e, 0x3e, 0x3f, 0x5c, 0x71, 0x77, 0x7e, 0x92, 0x93, 0x97, 0x9d, 0xa0, 0xb3, 0xb3, 0xb3, 0xb4, 0xb3, 0xb1, 0xb2, 0xb6, 0xb6, 0xbd, 0xbe, 0xbb, 0xbe, 0xbe, 0xbf, 0xbf, 0xbc, 0xbe, 0xbb, 0xbe, 0xcc, 0xcd, 0xbe, 0xbe, 0xbe, 0xbb, 0xbe, 0xbe, 0xbe, 0xcd, 0xdf, 0xdf, 0xdf, 0xe1, 0xe1, 0xcd, 0xbe, 0xcd, 0xbe, 0xbe, 0xcd, 0xdf, 0xe1, 0xe1, 0xcd, 0xcd, 0xcd, 0xcd, 0xe1, 0xe1, 0xe1, 0xe3, 0xdf, 0xcd, 0xe1, 0xdf, 0xcd, 0xe1, 0xe1, 0xdf, 0xdf, 0xcd, 0xcd, 0xdf, 0xe1, 0xe4, 0xe4, 0xe1, 0xe3, 0xe4, 0xe4, 0xe4, 0xe4, 0xe9, 0xe9, 0xeb, 0xec, 0xec, 0xe8, 0xe7, 0xe8, 0xe9, 0xe4, 0xe9, 0xe9, 0xe4, 0xe1, 0xe2, 0xe4, 0xe4, 0xe4, 0xe4, 0xe4, 0xe4, 0xe2, 0xe2, 0xe2, 0xe1, 0xdf, 0xdf, 0xdf, 0xdf, 0xcd, 0xbe, 0xbd, 0xbd, 0xbb, 0xb8, 0xb6, 0xb4, 0xb2, 0x9e, 0x9d, 0x9d, 0x92, 0x92, 0x92, 0x95, 0x7f, 0x77, 0x75, 0x61, 0x5d, 0x3f, 0x3e, 0x3e, 0x3e, 0x3e, 0x3e, 0x3e, 0x3e, 0x3e, 0x3f, 0x3f, 0x3f, 0x3f, 0x3f, 0x3f, 0x5a, 0x5a, 0x5a, 0x37, 0x5a, 0x5a, 0x5a, 0x5a, 0x5a, 0x5b, 0x60, 0x60, 0x60, 0x60, 0x75, 0x76, 0x77, 0x75, 0x75, 0x78, 0x78, 0x78, 0x7f, 0x78, 0x7f, 0x7f,
  0xe7, 0xea, 0xea, 0xea, 0xea, 0xe9, 0xe7, 0xe7, 0xe8, 0xe7, 0xe8, 0xe8, 0xe4, 0xe3, 0xdf, 0xdf, 0xdf, 0xe3, 0xdf, 0xbf, 0xdf, 0xe1, 0xe1, 0xdf, 0xbe, 0xbb, 0xba, 0xb3, 0xb4, 0xbb, 0xb6, 0xb6, 0xb6, 0xb4, 0xb3, 0xb3, 0x9e, 0xb3, 0xb3, 0x9e, 0x9d, 0x9a, 0x94, 0x92, 0x91, 0x92, 0x94, 0x9a, 0x9d, 0x9d, 0x9a, 0x9a, 0x9a, 0x9e, 0x9e, 0x9a, 0x9a, 0x9a, 0x9a, 0x9a, 0x97, 0x97, 0x97, 0x95, 0x95, 0x91, 0x80, 0x80, 0x80, 0x95, 0x80, 0x97, 0x80, 0x77, 0x78, 0x78, 0x77, 0x78, 0x78, 0x77, 0x78, 0x78, 0x78, 0x78, 0x78, 0x76, 0x76, 0x76, 0x76, 0x76, 0x76, 0x76, 0x61, 0x5d, 0x61, 0x76, 0x61, 0x61, 0x61, 0x60, 0x60, 0x61, 0x61, 0x5d, 0x60, 0x5b, 0x5b, 0x5b, 0x5b, 0x5d, 0x5d, 0x5a, 0x5a, 0x5a, 0x5a, 0x5a, 0x5a, 0x5d, 0x5a, 0x5a, 0x5c, 0x5c, 0x3f, 0x3f, 0x3f, 0x3f, 0x3f, 0x3f, 0x3f, 0x3f, 0x3f, 0x3f, 0x3f, 0x3e, 0x3e, 0x3e, 0x3e, 0x3e, 0x3e, 0x3e, 0x3e, 0x3e, 0x3e, 0x3e, 0x3e, 0x3e, 0x3e, 0x3e, 0x5c, 0x61, 0x7f, 0x91, 0x92, 0x93, 0x97, 0x9e, 0xb3, 0xb3, 0xb3, 0xb3, 0xb3, 0xb3, 0xb3, 0xb4, 0xb6, 0xbb, 0xbe, 0xbe, 0xbe, 0xbe, 0xbf, 0xbf, 0xbb, 0xbe, 0xdf, 0xdf, 0xbf, 0xbe, 0xbe, 0xbe, 0xbe, 0xbb, 0xbe, 0xcd, 0xcd, 0xdf, 0xe1, 0xdf, 0xdf, 0xdf, 0xe1, 0xe1, 0xe1, 0xbe, 0xbe, 0xdf, 0xdf, 0xdf, 0xdf, 0xcd, 0xcd, 0xdf, 0xe1, 0xe1, 0xe1, 0xcd, 0xdf, 0xe3, 0xe1, 0xdf, 0xe1, 0xe3, 0xe1, 0xe1, 0xe3, 0xe3, 0xdf, 0xcd, 0xcd, 0xdf, 0xe1, 0xe1, 0xe3, 0xe9, 0xeb, 0xeb, 0xeb, 0xe9, 0xeb, 0xeb, 0xe9, 0xe9, 0xeb, 0xe9, 0xe9, 0xe9, 0xe8, 0xe8, 0xe9, 0xe4, 0xe4, 0xe4, 0xe3, 0xe4, 0xe4, 0xe4, 0xe4, 0xe4, 0xe4, 0xe2, 0xe1, 0xe2, 0xe1, 0xe1, 0xe3, 0xe1, 0xe1, 0xe1, 0xcd, 0xbd, 0xbd, 0xb8, 0xb6, 0xb6, 0xb6, 0xb8, 0xb4, 0x9e, 0x9d, 0x97, 0x96, 0x96, 0x91, 0x7d, 0x76, 0x5d, 0x5c, 0x5c, 0x3f, 0x3e, 0x3e, 0x3e, 0x3e, 0x3e, 0x3e, 0x3e, 0x3e, 0x3e, 0x3e, 0x3f, 0x3f, 0x3f, 0x3f, 0x3f, 0x5a, 0x5a, 0x5a, 0x5a, 0x5a, 0x5a, 0x5a, 0x5b, 0x5a, 0x5b, 0x5b, 0x5d, 0x5b, 0x60, 0x76, 0x78, 0x76, 0x76, 0x75, 0x75, 0x78, 0x77, 0x78, 0x7f, 0x78, 0x76,
  0xec, 0xea, 0xea, 0xea, 0xe8, 0xe8, 0xe7, 0xe8, 0xea, 0xe7, 0xe7, 0xe8, 0xe4, 0xe2, 0xe2, 0xe4, 0xe4, 0xe4, 0xe0, 0xbf, 0xdf, 0xe1, 0xdf, 0xcd, 0xbb, 0xb4, 0xb4, 0xb4, 0xb6, 0xb6, 0xb4, 0xb4, 0xb4, 0xb4, 0x9e, 0x9e, 0x9e, 0x9e, 0xb3, 0xb4, 0x9e, 0x9d, 0x9e, 0x9a, 0x97, 0x94, 0x9a, 0x9d, 0x9a, 0x9d, 0x9d, 0x9a, 0x9a, 0x9c, 0x9c, 0x9a, 0x9a, 0x9a, 0x9d, 0x9a, 0x9a, 0x97, 0x97, 0x97, 0x95, 0x91, 0x80, 0x80, 0x80, 0x80, 0x80, 0x80, 0x7f, 0x78, 0x7f, 0x78, 0x78, 0x77, 0x77, 0x78, 0x78, 0x78, 0x76, 0x78, 0x76, 0x75, 0x76, 0x76, 0x61, 0x61, 0x60, 0x5d, 0x5d, 0x5d, 0x61, 0x61, 0x60, 0x60, 0x61, 0x60, 0x5d, 0x5d, 0x61, 0x60, 0x60, 0x5b, 0x5b, 0x5a, 0x5b, 0x5d, 0x5a, 0x5a, 0x5a, 0x5a, 0x5a, 0x5a, 0x5a, 0x5d, 0x5d, 0x5c, 0x5c, 0x3f, 0x3f, 0x3f, 0x3f, 0x3f, 0x3f, 0x3f, 0x3f, 0x3f, 0x3f, 0x3f, 0x3e, 0x3e, 0x3e, 0x3e, 0x3e, 0x3e, 0x3e, 0x3e, 0x3e, 0x3e, 0x3e, 0x3e, 0x3e, 0x3e, 0x3e, 0x3e, 0x3e, 0x5c, 0x61, 0x7f, 0x91, 0x92, 0x97, 0x9d, 0xa0, 0xb3, 0xb3, 0xb3, 0xb3, 0xb6, 0xb6, 0xb4, 0xb6, 0xb6, 0xbb, 0xbb, 0xbe, 0xbe, 0xbe, 0xbf, 0xbe, 0xbc, 0xbf, 0xbf, 0xbf, 0xbf, 0xbc, 0xbf, 0xbc, 0xbe, 0xbe, 0xcd, 0xdf, 0xcd, 0xdf, 0xe1, 0xe1, 0xcd, 0xbe, 0xdf, 0xdf, 0xbe, 0xbb, 0xcd, 0xdf, 0xe1, 0xe1, 0xdf, 0xdf, 0xcd, 0xcd, 0xdf, 0xe1, 0xdf, 0xdf, 0xe1, 0xe1, 0xe1, 0xe3, 0xe5, 0xe3, 0xe1, 0xe3, 0xe4, 0xdf, 0xdf, 0xe1, 0xe1, 0xe3, 0xe3, 0xe5, 0xe9, 0xeb, 0xeb, 0xeb, 0xe9, 0xe9, 0xe9, 0xe4, 0xe8, 0xe8, 0xe9, 0xeb, 0xe7, 0xe4, 0xe9, 0xe9, 0xeb, 0xeb, 0xeb, 0xe4, 0xe9, 0xe9, 0xe4, 0xe2, 0xe2, 0xe2, 0xe2, 0xe1, 0xe3, 0xdf, 0xdf, 0xdf, 0xe3, 0xe3, 0xcd, 0xbd, 0xb8, 0xbd, 0xb8, 0xb4, 0xb2, 0xb4, 0xb6, 0x9e, 0x9a, 0x97, 0x97, 0x96, 0x80, 0x77, 0x61, 0x5c, 0x3f, 0x3f, 0x3e, 0x3e, 0x3e, 0x3e, 0x3e, 0x3e, 0x3e, 0x3e, 0x3e, 0x3e, 0x3e, 0x3e, 0x3f, 0x3f, 0x3f, 0x3f, 0x3f, 0x3f, 0x5a, 0x5a, 0x5a, 0x5d, 0x5d, 0x5d, 0x5d, 0x5b, 0x5b, 0x5d, 0x5d, 0x60, 0x60, 0x61, 0x76, 0x76, 0x76, 0x76, 0x76, 0x78, 0x78, 0x78, 0x78, 0x77, 0x75,
  0xf3, 0xec, 0xea, 0xe9, 0xe8, 0xea, 0xe9, 0xe7, 0xe8, 0xe8, 0xe8, 0xe8, 0xe4, 0xe2, 0xe1, 0xe4, 0xe4, 0xe0, 0xe2, 0xe2, 0xe2, 0xe1, 0xbe, 0xb6, 0xb3, 0x9e, 0x9e, 0xb4, 0xbb, 0xbb, 0xb6, 0xb6, 0xb3, 0x9e, 0x9e, 0x9e, 0x9e, 0xb3, 0xb3, 0xb6, 0xb3, 0x9e, 0xb3, 0xb3, 0x9d, 0x9d, 0x9a, 0x9d, 0x9d, 0x9e, 0x9e, 0x9a, 0x9a, 0x9a, 0x9a, 0x9e, 0x9a, 0x94, 0x9a, 0x9a, 0x97, 0x97, 0x97, 0x97, 0x80, 0x80, 0x80, 0x95, 0x80, 0x7d, 0x80, 0x80, 0x7f, 0x80, 0x7f, 0x78, 0x78, 0x7f, 0x78, 0x78, 0x76, 0x76, 0x75, 0x76, 0x75, 0x60, 0x75, 0x76, 0x61, 0x61, 0x60, 0x60, 0x60, 0x5d, 0x61, 0x61, 0x60, 0x5d, 0x60, 0x60, 0x5d, 0x5b, 0x5d, 0x60, 0x5d, 0x5b, 0x5b, 0x5a, 0x5a, 0x5b, 0x5a, 0x5a, 0x5d, 0x5a, 0x5a, 0x3f, 0x3f, 0x5c, 0x5c, 0x3f, 0x3f, 0x3f, 0x3f, 0x3f, 0x3e, 0x3e, 0x3e, 0x3e, 0x3e, 0x3f, 0x3f, 0x3e, 0x3e, 0x3e, 0x3e, 0x3e, 0x3e, 0x3e, 0x3e, 0x3e, 0x3e, 0x3e, 0x3e, 0x3e, 0x3e, 0x3e, 0x3e, 0x3e, 0x3e, 0x3e, 0x5c, 0x76, 0x7d, 0x7d, 0x95, 0x9d, 0x9f, 0xb3, 0xa0, 0x9f, 0xb3, 0xba, 0xba, 0xb3, 0xb4, 0xbb, 0xbe, 0xbb, 0xbb, 0xbe, 0xbf, 0xbf, 0xbf, 0xbf, 0xbc, 0xbc, 0xbf, 0xbf, 0xbf, 0xbf, 0xbf, 0xbf, 0xcd, 0xcd, 0xdf, 0xbe, 0xcd, 0xe1, 0xe1, 0xcd, 0xbe, 0xbe, 0xcd, 0xcd, 0xcd, 0xbe, 0xbe, 0xdf, 0xe1, 0xe1, 0xe1, 0xdf, 0xcd, 0xdf, 0xe1, 0xe1, 0xe1, 0xe1, 0xe4, 0xe3, 0xe4, 0xe9, 0xe4, 0xe1, 0xe4, 0xe9, 0xe3, 0xe3, 0xe3, 0xe3, 0xe1, 0xe3, 0xe3, 0xe3, 0xe9, 0xeb, 0xeb, 0xeb, 0xe9, 0xe4, 0xe7, 0xe9, 0xe8, 0xeb, 0xeb, 0xe4, 0xe8, 0xe9, 0xe9, 0xeb, 0xec, 0xe9, 0xe9, 0xe9, 0xe8, 0xe4, 0xe2, 0xe2, 0xe4, 0xe8, 0xe4, 0xe3, 0xe1, 0xe1, 0xcd, 0xe1, 0xe1, 0xcd, 0xbd, 0xb8, 0xb8, 0xb6, 0xb1, 0x9e, 0x9e, 0x9e, 0x9e, 0x97, 0x96, 0x91, 0x7d, 0x77, 0x71, 0x5c, 0x3f, 0x3e, 0x3e, 0x3e, 0x3e, 0x3e, 0x3e, 0x3e, 0x3e, 0x3e, 0x3e, 0x3e, 0x3e, 0x3e, 0x3e, 0x3e, 0x3f, 0x3f, 0x3f, 0x3f, 0x3f, 0x5a, 0x5a, 0x3f, 0x5a, 0x5c, 0x5d, 0x5c, 0x5d, 0x5d, 0x61, 0x61, 0x60, 0x61, 0x60, 0x60, 0x61, 0x76, 0x76, 0x76, 0x78, 0x78, 0x7f, 0x77, 0x75, 0x76,
  0xf3, 0xec, 0xea, 0xea, 0xea, 0xea, 0xe9, 0xe8, 0xe7, 0xe9, 0xe9, 0xe9, 0xe4, 0xe0, 0xbf, 0xdf, 0xe0, 0xe2, 0xe4, 0xe4, 0xe2, 0xe0, 0xbe, 0xb3, 0x97, 0x93, 0x9a, 0xb3, 0xbb, 0xbb, 0xbb, 0xbb, 0xb3, 0x9d, 0x9a, 0x9d, 0x9e, 0xb3, 0xb4, 0xb3, 0xb4, 0xb3, 0xb3, 0xb3, 0x9d, 0x9d, 0x9a, 0x9d, 0x9e, 0x9e, 0x9d, 0x9d, 0x9a, 0x9a, 0x9a, 0x9d, 0x9d, 0x9a, 0x97, 0x97, 0x9a, 0x97, 0x97, 0x97, 0x95, 0x95, 0x95, 0x95, 0x80, 0x7f, 0x7f, 0x7f, 0x80, 0x7f, 0x7f, 0x78, 0x77, 0x7f, 0x78, 0x76, 0x75, 0x76, 0x76, 0x75, 0x61, 0x60, 0x60, 0x61, 0x75, 0x61, 0x61, 0x61, 0x60, 0x61, 0x61, 0x61, 0x60, 0x5d, 0x5d, 0x60, 0x5d, 0x5b, 0x5b, 0x5d, 0x5d, 0x5a, 0x5a, 0x5a, 0x5a, 0x5a, 0x5a, 0x5a, 0x5c, 0x5a, 0x3f, 0x3f, 0x3f, 0x5c, 0x3f, 0x3f, 0x3f, 0x3f, 0x3e, 0x3f, 0x3e, 0x3e, 0x3e, 0x3e, 0x3e, 0x3e, 0x3e, 0x3e, 0x3e, 0x3e, 0x3e, 0x3e, 0x3e, 0x3e, 0x3e, 0x3e, 0x3e, 0x3e, 0x3e, 0x3e, 0x3e, 0x3e, 0x3e, 0x3e, 0x3e, 0x3e, 0x3e, 0x5c, 0x71, 0x71, 0x7d, 0x95, 0x97, 0x9d, 0x98, 0x9d, 0xa0, 0xb3, 0xb3, 0xb6, 0xb9, 0xbb, 0xbc, 0xbb, 0xbb, 0xbb, 0xcd, 0xcd, 0xcd, 0xbf, 0xbf, 0xbf, 0xbf, 0xbf, 0xbf, 0xbf, 0xe0, 0xbf, 0xcd, 0xdf, 0xdf, 0xdf, 0xcd, 0xdf, 0xcd, 0xbe, 0xbe, 0xbe, 0xcd, 0xcd, 0xdf, 0xcd, 0xbe, 0xcd, 0xdf, 0xe1, 0xe1, 0xe1, 0xe1, 0xe1, 0xe1, 0xe4, 0xe2, 0xe1, 0xe4, 0xe3, 0xe3, 0xe9, 0xe9, 0xe4, 0xe4, 0xe9, 0xe4, 0xe4, 0xe4, 0xe4, 0xdf, 0xe1, 0xe2, 0xe1, 0xe4, 0xe9, 0xeb, 0xeb, 0xe9, 0xe8, 0xe9, 0xeb, 0xe9, 0xe9, 0xe9, 0xeb, 0xeb, 0xe9, 0xe9, 0xe9, 0xe8, 0xe4, 0xe9, 0xe9, 0xe9, 0xe7, 0xe7, 0xe9, 0xe4, 0xe9, 0xe9, 0xe3, 0xe4, 0xe9, 0xe3, 0xdf, 0xcd, 0xcd, 0xcc, 0xb8, 0xb4, 0xb3, 0x9e, 0x9e, 0x9d, 0x9d, 0x9d, 0x97, 0x80, 0x77, 0x71, 0x5c, 0x3e, 0x3e, 0x3e, 0x3e, 0x3e, 0x3e, 0x3e, 0x3e, 0x3e, 0x3e, 0x3e, 0x3e, 0x3e, 0x3e, 0x3e, 0x3e, 0x3e, 0x3e, 0x3e, 0x3f, 0x3f, 0x3f, 0x3f, 0x3f, 0x3f, 0x3f, 0x3f, 0x5c, 0x5c, 0x5c, 0x5c, 0x5d, 0x5d, 0x5d, 0x5d, 0x60, 0x60, 0x61, 0x61, 0x76, 0x76, 0x76, 0x78, 0x78, 0x78, 0x78, 0x78, 0x78,
  0xec, 0xea, 0xe9, 0xe8, 0xe8, 0xe7, 0xe9, 0xea, 0xe8, 0xe4, 0xe4, 0xe4, 0xe4, 0xe0, 0xdf, 0xe0, 0xe2, 0xe2, 0xe2, 0xe2, 0xe0, 0xdf, 0xbe, 0xb3, 0x97, 0x93, 0x9a, 0xb3, 0xbb, 0xbb, 0xb6, 0xb6, 0xb6, 0xb4, 0xb3, 0x9e, 0x9e, 0x9e, 0xb3, 0xb3, 0xb4, 0xb3, 0xb3, 0x9e, 0x9d, 0x9d, 0x9a, 0x9d, 0x9e, 0x9d, 0x9a, 0x9a, 0x9d, 0x9d, 0x9a, 0x97, 0x9a, 0x9a, 0x97, 0x97, 0x9d, 0x9a, 0x92, 0x95, 0x97, 0x95, 0x95, 0x80, 0x95, 0x80, 0x7d, 0x77, 0x78, 0x78, 0x78, 0x78, 0x78, 0x78, 0x78, 0x76, 0x75, 0x76, 0x78, 0x76, 0x60, 0x5b, 0x5a, 0x60, 0x60, 0x5d, 0x61, 0x61, 0x5d, 0x61, 0x61, 0x61, 0x5d, 0x5d, 0x5d, 0x61, 0x5d, 0x5d, 0x5d, 0x61, 0x60, 0x5d, 0x5a, 0x5a, 0x5a, 0x5a, 0x5a, 0x3f, 0x5a, 0x5a, 0x3f, 0x3f, 0x5c, 0x3f, 0x3f, 0x3f, 0x3f, 0x3f, 0x3f, 0x3f, 0x3e, 0x3e, 0x3e, 0x3e, 0x3e, 0x3e, 0x3f, 0x3e, 0x3e, 0x3e, 0x3e, 0x3e, 0x3e, 0x3e, 0x3e, 0x3e, 0x3e, 0x3e, 0x3e, 0x3e, 0x3e, 0x3e, 0x3e, 0x3e, 0x3e, 0x3e, 0x3e, 0x3e, 0x3e, 0x5c, 0x60, 0x77, 0x91, 0x96, 0x96, 0x97, 0xa0, 0xa0, 0xa0, 0xb3, 0xb9, 0xb9, 0xba, 0xba, 0xba, 0xbe, 0xcd, 0xbe, 0xbe, 0xbf, 0xbf, 0xbf, 0xbb, 0xbf, 0xbe, 0xbb, 0xbf, 0xdf, 0xdf, 0xdf, 0xe1, 0xdf, 0xdf, 0xcd, 0xdf, 0xe1, 0xe1, 0xdf, 0xdf, 0xbe, 0xbe, 0xdf, 0xe1, 0xe1, 0xe2, 0xe1, 0xe0, 0xe2, 0xe2, 0xe2, 0xe4, 0xe9, 0xeb, 0xe4, 0xe4, 0xe4, 0xe4, 0xe9, 0xe9, 0xe4, 0xe4, 0xe4, 0xe4, 0xe2, 0xe4, 0xe2, 0xe2, 0xe4, 0xe4, 0xe4, 0xe4, 0xeb, 0xe9, 0xeb, 0xec, 0xeb, 0xea, 0xea, 0xea, 0xe7, 0xe4, 0xe9, 0xe9, 0xe4, 0xe9, 0xeb, 0xe2, 0xe7, 0xe9, 0xeb, 0xeb, 0xe8, 0xe8, 0xeb, 0xe2, 0xe7, 0xe4, 0xe2, 0xe4, 0xeb, 0xe4, 0xdf, 0xdf, 0xcd, 0xbe, 0xbb, 0xb3, 0x9d, 0x9d, 0xa0, 0x98, 0x97, 0x96, 0x91, 0x7d, 0x76, 0x5c, 0x3f, 0x3e, 0x3e, 0x3e, 0x3e, 0x3e, 0x3e, 0x3e, 0x3e, 0x3e, 0x3e, 0x3e, 0x3e, 0x3e, 0x3e, 0x3e, 0x3e, 0x3e, 0x3e, 0x3e, 0x3f, 0x3f, 0x3f, 0x3f, 0x5c, 0x3f, 0x3f, 0x3f, 0x5c, 0x5c, 0x5c, 0x5d, 0x5a, 0x5d, 0x5d, 0x5d, 0x5d, 0x5d, 0x60, 0x76, 0x61, 0x61, 0x61, 0x75, 0x78, 0x78, 0x78, 0x7f, 0x7f,
  0xe8, 0xe9, 0xe8, 0xe7, 0xe2, 0xe0, 0xe8, 0xea, 0xe7, 0xe2, 0xe3, 0xe4, 0xe4, 0xe4, 0xe4, 0xe4, 0xe7, 0xe2, 0xe0, 0xe2, 0xe0, 0xe0, 0xbf, 0xbb, 0xb3, 0xb3, 0xb4, 0xbb, 0xbf, 0xbe, 0xbb, 0xbb, 0xbb, 0xb6, 0xb3, 0xb4, 0x9e, 0x9d, 0x9e, 0x9e, 0xb3, 0xb3, 0x9e, 0x9e, 0x9d, 0x9e, 0x9d, 0x9e, 0x9e, 0x9d, 0x9e, 0x9d, 0x9d, 0x9d, 0x97, 0x97, 0x97, 0x97, 0x98, 0x98, 0x97, 0x93, 0x91, 0x91, 0x95, 0x95, 0x95, 0x80, 0x80, 0x80, 0x7f, 0x78, 0x80, 0x7f, 0x76, 0x78, 0x80, 0x78, 0x78, 0x76, 0x76, 0x75, 0x75, 0x61, 0x60, 0x5b, 0x5b, 0x5b, 0x5b, 0x5d, 0x60, 0x61, 0x61, 0x61, 0x60, 0x5d, 0x5d, 0x5d, 0x5d, 0x5d, 0x5d, 0x5d, 0x5d, 0x5d, 0x5d, 0x5b, 0x5a, 0x5a, 0x5d, 0x5a, 0x5a, 0x3f, 0x3f, 0x3f, 0x5c, 0x5c, 0x5c, 0x3f, 0x3f, 0x3f, 0x3f, 0x3f, 0x3f, 0x3f, 0x3f, 0x3e, 0x3e, 0x3e, 0x3e, 0x3e, 0x3f, 0x3e, 0x3f, 0x3e, 0x3e, 0x3e, 0x3e, 0x3e, 0x3e, 0x3e, 0x3e, 0x3e, 0x3e, 0x3e, 0x3e, 0x3e, 0x3e, 0x3e, 0x3e, 0x3e, 0x3e, 0x3e, 0x3e, 0x3e, 0x5a, 0x71, 0x7d, 0x7e, 0x91, 0x97, 0x9d, 0xa0, 0xa0, 0xa0, 0xb9, 0xba, 0xba, 0xba, 0xbb, 0xbb, 0xbb, 0xbb, 0xbe, 0xcd, 0xcd, 0xdf, 0xe1, 0xe1, 0xbe, 0xbe, 0xbf, 0xdf, 0xe1, 0xe1, 0xe1, 0xe1, 0xe3, 0xe3, 0xe1, 0xe1, 0xdf, 0xdf, 0xe1, 0xe1, 0xe2, 0xe4, 0xe4, 0xe2, 0xe1, 0xe2, 0xe2, 0xe2, 0xe4, 0xe4, 0xe0, 0xe2, 0xe9, 0xe9, 0xeb, 0xe9, 0xe2, 0xe2, 0xe4, 0xe4, 0xe4, 0xe4, 0xe8, 0xe2, 0xe7, 0xe7, 0xe7, 0xeb, 0xe9, 0xe8, 0xe9, 0xe8, 0xe4, 0xe8, 0xe9, 0xeb, 0xea, 0xea, 0xe8, 0xe4, 0xe3, 0xe4, 0xe4, 0xe4, 0xe9, 0xe7, 0xe7, 0xe8, 0xeb, 0xe9, 0xe8, 0xe8, 0xe8, 0xe9, 0xe2, 0xe2, 0xe0, 0xe0, 0xe2, 0xe4, 0xe0, 0xdf, 0xcd, 0xbe, 0xbb, 0xba, 0xb3, 0x9d, 0x9d, 0x9f, 0x98, 0x96, 0x95, 0x77, 0x61, 0x5d, 0x3f, 0x3e, 0x3e, 0x3e, 0x3e, 0x3e, 0x3e, 0x3e, 0x3e, 0x3e, 0x3e, 0x3e, 0x3e, 0x3e, 0x3e, 0x3e, 0x3e, 0x3e, 0x3e, 0x3e, 0x3e, 0x3e, 0x3e, 0x3e, 0x5c, 0x5c, 0x3f, 0x3f, 0x3f, 0x5c, 0x3f, 0x5c, 0x5c, 0x5c, 0x5c, 0x5c, 0x5a, 0x5d, 0x5d, 0x60, 0x61, 0x5d, 0x5b, 0x60, 0x75, 0x76, 0x77, 0x76, 0x78, 0x7f,
  0xea, 0xea, 0xe8, 0xe8, 0xe2, 0xbf, 0xe2, 0xe8, 0xe7, 0xe4, 0xe4, 0xe9, 0xeb, 0xe9, 0xe9, 0xe8, 0xe2, 0xe2, 0xe2, 0xe7, 0xe7, 0xe2, 0xe0, 0xdf, 0xbe, 0xba, 0xbe, 0xbb, 0xbe, 0xbb, 0xbe, 0xbe, 0xbe, 0xb6, 0xb6, 0xb6, 0xb4, 0x9e, 0x9e, 0xb3, 0xb3, 0x9e, 0x9e, 0x9e, 0x9d, 0x9e, 0x9e, 0x9d, 0x9a, 0x9d, 0x9e, 0x9a, 0x97, 0x9d, 0x98, 0x97, 0x97, 0x97, 0x98, 0x98, 0x95, 0x92, 0x91, 0x91, 0x95, 0x98, 0x98, 0x95, 0x80, 0x95, 0x7d, 0x7f, 0x7f, 0x77, 0x78, 0x78, 0x78, 0x78, 0x78, 0x78, 0x76, 0x76, 0x60, 0x60, 0x60, 0x5b, 0x5b, 0x5b, 0x5b, 0x60, 0x60, 0x5d, 0x61, 0x5d, 0x5d, 0x5d, 0x5d, 0x5d, 0x5d, 0x5d, 0x5d, 0x5d, 0x5d, 0x5d, 0x5d, 0x5d, 0x5d, 0x5d, 0x5d, 0x5a, 0x5a, 0x5a, 0x3f, 0x3f, 0x5c, 0x5c, 0x5c, 0x3f, 0x5c, 0x5c, 0x3f, 0x3f, 0x5c, 0x3f, 0x3f, 0x3e, 0x3e, 0x3f, 0x3f, 0x3f, 0x3e, 0x3e, 0x3e, 0x3e, 0x3e, 0x3e, 0x3e, 0x3e, 0x3e, 0x3e, 0x3e, 0x3e, 0x3e, 0x3e, 0x3e, 0x3e, 0x3e, 0x3e, 0x3e, 0x3e, 0x3e, 0x3e, 0x3e, 0x3f, 0x5c, 0x60, 0x74, 0x7d, 0x7e, 0x96, 0x96, 0x98, 0xa0, 0xb9, 0xb9, 0xb9, 0xba, 0xba, 0xba, 0xbb, 0xb4, 0xb6, 0xbe, 0xdf, 0xcd, 0xdf, 0xe1, 0xe3, 0xe1, 0xdf, 0xe1, 0xe1, 0xe1, 0xe1, 0xe1, 0xe1, 0xe1, 0xe3, 0xe4, 0xe4, 0xe2, 0xe2, 0xe4, 0xe4, 0xe8, 0xe4, 0xe2, 0xe2, 0xe2, 0xe7, 0xe2, 0xe0, 0xe2, 0xe9, 0xe0, 0xe0, 0xe8, 0xe9, 0xe9, 0xe9, 0xe9, 0xe9, 0xe4, 0xe9, 0xe9, 0xe9, 0xeb, 0xe8, 0xe8, 0xea, 0xeb, 0xe9, 0xe9, 0xe8, 0xe9, 0xe8, 0xe7, 0xe8, 0xe8, 0xea, 0xea, 0xea, 0xe8, 0xe8, 0xe4, 0xe2, 0xe2, 0xe8, 0xe8, 0xe7, 0xeb, 0xe8, 0xea, 0xe8, 0xe2, 0xe7, 0xe7, 0xe7, 0xe2, 0xe7, 0xe2, 0xe0, 0xe0, 0xe2, 0xe0, 0xe2, 0xdf, 0xdf, 0xcd, 0xba, 0x9f, 0x97, 0x96, 0x96, 0x96, 0x7f, 0x77, 0x71, 0x5c, 0x5c, 0x3e, 0x3e, 0x3e, 0x3e, 0x3e, 0x3e, 0x3e, 0x3e, 0x3e, 0x3e, 0x3e, 0x3e, 0x3e, 0x3e, 0x3e, 0x3e, 0x3e, 0x3e, 0x3e, 0x3e, 0x3e, 0x3e, 0x3e, 0x3e, 0x3f, 0x3f, 0x3f, 0x3f, 0x3f, 0x3f, 0x3f, 0x3f, 0x5c, 0x5c, 0x5c, 0x5a, 0x5a, 0x5a, 0x5d, 0x5d, 0x5d, 0x5d, 0x5d, 0x60, 0x75, 0x61, 0x76, 0x76, 0x78, 0x78,
  0xed, 0xea, 0xea, 0xea, 0xe8, 0xe2, 0xe2, 0xe8, 0xeb, 0xeb, 0xe9, 0xe4, 0xe9, 0xe9, 0xe9, 0xe8, 0xe2, 0xe2, 0xe2, 0xe8, 0xe8, 0xe2, 0xe4, 0xe0, 0xbc, 0xbc, 0xbe, 0xbb, 0xbb, 0xbb, 0xbd, 0xbb, 0xbb, 0xb6, 0xb4, 0xb6, 0xb4, 0xb1, 0xb1, 0xb3, 0xb3, 0x9e, 0x9e, 0x9e, 0x9a, 0x9d, 0x9e, 0x9a, 0x97, 0x9a, 0x97, 0x97, 0x97, 0x97, 0x97, 0x97, 0x96, 0x97, 0x98, 0x97, 0x96, 0x91, 0x91, 0x80, 0x95, 0x96, 0x95, 0x80, 0x95, 0x95, 0x7d, 0x7f, 0x7f, 0x77, 0x78, 0x78, 0x78, 0x78, 0x78, 0x76, 0x76, 0x76, 0x61, 0x61, 0x61, 0x60, 0x60, 0x60, 0x5d, 0x60, 0x61, 0x60, 0x5d, 0x5d, 0x5d, 0x60, 0x60, 0x61, 0x5d, 0x5d, 0x5d, 0x5d, 0x5d, 0x5d, 0x5b, 0x5b, 0x5d, 0x5d, 0x5d, 0x5b, 0x5a, 0x5a, 0x5a, 0x3f, 0x3f, 0x5c, 0x5c, 0x5c, 0x5c, 0x5c, 0x5c, 0x3f, 0x5c, 0x3f, 0x3f, 0x3f, 0x3f, 0x3f, 0x3f, 0x3f, 0x5c, 0x3f, 0x3f, 0x3f, 0x3f, 0x3e, 0x3e, 0x3e, 0x3e, 0x3e, 0x3e, 0x3e, 0x3e, 0x3e, 0x3e, 0x3e, 0x3e, 0x3e, 0x3e, 0x3e, 0x3f, 0x5c, 0x5c, 0x5a, 0x5b, 0x75, 0x77, 0x77, 0x7d, 0x95, 0x95, 0x96, 0x9f, 0xb9, 0xb9, 0xb3, 0xb4, 0xb4, 0xb4, 0xbb, 0xb6, 0xb6, 0xbe, 0xdf, 0xbf, 0xbf, 0xe1, 0xe1, 0xe1, 0xe2, 0xe2, 0xe2, 0xe3, 0xe1, 0xe1, 0xe1, 0xe1, 0xe1, 0xe3, 0xe4, 0xe4, 0xe0, 0xe2, 0xe4, 0xe8, 0xe9, 0xe8, 0xe7, 0xe7, 0xe7, 0xe2, 0xe2, 0xe2, 0xe8, 0xe7, 0xe4, 0xe8, 0xeb, 0xeb, 0xf3, 0xec, 0xeb, 0xe9, 0xeb, 0xea, 0xeb, 0xec, 0xec, 0xeb, 0xeb, 0xe9, 0xe8, 0xe8, 0xe8, 0xe9, 0xe8, 0xe7, 0xe9, 0xe8, 0xea, 0xea, 0xe8, 0xe8, 0xe8, 0xea, 0xe2, 0xe7, 0xe8, 0xe8, 0xea, 0xea, 0xe8, 0xe8, 0xe8, 0xe8, 0xe8, 0xe7, 0xe2, 0xe2, 0xe2, 0xe7, 0xe0, 0xdf, 0xdf, 0xe1, 0xe2, 0xdf, 0xbf, 0xbe, 0xb9, 0x9f, 0x97, 0x96, 0x95, 0x80, 0x77, 0x71, 0x3f, 0x5c, 0x3f, 0x3e, 0x3e, 0x3e, 0x3e, 0x3e, 0x3e, 0x3e, 0x3e, 0x3e, 0x3e, 0x3e, 0x3e, 0x3e, 0x3e, 0x3e, 0x3e, 0x3e, 0x3e, 0x3e, 0x3e, 0x3e, 0x3e, 0x3e, 0x3e, 0x3f, 0x3f, 0x5c, 0x3f, 0x5c, 0x5c, 0x3f, 0x3f, 0x5c, 0x5c, 0x5c, 0x5c, 0x5c, 0x5c, 0x5d, 0x5d, 0x5d, 0x5d, 0x61, 0x61, 0x61, 0x61, 0x61, 0x76, 0x76, 0x76,
  0xed, 0xed, 0xea, 0xea, 0xea, 0xea, 0xe8, 0xe8, 0xec, 0xeb, 0xe9, 0xe4, 0xe4, 0xe2, 0xe4, 0xe8, 0xe4, 0xe4, 0xe7, 0xe8, 0xe4, 0xe0, 0xe2, 0xdf, 0xbc, 0xbc, 0xbe, 0xbb, 0xbb, 0xbe, 0xbd, 0xb6, 0xb4, 0xb4, 0xb3, 0xb3, 0xb4, 0xb1, 0x9e, 0x9e, 0x9e, 0x9e, 0x9e, 0x9e, 0x9a, 0x97, 0x9d, 0x9d, 0x97, 0x92, 0x97, 0x96, 0x95, 0x95, 0x95, 0x95, 0x96, 0x97, 0x97, 0x98, 0x97, 0x97, 0x96, 0x80, 0x91, 0x80, 0x80, 0x7f, 0x80, 0x80, 0x80, 0x7f, 0x80, 0x7f, 0x78, 0x78, 0x78, 0x78, 0x78, 0x76, 0x76, 0x76, 0x76, 0x76, 0x76, 0x76, 0x61, 0x61, 0x61, 0x61, 0x76, 0x60, 0x5b, 0x61, 0x60, 0x61, 0x5d, 0x5d, 0x5d, 0x5d, 0x5d, 0x5d, 0x5d, 0x5d, 0x5a, 0x5a, 0x5d, 0x5d, 0x5d, 0x5d, 0x5a, 0x5d, 0x5d, 0x5c, 0x5c, 0x5c, 0x5d, 0x5c, 0x5c, 0x5c, 0x5c, 0x3f, 0x5c, 0x5c, 0x3f, 0x5c, 0x5c, 0x5c, 0x5c, 0x5c, 0x5c, 0x5c, 0x5c, 0x5c, 0x5c, 0x3f, 0x3f, 0x3f, 0x3e, 0x3e, 0x3e, 0x3e, 0x3e, 0x3e, 0x3e, 0x5c, 0x3e, 0x5c, 0x5c, 0x5c, 0x5c, 0x5d, 0x61, 0x75, 0x75, 0x78, 0x7d, 0x77, 0x7f, 0x80, 0x96, 0x96, 0x98, 0xa0, 0xb3, 0x9e, 0xa0, 0xb4, 0xba, 0xbb, 0xbe, 0xbb, 0xbb, 0xbf, 0xbf, 0xbf, 0xdf, 0xe1, 0xe1, 0xe2, 0xe2, 0xe2, 0xe2, 0xe4, 0xe2, 0xe1, 0xe1, 0xe1, 0xe2, 0xe2, 0xe2, 0xe2, 0xe7, 0xe9, 0xeb, 0xec, 0xe9, 0xe9, 0xe9, 0xe2, 0xe7, 0xe8, 0xe4, 0xe8, 0xeb, 0xec, 0xeb, 0xe9, 0xeb, 0xf3, 0xec, 0xe9, 0xeb, 0xea, 0xeb, 0xe9, 0xec, 0xec, 0xe9, 0xe7, 0xe8, 0xeb, 0xeb, 0xe9, 0xe9, 0xe9, 0xe8, 0xea, 0xec, 0xec, 0xe9, 0xe7, 0xe8, 0xea, 0xea, 0xe7, 0xe8, 0xe8, 0xea, 0xea, 0xea, 0xea, 0xe8, 0xe8, 0xea, 0xe9, 0xe7, 0xe7, 0xe2, 0xe2, 0xe0, 0xe2, 0xe2, 0xe2, 0xe0, 0xe0, 0xbf, 0xbc, 0xba, 0x9f, 0x98, 0x97, 0x96, 0x80, 0x7d, 0x71, 0x71, 0x71, 0x5c, 0x5c, 0x3f, 0x3f, 0x3f, 0x3f, 0x3f, 0x3e, 0x3e, 0x3e, 0x3e, 0x3e, 0x3e, 0x3e, 0x3e, 0x3e, 0x3f, 0x3f, 0x3f, 0x3e, 0x3e, 0x3f, 0x3f, 0x3f, 0x3e, 0x3f, 0x3f, 0x3f, 0x5c, 0x5c, 0x5c, 0x5c, 0x3f, 0x3f, 0x3f, 0x3f, 0x5c, 0x5c, 0x5c, 0x5c, 0x5c, 0x5d, 0x5d, 0x5d, 0x5d, 0x5d, 0x5d, 0x5d, 0x61, 0x61, 0x61, 0x61,
  0xed, 0xea, 0xea, 0xea, 0xea, 0xec, 0xea, 0xea, 0xec, 0xe9, 0xe4, 0xe9, 0xe4, 0xe4, 0xe9, 0xe9, 0xe8, 0xe8, 0xe8, 0xe8, 0xe4, 0xe0, 0xbf, 0xbc, 0xbc, 0xbc, 0xbb, 0xbb, 0xbb, 0xbb, 0xbb, 0xb4, 0xb4, 0xb4, 0xb3, 0x9e, 0x9e, 0x9e, 0x9d, 0x9e, 0xa0, 0xa0, 0xa0, 0x9d, 0x9d, 0x9d, 0x9d, 0x9d, 0x97, 0x91, 0x96, 0x96, 0x95, 0x91, 0x91, 0x91, 0x96, 0x97, 0x97, 0x97, 0x97, 0x97, 0x97, 0x95, 0x91, 0x80, 0x80, 0x7d, 0x7f, 0x80, 0x80, 0x7f, 0x80, 0x80, 0x78, 0x78, 0x78, 0x78, 0x78, 0x76, 0x76, 0x76, 0x76, 0x76, 0x76, 0x76, 0x76, 0x76, 0x76, 0x76, 0x61, 0x60, 0x60, 0x76, 0x60, 0x5d, 0x5d, 0x5d, 0x5d, 0x5d, 0x5d, 0x5d, 0x5c, 0x5d, 0x5d, 0x5d, 0x5d, 0x5d, 0x5d, 0x5d, 0x5d, 0x5d, 0x5d, 0x5d, 0x5d, 0x5d, 0x5d, 0x5d, 0x5d, 0x5c, 0x5d, 0x5c, 0x5d, 0x5d, 0x5c, 0x5c, 0x5c, 0x5c, 0x5c, 0x5c, 0x5c, 0x3f, 0x5c, 0x5c, 0x5c, 0x5c, 0x5c, 0x5c, 0x5c, 0x5c, 0x5c, 0x5c, 0x5c, 0x5c, 0x5d, 0x61, 0x61, 0x61, 0x76, 0x76, 0x78, 0x76, 0x77, 0x78, 0x78, 0x80, 0x80, 0x95, 0x95, 0x80, 0x96, 0x97, 0x9d, 0x9d, 0x9f, 0x9d, 0x9e, 0xb9, 0xbb, 0xbb, 0xbf, 0xbe, 0xbb, 0xbe, 0xbe, 0xbf, 0xdf, 0xe1, 0xe1, 0xe2, 0xe2, 0xe2, 0xe2, 0xe2, 0xe2, 0xe1, 0xdf, 0xe2, 0xe4, 0xe4, 0xe7, 0xe7, 0xeb, 0xec, 0xec, 0xeb, 0xe8, 0xe7, 0xe9, 0xe4, 0xe7, 0xeb, 0xe8, 0xe8, 0xec, 0xf3, 0xec, 0xeb, 0xeb, 0xeb, 0xeb, 0xeb, 0xea, 0xeb, 0xe9, 0xe9, 0xea, 0xec, 0xeb, 0xe8, 0xeb, 0xec, 0xec, 0xec, 0xeb, 0xea, 0xea, 0xea, 0xec, 0xec, 0xea, 0xea, 0xea, 0xea, 0xe7, 0xe8, 0xec, 0xec, 0xea, 0xea, 0xea, 0xea, 0xea, 0xec, 0xea, 0xe8, 0xe8, 0xe8, 0xe8, 0xe7, 0xe2, 0xe4, 0xe4, 0xe2, 0xe0, 0xe0, 0xbf, 0xba, 0xb4, 0x9d, 0x97, 0x96, 0x96, 0x95, 0x77, 0x71, 0x61, 0x60, 0x5c, 0x5c, 0x5c, 0x5c, 0x5c, 0x5c, 0x5c, 0x5c, 0x5c, 0x5c, 0x5c, 0x3f, 0x5c, 0x3f, 0x3f, 0x5c, 0x5d, 0x5c, 0x5c, 0x3f, 0x5c, 0x5c, 0x3f, 0x3f, 0x3f, 0x3f, 0x3f, 0x3f, 0x5c, 0x5c, 0x5c, 0x5c, 0x5c, 0x5c, 0x5c, 0x3f, 0x5c, 0x5c, 0x5c, 0x5c, 0x5c, 0x5d, 0x5d, 0x5d, 0x5d, 0x5d, 0x5d, 0x5d, 0x61, 0x5d, 0x5d, 0x61,
  0xed, 0xec, 0xea, 0xea, 0xec, 0xe9, 0xe9, 0xea, 0xe9, 0xe4, 0xe4, 0xeb, 0xe4, 0xe4, 0xe8, 0xe9, 0xe4, 0xe2, 0xe2, 0xe4, 0xe2, 0xdf, 0xbc, 0xba, 0xbc, 0xbb, 0xbb, 0xbb, 0xb6, 0xb4, 0xb3, 0xb3, 0xb4, 0xb4, 0xb3, 0x9e, 0x9e, 0x9e, 0x9d, 0x9d, 0x9f, 0xa0, 0x9f, 0x9d, 0x9d, 0x9a, 0x97, 0x97, 0x97, 0x96, 0x97, 0x97, 0x96, 0x97, 0x96, 0x96, 0x96, 0x96, 0x96, 0x96, 0x97, 0x96, 0x95, 0x95, 0x95, 0x95, 0x80, 0x80, 0x80, 0x95, 0x7f, 0x7f, 0x7f, 0x7f, 0x78, 0x78, 0x7f, 0x78, 0x78, 0x78, 0x76, 0x76, 0x78, 0x76, 0x76, 0x78, 0x76, 0x76, 0x76, 0x76, 0x76, 0x61, 0x61, 0x61, 0x61, 0x61, 0x5d, 0x61, 0x5d, 0x5d, 0x5d, 0x5d, 0x5c, 0x5d, 0x5d, 0x5c, 0x5d, 0x5d, 0x5c, 0x5d, 0x5d, 0x5d, 0x5a, 0x5d, 0x5d, 0x5d, 0x5a, 0x5a, 0x5d, 0x5d, 0x5d, 0x5d, 0x5d, 0x5d, 0x5d, 0x5d, 0x5d, 0x5a, 0x5a, 0x5a, 0x5c, 0x5d, 0x61, 0x76, 0x76, 0x61, 0x61, 0x61, 0x76, 0x76, 0x78, 0x78, 0x78, 0x78, 0x7f, 0x78, 0x7f, 0x7f, 0x7f, 0x95, 0x95, 0x80, 0x7f, 0x7f, 0x80, 0x95, 0x98, 0x98, 0x97, 0x98, 0x98, 0x9f, 0x9f, 0x9f, 0x9f, 0x9d, 0xa0, 0xba, 0xba, 0xbb, 0xbf, 0xbb, 0xbb, 0xbb, 0xbe, 0xbf, 0xdf, 0xe1, 0xe1, 0xe2, 0xe2, 0xe4, 0xe4, 0xe2, 0xe2, 0xe2, 0xe4, 0xe4, 0xe8, 0xe2, 0xe2, 0xe7, 0xec, 0xf3, 0xf3, 0xec, 0xe8, 0xe9, 0xeb, 0xe7, 0xe4, 0xec, 0xe9, 0xe8, 0xe9, 0xeb, 0xec, 0xf3, 0xf3, 0xf3, 0xf3, 0xec, 0xec, 0xea, 0xec, 0xec, 0xf3, 0xf3, 0xed, 0xec, 0xec, 0xed, 0xf3, 0xec, 0xea, 0xea, 0xec, 0xe8, 0xea, 0xea, 0xec, 0xf3, 0xf3, 0xec, 0xe7, 0xea, 0xec, 0xea, 0xec, 0xea, 0xea, 0xec, 0xec, 0xea, 0xea, 0xec, 0xea, 0xeb, 0xec, 0xe9, 0xe8, 0xe8, 0xe8, 0xe2, 0xe0, 0xe0, 0xbc, 0xb9, 0xb3, 0x9f, 0x98, 0x96, 0x96, 0x96, 0x7d, 0x77, 0x77, 0x61, 0x71, 0x61, 0x76, 0x61, 0x61, 0x61, 0x61, 0x61, 0x61, 0x61, 0x61, 0x61, 0x61, 0x5d, 0x5d, 0x61, 0x61, 0x5d, 0x5c, 0x5c, 0x5c, 0x5d, 0x5c, 0x3f, 0x5c, 0x5c, 0x5c, 0x5c, 0x5c, 0x5c, 0x5c, 0x5c, 0x5c, 0x5d, 0x5c, 0x5c, 0x5c, 0x5c, 0x5d, 0x5d, 0x5c, 0x5c, 0x5d, 0x5d, 0x5d, 0x5d, 0x5d, 0x5d, 0x5d, 0x5d, 0x5d, 0x61,
  0xed, 0xed, 0xec, 0xea, 0xea, 0xe8, 0xe8, 0xe8, 0xe7, 0xe2, 0xe2, 0xe4, 0xe4, 0xe4, 0xe2, 0xe2, 0xe0, 0xe0, 0xdf, 0xdf, 0xe0, 0xbf, 0xbc, 0xba, 0xba, 0xba, 0xb4, 0xb6, 0xb4, 0xb3, 0xb3, 0xb3, 0xb3, 0xa0, 0xa0, 0xa0, 0xa0, 0xa0, 0x9f, 0x9d, 0x9d, 0x9d, 0x98, 0x9d, 0x9d, 0x97, 0x92, 0x97, 0x97, 0x97, 0x97, 0x95, 0x96, 0x98, 0x97, 0x97, 0x97, 0x95, 0x95, 0x95, 0x97, 0x97, 0x97, 0x97, 0x97, 0x96, 0x95, 0x80, 0x95, 0x95, 0x7f, 0x80, 0x7f, 0x7f, 0x7f, 0x7f, 0x78, 0x78, 0x78, 0x78, 0x76, 0x76, 0x76, 0x78, 0x78, 0x76, 0x76, 0x76, 0x76, 0x75, 0x76, 0x75, 0x61, 0x60, 0x60, 0x76, 0x76, 0x61, 0x5d, 0x5d, 0x5d, 0x5d, 0x5d, 0x5d, 0x5c, 0x5a, 0x5d, 0x5d, 0x5a, 0x5d, 0x5d, 0x5d, 0x5d, 0x5d, 0x5d, 0x5d, 0x5d, 0x5d, 0x5d, 0x5d, 0x5d, 0x5d, 0x60, 0x60, 0x5d, 0x60, 0x61, 0x61, 0x61, 0x61, 0x76, 0x76, 0x76, 0x76, 0x76, 0x76, 0x78, 0x7f, 0x7f, 0x7f, 0x7f, 0x80, 0x95, 0x98, 0x98, 0x95, 0x80, 0x95, 0x95, 0x96, 0x98, 0x96, 0x95, 0x95, 0x97, 0x98, 0x98, 0x98, 0x9f, 0xa0, 0xa0, 0xb9, 0xb9, 0xb9, 0xb9, 0xb9, 0xba, 0xbf, 0xbf, 0xbf, 0xbf, 0xbe, 0xbb, 0xbb, 0xbe, 0xdf, 0xe0, 0xe1, 0xe2, 0xe4, 0xe1, 0xe4, 0xe8, 0xe2, 0xe2, 0xe4, 0xe9, 0xe4, 0xe4, 0xe2, 0xe0, 0xe8, 0xf3, 0xf3, 0xf3, 0xf3, 0xf3, 0xec, 0xec, 0xe9, 0xe8, 0xe9, 0xe9, 0xe9, 0xe9, 0xec, 0xf3, 0xf3, 0xf3, 0xf3, 0xec, 0xf3, 0xf3, 0xed, 0xed, 0xed, 0xf3, 0xf3, 0xf3, 0xed, 0xed, 0xed, 0xf3, 0xf3, 0xec, 0xec, 0xec, 0xea, 0xea, 0xea, 0xea, 0xec, 0xec, 0xec, 0xea, 0xea, 0xec, 0xea, 0xea, 0xea, 0xea, 0xec, 0xea, 0xea, 0xea, 0xea, 0xeb, 0xe8, 0xe9, 0xeb, 0xe7, 0xe7, 0xe2, 0xe2, 0xe0, 0xbf, 0xbc, 0xba, 0xb9, 0xa0, 0x9f, 0x98, 0x9f, 0x96, 0x95, 0x7f, 0x80, 0x7f, 0x7f, 0x7f, 0x78, 0x78, 0x78, 0x76, 0x76, 0x76, 0x76, 0x78, 0x78, 0x76, 0x76, 0x76, 0x76, 0x75, 0x60, 0x5d, 0x61, 0x61, 0x5d, 0x5d, 0x5c, 0x5c, 0x5c, 0x5c, 0x5c, 0x5c, 0x5c, 0x5d, 0x5d, 0x5d, 0x61, 0x5d, 0x5d, 0x5d, 0x5d, 0x5d, 0x5d, 0x5d, 0x5d, 0x5c, 0x5c, 0x5a, 0x5a, 0x5d, 0x5d, 0x5d, 0x5d, 0x5d, 0x5d, 0x5d,
  0xed, 0xed, 0xea, 0xea, 0xea, 0xea, 0xeb, 0xe8, 0xe7, 0xe2, 0xe0, 0xe0, 0xe8, 0xe9, 0xe0, 0xe0, 0xe2, 0xe2, 0xbf, 0xbc, 0xbf, 0xbf, 0xba, 0xba, 0xb9, 0xb3, 0xb4, 0xb6, 0xb6, 0xb3, 0x9e, 0x9e, 0x9f, 0xa0, 0xa0, 0xa0, 0xb3, 0xa0, 0x9d, 0x9d, 0x98, 0x98, 0x9d, 0x9d, 0x9d, 0x97, 0x96, 0x97, 0x97, 0x97, 0x97, 0x96, 0x96, 0x97, 0x96, 0x97, 0x98, 0x98, 0x98, 0x98, 0x98, 0x98, 0x97, 0x98, 0x98, 0x95, 0x95, 0x95, 0x98, 0x95, 0x80, 0x80, 0x80, 0x80, 0x80, 0x80, 0x80, 0x7f, 0x7f, 0x7f, 0x78, 0x76, 0x76, 0x76, 0x76, 0x76, 0x76, 0x78, 0x78, 0x76, 0x75, 0x76, 0x75, 0x75, 0x76, 0x76, 0x61, 0x5d, 0x61, 0x61, 0x5d, 0x5a, 0x5d, 0x5d, 0x5d, 0x5d, 0x5d, 0x5d, 0x5d, 0x5d, 0x5d, 0x5d, 0x5d, 0x5d, 0x5d, 0x61, 0x61, 0x60, 0x61, 0x61, 0x75, 0x76, 0x76, 0x76, 0x75, 0x76, 0x78, 0x78, 0x76, 0x76, 0x78, 0x7f, 0x7f, 0x78, 0x7f, 0x80, 0x80, 0x95, 0x95, 0x95, 0x95, 0x95, 0x98, 0x98, 0x98, 0x98, 0x96, 0x98, 0x98, 0x98, 0x9f, 0x98, 0x98, 0x98, 0x9f, 0x9f, 0xa0, 0xb3, 0xb9, 0xb9, 0xb9, 0xba, 0xbc, 0xba, 0xba, 0xbc, 0xe0, 0xbf, 0xbf, 0xbf, 0xdf, 0xdf, 0xdf, 0xbe, 0xdf, 0xe1, 0xe1, 0xe2, 0xe0, 0xe2, 0xe2, 0xdf, 0xe0, 0xe0, 0xe0, 0xe0, 0xe2, 0xe2, 0xe2, 0xe2, 0xe7, 0xe8, 0xec, 0xf3, 0xec, 0xec, 0xec, 0xec, 0xea, 0xeb, 0xeb, 0xeb, 0xeb, 0xeb, 0xeb, 0xec, 0xec, 0xec, 0xf3, 0xf3, 0xf3, 0xf3, 0xed, 0xf3, 0xf3, 0xed, 0xec, 0xed, 0xed, 0xed, 0xf3, 0xed, 0xed, 0xf3, 0xed, 0xed, 0xec, 0xec, 0xec, 0xea, 0xec, 0xed, 0xea, 0xea, 0xea, 0xec, 0xf3, 0xed, 0xea, 0xea, 0xea, 0xec, 0xea, 0xea, 0xea, 0xea, 0xeb, 0xeb, 0xe9, 0xe9, 0xe9, 0xe8, 0xe8, 0xe7, 0xe0, 0xbf, 0xbc, 0xbc, 0xbc, 0xbc, 0xbc, 0xb9, 0xb9, 0xa0, 0x98, 0x97, 0x98, 0x96, 0x96, 0x96, 0x95, 0x95, 0x7f, 0x7f, 0x80, 0x80, 0x7f, 0x7f, 0x7f, 0x78, 0x78, 0x78, 0x78, 0x76, 0x75, 0x61, 0x61, 0x60, 0x61, 0x5d, 0x5d, 0x5d, 0x5d, 0x5d, 0x5c, 0x5d, 0x5d, 0x5c, 0x5d, 0x61, 0x61, 0x60, 0x60, 0x5d, 0x5d, 0x5d, 0x5d, 0x5d, 0x5d, 0x5d, 0x5d, 0x5d, 0x5d, 0x5d, 0x5d, 0x5d, 0x5d, 0x61, 0x5d, 0x5d,
  0xec, 0xec, 0xea, 0xea, 0xea, 0xec, 0xea, 0xe9, 0xe8, 0xe4, 0xe0, 0xe0, 0xe4, 0xe4, 0xe2, 0xe2, 0xe2, 0xe0, 0xbf, 0xbf, 0xbf, 0xbc, 0xbc, 0xba, 0xb9, 0xb3, 0xb3, 0xb4, 0xb4, 0xb4, 0xb3, 0x9f, 0x9d, 0x9f, 0x9f, 0x9e, 0xb3, 0x9e, 0x9d, 0x9d, 0x9d, 0x9d, 0x9f, 0x9f, 0x9d, 0x97, 0x9d, 0x9d, 0x98, 0x98, 0x97, 0x96, 0x98, 0x97, 0x97, 0x98, 0x98, 0x98, 0x98, 0x98, 0x98, 0x98, 0x98, 0x98, 0x95, 0x95, 0x80, 0x80, 0x95, 0x95, 0x7f, 0x80, 0x80, 0x80, 0x7f, 0x7f, 0x7f, 0x78, 0x7f, 0x7f, 0x78, 0x7f, 0x7f, 0x76, 0x76, 0x78, 0x78, 0x78, 0x76, 0x76, 0x76, 0x78, 0x76, 0x75, 0x76, 0x76, 0x60, 0x61, 0x61, 0x60, 0x61, 0x61, 0x61, 0x61, 0x61, 0x5d, 0x5d, 0x5d, 0x5d, 0x60, 0x61, 0x60, 0x61, 0x76, 0x76, 0x76, 0x76, 0x76, 0x76, 0x78, 0x78, 0x78, 0x7f, 0x7f, 0x78, 0x7f, 0x7f, 0x78, 0x77, 0x78, 0x7f, 0x95, 0x98, 0x95, 0x95, 0x96, 0x98, 0x98, 0x98, 0x98, 0x98, 0x98, 0x98, 0x98, 0x98, 0x98, 0x98, 0x98, 0x98, 0x9f, 0x9f, 0x9f, 0x98, 0x98, 0x9f, 0xa0, 0xb9, 0xba, 0xba, 0xba, 0xba, 0xba, 0xbc, 0xbc, 0xbc, 0xbc, 0xbf, 0xe0, 0xe0, 0xe2, 0xe4, 0xe4, 0xe2, 0xe1, 0xe2, 0xe1, 0xe1, 0xe4, 0xe1, 0xe2, 0xe4, 0xdf, 0xe0, 0xe8, 0xe7, 0xe7, 0xe2, 0xe2, 0xe2, 0xe2, 0xe7, 0xe8, 0xec, 0xec, 0xea, 0xec, 0xea, 0xea, 0xe9, 0xeb, 0xec, 0xec, 0xec, 0xeb, 0xec, 0xf3, 0xf3, 0xf3, 0xf3, 0xf3, 0xf3, 0xf3, 0xed, 0xec, 0xed, 0xed, 0xed, 0xed, 0xed, 0xed, 0xed, 0xed, 0xea, 0xed, 0xed, 0xed, 0xed, 0xed, 0xec, 0xec, 0xed, 0xee, 0xed, 0xec, 0xea, 0xec, 0xed, 0xed, 0xea, 0xed, 0xec, 0xec, 0xed, 0xed, 0xec, 0xec, 0xec, 0xec, 0xe9, 0xe2, 0xeb, 0xec, 0xea, 0xe9, 0xe2, 0xe0, 0xbf, 0xbf, 0xbf, 0xe0, 0xe2, 0xbf, 0xbb, 0xbc, 0xba, 0xb3, 0xb3, 0x9d, 0x98, 0x98, 0x98, 0x98, 0x95, 0x95, 0x95, 0x95, 0x95, 0x95, 0x95, 0x95, 0x95, 0x95, 0x80, 0x78, 0x77, 0x78, 0x76, 0x75, 0x76, 0x61, 0x76, 0x76, 0x76, 0x61, 0x61, 0x76, 0x61, 0x5d, 0x61, 0x61, 0x61, 0x61, 0x76, 0x60, 0x5b, 0x60, 0x60, 0x61, 0x5d, 0x5d, 0x5d, 0x5d, 0x5d, 0x5d, 0x5d, 0x5d, 0x5d, 0x61, 0x61, 0x5d,
  0xea, 0xea, 0xea, 0xea, 0xea, 0xea, 0xeb, 0xe8, 0xe8, 0xe8, 0xe2, 0xe2, 0xe2, 0xe2, 0xe2, 0xe2, 0xe0, 0xbf, 0xbc, 0xbf, 0xbf, 0xbc, 0xbc, 0xbb, 0xb9, 0xb3, 0xb1, 0xb4, 0xb4, 0xb3, 0xb3, 0xa0, 0x9f, 0x9f, 0xa0, 0xb3, 0xb3, 0xb3, 0x9e, 0x9e, 0x9e, 0x9e, 0xa0, 0xa0, 0x9f, 0xa0, 0xa0, 0x9f, 0xa0, 0x9f, 0x98, 0x98, 0x98, 0x98, 0x98, 0x9f, 0x9f, 0x98, 0x98, 0x98, 0x98, 0x98, 0x98, 0x98, 0x95, 0x95, 0x95, 0x95, 0x95, 0x95, 0x7f, 0x80, 0x80, 0x78, 0x78, 0x7f, 0x78, 0x78, 0x78, 0x7f, 0x7f, 0x80, 0x80, 0x78, 0x78, 0x7f, 0x78, 0x76, 0x76, 0x76, 0x76, 0x76, 0x76, 0x75, 0x76, 0x76, 0x76, 0x76, 0x76, 0x61, 0x61, 0x61, 0x76, 0x76, 0x76, 0x61, 0x61, 0x61, 0x61, 0x75, 0x76, 0x76, 0x78, 0x78, 0x7f, 0x78, 0x78, 0x78, 0x7f, 0x7f, 0x7f, 0x7f, 0x80, 0x7f, 0x7f, 0x7f, 0x7f, 0x7f, 0x7f, 0x95, 0x96, 0x98, 0x9f, 0x9f, 0x98, 0x98, 0x98, 0x9f, 0x9f, 0x9f, 0x9f, 0x9f, 0x9f, 0x9f, 0x9f, 0x9f, 0x9f, 0x9f, 0x9f, 0x9f, 0xa0, 0xa0, 0xa0, 0xa0, 0xb9, 0xb9, 0xba, 0xbb, 0xbc, 0xba, 0xba, 0xba, 0xba, 0xbc, 0xbc, 0xbc, 0xbc, 0xe0, 0xe2, 0xe8, 0xe9, 0xe9, 0xe4, 0xe4, 0xe9, 0xe2, 0xe4, 0xeb, 0xe9, 0xe9, 0xe9, 0xe9, 0xe8, 0xeb, 0xe9, 0xe9, 0xe8, 0xe7, 0xe4, 0xe2, 0xe7, 0xe8, 0xea, 0xec, 0xec, 0xec, 0xea, 0xea, 0xea, 0xeb, 0xeb, 0xeb, 0xeb, 0xeb, 0xf3, 0xf3, 0xec, 0xf3, 0xf3, 0xf3, 0xed, 0xf3, 0xf3, 0xed, 0xed, 0xee, 0xf8, 0xf8, 0xf8, 0xee, 0xed, 0xed, 0xed, 0xf8, 0xee, 0xee, 0xee, 0xed, 0xed, 0xee, 0xed, 0xed, 0xed, 0xed, 0xea, 0xec, 0xed, 0xec, 0xed, 0xed, 0xea, 0xed, 0xee, 0xf3, 0xf3, 0xf3, 0xf3, 0xec, 0xe9, 0xe9, 0xeb, 0xec, 0xe8, 0xe8, 0xe9, 0xe8, 0xe7, 0xe7, 0xe7, 0xe4, 0xe4, 0xe3, 0xdf, 0xdf, 0xdf, 0xbb, 0xbb, 0xb4, 0xb3, 0xb9, 0xa0, 0xb9, 0x9f, 0x98, 0x96, 0x96, 0x98, 0x98, 0x98, 0x98, 0x98, 0x98, 0x95, 0x80, 0x80, 0x80, 0x7f, 0x78, 0x7f, 0x78, 0x78, 0x78, 0x78, 0x78, 0x78, 0x78, 0x78, 0x78, 0x76, 0x76, 0x61, 0x76, 0x78, 0x75, 0x60, 0x60, 0x61, 0x61, 0x61, 0x5d, 0x5d, 0x5d, 0x5d, 0x5d, 0x5d, 0x5d, 0x5d, 0x5d, 0x5d, 0x61,
  0xec, 0xea, 0xec, 0xea, 0xea, 0xea, 0xe9, 0xe8, 0xe7, 0xe8, 0xe9, 0xe4, 0xe0, 0xe2, 0xe0, 0xdf, 0xe2, 0xbe, 0xb6, 0xbb, 0xbf, 0xbf, 0xbc, 0xba, 0xba, 0xb3, 0xb3, 0xbb, 0xbb, 0x9e, 0x9e, 0xa0, 0xa0, 0xa0, 0xb3, 0xb6, 0xb6, 0xb9, 0xb9, 0xb3, 0xa0, 0xa0, 0xb3, 0xb3, 0xb3, 0xb9, 0xb3, 0xa0, 0xa0, 0x9f, 0x9f, 0x9d, 0x9d, 0x9d, 0x9f, 0x9f, 0x9f, 0x9f, 0x98, 0x9f, 0x9f, 0x98, 0x98, 0x98, 0x98, 0x95, 0x96, 0x98, 0x98, 0x96, 0x80, 0x80, 0x80, 0x7f, 0x7f, 0x7f, 0x78, 0x7f, 0x7f, 0x7f, 0x7f, 0x7f, 0x7f, 0x78, 0x78, 0x7f, 0x78, 0x78, 0x78, 0x78, 0x78, 0x76, 0x76, 0x76, 0x78, 0x78, 0x78, 0x76, 0x78, 0x76, 0x61, 0x61, 0x76, 0x78, 0x78, 0x78, 0x78, 0x78, 0x78, 0x78, 0x78, 0x78, 0x78, 0x7f, 0x7f, 0x80, 0x7f, 0x7f, 0x80, 0x95, 0x80, 0x95, 0x95, 0x80, 0x7f, 0x80, 0x95, 0x95, 0x96, 0x98, 0x98, 0x98, 0x98, 0x9f, 0x9f, 0x9f, 0x9f, 0xa0, 0xa0, 0x9f, 0x9f, 0x9f, 0x9f, 0xa0, 0xa0, 0x9f, 0x9f, 0xa0, 0x9f, 0xa0, 0xb3, 0xb9, 0xb9, 0xbc, 0xba, 0xb9, 0xba, 0xbc, 0xbf, 0xbc, 0xba, 0xba, 0xba, 0xbc, 0xbf, 0xbf, 0xbf, 0xe0, 0xe2, 0xe8, 0xeb, 0xe9, 0xe9, 0xe9, 0xe9, 0xe4, 0xe9, 0xf3, 0xf3, 0xeb, 0xe9, 0xeb, 0xe9, 0xeb, 0xe9, 0xeb, 0xe9, 0xe9, 0xe7, 0xe2, 0xe7, 0xe8, 0xe9, 0xec, 0xec, 0xec, 0xec, 0xea, 0xea, 0xeb, 0xeb, 0xe8, 0xe9, 0xeb, 0xf3, 0xf3, 0xeb, 0xec, 0xec, 0xec, 0xed, 0xee, 0xf8, 0xf9, 0xf9, 0xf8, 0xf9, 0xf9, 0xf9, 0xee, 0xee, 0xee, 0xf8, 0xf9, 0xf8, 0xf8, 0xf8, 0xf8, 0xee, 0xee, 0xed, 0xed, 0xed, 0xed, 0xed, 0xed, 0xee, 0xed, 0xed, 0xed, 0xec, 0xed, 0xed, 0xf3, 0xf3, 0xed, 0xf3, 0xec, 0xec, 0xf3, 0xed, 0xed, 0xe7, 0xe9, 0xea, 0xec, 0xea, 0xec, 0xec, 0xeb, 0xe4, 0xe4, 0xe4, 0xe4, 0xe2, 0xbf, 0xbc, 0xbc, 0xbc, 0xbc, 0xb9, 0xba, 0xb9, 0xa0, 0x9f, 0x9f, 0x9f, 0xa0, 0xa0, 0x9f, 0x9f, 0x9f, 0x98, 0x98, 0x95, 0x95, 0x80, 0x80, 0x7f, 0x80, 0x80, 0x80, 0x7f, 0x80, 0x7f, 0x78, 0x78, 0x78, 0x76, 0x78, 0x76, 0x75, 0x78, 0x78, 0x75, 0x76, 0x76, 0x76, 0x75, 0x75, 0x61, 0x61, 0x61, 0x5d, 0x5d, 0x61, 0x5d, 0x5d, 0x5d, 0x61,
  0xec, 0xe8, 0xea, 0xe9, 0xe8, 0xe9, 0xe8, 0xe7, 0xe7, 0xe7, 0xe7, 0xe2, 0xe0, 0xe0, 0xdf, 0xdf, 0xdf, 0xbe, 0xbb, 0xbb, 0xbc, 0xbc, 0xba, 0xba, 0xba, 0xba, 0xbb, 0xbb, 0xb6, 0xb6, 0xb6, 0xb3, 0xb3, 0x9e, 0xb3, 0xb9, 0xb3, 0xb9, 0xb9, 0xb3, 0xa0, 0xb3, 0xb3, 0xba, 0xba, 0xb9, 0xb3, 0xb3, 0xa0, 0x9f, 0x9f, 0x9d, 0x9d, 0x9d, 0x9e, 0x9d, 0x9f, 0x9f, 0x9d, 0x9f, 0x9f, 0x98, 0x98, 0x98, 0x98, 0x98, 0x98, 0x98, 0x98, 0x98, 0x95, 0x80, 0x80, 0x80, 0x7f, 0x7f, 0x7f, 0x7f, 0x7f, 0x7f, 0x80, 0x7f, 0x78, 0x78, 0x7f, 0x80, 0x7f, 0x78, 0x78, 0x76, 0x76, 0x78, 0x78, 0x78, 0x7f, 0x80, 0x7f, 0x78, 0x78, 0x78, 0x78, 0x78, 0x78, 0x78, 0x80, 0x95, 0x95, 0x80, 0x7f, 0x7f, 0x80, 0x80, 0x7f, 0x7f, 0x80, 0x80, 0x7f, 0x7f, 0x7f, 0x95, 0x80, 0x95, 0x96, 0x95, 0x95, 0x98, 0x98, 0x97, 0x9d, 0x98, 0x98, 0x9f, 0x98, 0x98, 0x9f, 0x9f, 0x9f, 0x9f, 0x9f, 0x98, 0x9f, 0x9f, 0x9f, 0xa0, 0xa0, 0x98, 0x9f, 0xa0, 0xa0, 0xa0, 0xb9, 0xb9, 0xba, 0xbc, 0xbc, 0xbc, 0xbc, 0xbf, 0xbf, 0xbf, 0xbc, 0xba, 0xba, 0xbf, 0xbf, 0xdf, 0xe0, 0xe7, 0xe7, 0xe8, 0xeb, 0xe9, 0xe9, 0xe8, 0xe8, 0xe7, 0xe8, 0xeb, 0xec, 0xe9, 0xe4, 0xeb, 0xea, 0xec, 0xea, 0xec, 0xea, 0xea, 0xe9, 0xe7, 0xe4, 0xe9, 0xeb, 0xeb, 0xec, 0xec, 0xec, 0xec, 0xec, 0xec, 0xed, 0xea, 0xec, 0xec, 0xf3, 0xf3, 0xf3, 0xed, 0xed, 0xed, 0xf8, 0xf8, 0xf8, 0xf9, 0xf9, 0xf9, 0xf9, 0xfe, 0xf9, 0xf8, 0xf8, 0xf8, 0xf9, 0xf9, 0xf8, 0xf8, 0xf9, 0xf8, 0xee, 0xf8, 0xee, 0xf8, 0xf8, 0xed, 0xf8, 0xf9, 0xf9, 0xf9, 0xf8, 0xf8, 0xf8, 0xf8, 0xf8, 0xf9, 0xf3, 0xed, 0xed, 0xf3, 0xed, 0xed, 0xf8, 0xf8, 0xee, 0xed, 0xea, 0xec, 0xec, 0xf3, 0xf3, 0xe8, 0xe7, 0xe8, 0xe8, 0xe8, 0xe2, 0xe0, 0xbf, 0xbc, 0xbf, 0xbc, 0xba, 0xb9, 0xba, 0xba, 0xb3, 0xb3, 0xb9, 0xb9, 0xa0, 0xa0, 0xa0, 0x9f, 0x9f, 0x9f, 0x98, 0x98, 0x98, 0x96, 0x95, 0x80, 0x95, 0x98, 0x97, 0x95, 0x80, 0x7f, 0x7f, 0x78, 0x76, 0x7f, 0x7f, 0x76, 0x78, 0x77, 0x77, 0x7f, 0x7f, 0x78, 0x78, 0x78, 0x76, 0x76, 0x75, 0x60, 0x60, 0x60, 0x61, 0x5d, 0x5d, 0x61,
  0xe9, 0xe0, 0xe0, 0xe0, 0xe2, 0xec, 0xe9, 0xe2, 0xe2, 0xe2, 0xe0, 0xe0, 0xe2, 0xe0, 0xdf, 0xbe, 0xbe, 0xbe, 0xbe, 0xbe, 0xbc, 0xbc, 0xbc, 0xbc, 0xbf, 0xbe, 0xbf, 0xbe, 0xbb, 0xbb, 0xba, 0xba, 0xba, 0xb3, 0xb9, 0xb9, 0xb3, 0xb3, 0xb3, 0xb3, 0xb9, 0xb3, 0xb3, 0xb3, 0xb6, 0xba, 0xb9, 0xb3, 0xa0, 0xa0, 0xa0, 0x9f, 0xb3, 0xb3, 0xb3, 0xa0, 0x9d, 0x9f, 0x9f, 0x9f, 0x9f, 0x98, 0x98, 0x98, 0x98, 0x96, 0x96, 0x96, 0x98, 0x98, 0x98, 0x95, 0x95, 0x80, 0x7f, 0x7f, 0x7f, 0x7f, 0x7f, 0x80, 0x80, 0x7f, 0x7f, 0x7f, 0x80, 0x80, 0x7f, 0x7f, 0x7f, 0x78, 0x76, 0x78, 0x7f, 0x7f, 0x7f, 0x7f, 0x80, 0x80, 0x7f, 0x78, 0x7f, 0x7f, 0x95, 0x95, 0x80, 0x95, 0x95, 0x95, 0x80, 0x80, 0x95, 0x80, 0x7f, 0x95, 0x95, 0x95, 0x95, 0x95, 0x95, 0x98, 0x98, 0x98, 0x98, 0x98, 0x9f, 0xa0, 0xa0, 0xa0, 0xa0, 0x98, 0x9f, 0xa0, 0xa0, 0xa0, 0x9f, 0x98, 0xa0, 0xa0, 0x9f, 0x9f, 0xa0, 0xa0, 0xa0, 0xa0, 0xa0, 0xa0, 0xa0, 0xb9, 0xb9, 0xb9, 0xb9, 0xba, 0xba, 0xbc, 0xbc, 0xbc, 0xbc, 0xbf, 0xbf, 0xbf, 0xbc, 0xbc, 0xbc, 0xbf, 0xbf, 0xdf, 0xe0, 0xe2, 0xe2, 0xe2, 0xe8, 0xe7, 0xe7, 0xe8, 0xe8, 0xe7, 0xe8, 0xe8, 0xeb, 0xe9, 0xe9, 0xeb, 0xea, 0xf3, 0xf3, 0xf3, 0xf3, 0xf3, 0xec, 0xec, 0xec, 0xec, 0xec, 0xec, 0xf3, 0xed, 0xf3, 0xf9, 0xf3, 0xec, 0xec, 0xed, 0xed, 0xed, 0xf3, 0xf3, 0xf8, 0xf9, 0xf9, 0xf8, 0xf9, 0xf9, 0xf9, 0xfe, 0xfe, 0xfe, 0xfe, 0xfe, 0xfe, 0xf9, 0xf9, 0xf9, 0xf9, 0xf9, 0xf9, 0xfa, 0xf9, 0xf9, 0xf9, 0xfe, 0xf9, 0xf9, 0xf8, 0xf8, 0xf9, 0xf9, 0xfe, 0xf9, 0xfe, 0xf9, 0xf9, 0xf9, 0xf9, 0xf9, 0xf3, 0xed, 0xf8, 0xf9, 0xf9, 0xf8, 0xf8, 0xf9, 0xf9, 0xf9, 0xed, 0xed, 0xf3, 0xf3, 0xec, 0xeb, 0xf3, 0xec, 0xe8, 0xe8, 0xe7, 0xe7, 0xe2, 0xbf, 0xbc, 0xbf, 0xbc, 0xb9, 0xb9, 0xba, 0xba, 0xb3, 0xb9, 0xb9, 0xb9, 0xa0, 0x9f, 0x9f, 0x9f, 0x9f, 0x9f, 0x9f, 0x98, 0x9f, 0x9f, 0x98, 0x98, 0x9f, 0x98, 0x98, 0x95, 0x95, 0x80, 0x80, 0x7f, 0x7f, 0x80, 0x7f, 0x7f, 0x7f, 0x7f, 0x80, 0x80, 0x7f, 0x7f, 0x80, 0x7f, 0x78, 0x78, 0x76, 0x76, 0x76, 0x76, 0x76, 0x76, 0x78,
  0xeb, 0xe7, 0xe2, 0xe2, 0xe7, 0xeb, 0xeb, 0xe7, 0xe7, 0xe4, 0xe2, 0xe2, 0xe2, 0xe0, 0xdf, 0xbe, 0xbe, 0xbe, 0xbe, 0xbe, 0xbf, 0xbf, 0xbf, 0xbf, 0xbf, 0xbf, 0xbe, 0xbf, 0xbe, 0xbb, 0xbb, 0xba, 0xbb, 0xba, 0xba, 0xba, 0xba, 0xb9, 0xb9, 0xb9, 0xba, 0xb3, 0xb3, 0xb3, 0xb3, 0xb3, 0xb3, 0xb3, 0xa0, 0xa0, 0xa0, 0xa0, 0xb3, 0xb3, 0xb3, 0xa0, 0x9f, 0x9f, 0xa0, 0x9f, 0x9f, 0x9f, 0x9f, 0x9f, 0x98, 0x98, 0x98, 0x97, 0x98, 0x98, 0x98, 0x98, 0x95, 0x95, 0x80, 0x95, 0x80, 0x7f, 0x80, 0x80, 0x95, 0x95, 0x95, 0x80, 0x80, 0x7f, 0x7f, 0x7f, 0x80, 0x7f, 0x78, 0x7f, 0x80, 0x80, 0x7f, 0x78, 0x80, 0x95, 0x95, 0x80, 0x95, 0x95, 0x95, 0x95, 0x95, 0x95, 0x95, 0x95, 0x95, 0x95, 0x98, 0x98, 0x98, 0x98, 0x98, 0x98, 0x98, 0x98, 0x98, 0x98, 0x9f, 0x9f, 0x9f, 0x9f, 0xa0, 0xa0, 0xa0, 0xb9, 0xa0, 0x98, 0x98, 0xa0, 0xa0, 0xa0, 0x9f, 0x9f, 0xa0, 0xa0, 0x9f, 0xa0, 0xb9, 0xb9, 0xa0, 0xa0, 0xa0, 0xb9, 0xb9, 0xb9, 0xba, 0xba, 0xba, 0xbc, 0xbc, 0xbc, 0xbf, 0xbf, 0xbc, 0xbc, 0xbc, 0xbc, 0xbf, 0xbf, 0xbf, 0xbf, 0xe0, 0xe0, 0xe2, 0xe7, 0xe7, 0xe0, 0xe0, 0xe2, 0xe2, 0xe7, 0xe7, 0xe7, 0xe2, 0xe8, 0xe8, 0xe9, 0xec, 0xec, 0xec, 0xec, 0xf3, 0xf3, 0xf3, 0xf3, 0xf3, 0xf3, 0xf3, 0xf3, 0xf3, 0xf8, 0xf9, 0xee, 0xf9, 0xfe, 0xf9, 0xf8, 0xf8, 0xf9, 0xf9, 0xf9, 0xf8, 0xf8, 0xf9, 0xfe, 0xf9, 0xfe, 0xfe, 0xfe, 0xfe, 0xfe, 0xfe, 0xfe, 0xfe, 0xfe, 0xfe, 0xfe, 0xfe, 0xfe, 0xfe, 0xfe, 0xfe, 0xfe, 0xfe, 0xfe, 0xff, 0xfe, 0xfe, 0xf8, 0xf9, 0xfe, 0xfe, 0xfe, 0xfe, 0xfe, 0xfe, 0xfe, 0xf9, 0xf9, 0xf8, 0xf8, 0xf3, 0xf8, 0xf9, 0xf9, 0xf9, 0xf9, 0xf3, 0xf8, 0xee, 0xf8, 0xf9, 0xf3, 0xea, 0xeb, 0xec, 0xeb, 0xec, 0xf3, 0xea, 0xe8, 0xe8, 0xe7, 0xe7, 0xe0, 0xbf, 0xbf, 0xbc, 0xba, 0xb9, 0xba, 0xba, 0xba, 0xb9, 0xb9, 0xb9, 0xa0, 0x9f, 0xa0, 0x9f, 0x9f, 0x98, 0x9f, 0x9f, 0xa0, 0xa0, 0x9f, 0x98, 0x9f, 0x9f, 0x9f, 0x98, 0x98, 0x96, 0x95, 0x95, 0x80, 0x80, 0x80, 0x95, 0x95, 0x95, 0x95, 0x7f, 0x78, 0x7f, 0x80, 0x80, 0x7f, 0x7f, 0x78, 0x78, 0x76, 0x78, 0x78, 0x78, 0x7f,
  0xea, 0xea, 0xe8, 0xe8, 0xe8, 0xe7, 0xea, 0xea, 0xea, 0xe9, 0xe9, 0xe8, 0xe2, 0xdf, 0xbe, 0xbe, 0xbe, 0xcd, 0xbe, 0xbe, 0xbf, 0xbf, 0xbf, 0xbf, 0xbc, 0xbf, 0xbf, 0xbc, 0xba, 0xbf, 0xba, 0xb9, 0xba, 0xba, 0xbc, 0xbc, 0xba, 0xb9, 0xb9, 0xba, 0xba, 0xa0, 0xb3, 0xb3, 0xa0, 0x9e, 0xa0, 0xb3, 0xa0, 0xa0, 0xa0, 0xa0, 0xa0, 0xa0, 0xb3, 0xa0, 0xa0, 0xa0, 0xa0, 0x9f, 0x9f, 0x98, 0x98, 0x98, 0x98, 0x9f, 0x9f, 0x9f, 0x98, 0x98, 0x98, 0x98, 0x98, 0x98, 0x95, 0x80, 0x7f, 0x80, 0x80, 0x80, 0x95, 0x95, 0x95, 0x80, 0x80, 0x80, 0x7f, 0x7f, 0x7f, 0x80, 0x7f, 0x7f, 0x80, 0x7f, 0x80, 0x80, 0x95, 0x98, 0x95, 0x95, 0x95, 0x95, 0x95, 0x98, 0x98, 0x98, 0x95, 0x95, 0x98, 0x98, 0x9f, 0x9f, 0x9f, 0x98, 0x9f, 0x9f, 0x9f, 0x9f, 0x98, 0x98, 0x9f, 0x9f, 0x98, 0xa0, 0xa0, 0x9f, 0xa0, 0xb9, 0xb9, 0xa0, 0xa0, 0xa0, 0xa0, 0xa0, 0xa0, 0xa0, 0xa0, 0xb9, 0xb9, 0xb9, 0xb9, 0xb9, 0xa0, 0xa0, 0xb9, 0xb9, 0xb9, 0xb9, 0xb9, 0xba, 0xbc, 0xbf, 0xbf, 0xbf, 0xbf, 0xbf, 0xbf, 0xbf, 0xbf, 0xbf, 0xbf, 0xbf, 0xbf, 0xbf, 0xe0, 0xe0, 0xe7, 0xe7, 0xe7, 0xe0, 0xe0, 0xe7, 0xe2, 0xe2, 0xe7, 0xe7, 0xe2, 0xe7, 0xe7, 0xe8, 0xeb, 0xeb, 0xec, 0xeb, 0xea, 0xf3, 0xf3, 0xec, 0xec, 0xec, 0xf3, 0xf3, 0xf3, 0xf9, 0xf9, 0xf9, 0xf9, 0xf9, 0xfa, 0xfe, 0xfe, 0xf9, 0xf9, 0xfe, 0xfe, 0xfe, 0xfe, 0xfe, 0xf9, 0xfe, 0xfe, 0xfe, 0xfe, 0xfe, 0xfe, 0xfe, 0xfe, 0xfe, 0xfe, 0xfe, 0xfe, 0xfe, 0xfe, 0xfe, 0xfe, 0xfe, 0xfe, 0xfe, 0xff, 0xfe, 0xfe, 0xf9, 0xfe, 0xfe, 0xfe, 0xfe, 0xfe, 0xfe, 0xfe, 0xfe, 0xfe, 0xf9, 0xf9, 0xf9, 0xf3, 0xf8, 0xf9, 0xfc, 0xf9, 0xf8, 0xf3, 0xf8, 0xee, 0xf8, 0xf8, 0xec, 0xea, 0xec, 0xec, 0xeb, 0xe8, 0xeb, 0xeb, 0xe9, 0xe7, 0xe0, 0xe0, 0xe0, 0xe0, 0xe0, 0xbf, 0xbc, 0xba, 0xba, 0xba, 0xba, 0xba, 0xb9, 0xb9, 0xa0, 0xb9, 0xa0, 0xa0, 0x9f, 0x9f, 0xa0, 0xa0, 0xa0, 0xa0, 0x9f, 0x9f, 0x9f, 0xa0, 0xa0, 0xa0, 0x9f, 0x9f, 0x98, 0x96, 0x96, 0x96, 0x95, 0x95, 0x96, 0x96, 0x96, 0x95, 0x95, 0x80, 0x95, 0x95, 0x80, 0x80, 0x80, 0x7f, 0x78, 0x76, 0x78, 0x7f, 0x80,
  0xec, 0xea, 0xea, 0xea, 0xea, 0xe8, 0xea, 0xed, 0xec, 0xe9, 0xe8, 0xe8, 0xe2, 0xdf, 0xba, 0xb4, 0xbb, 0xcd, 0xbf, 0xbf, 0xbf, 0xbf, 0xbf, 0xbf, 0xbf, 0xbf, 0xbf, 0xbc, 0xbc, 0xbc, 0xba, 0xb9, 0xba, 0xbc, 0xbc, 0xbc, 0xba, 0xb9, 0xb9, 0xba, 0xb9, 0xb9, 0xb9, 0xb3, 0xa0, 0xb3, 0xb3, 0xb9, 0xb3, 0xb3, 0xa0, 0xa0, 0xb3, 0xb9, 0xb3, 0xa0, 0xa0, 0xa0, 0xa0, 0x9f, 0x98, 0x98, 0x98, 0x98, 0x98, 0x9f, 0x9f, 0x9f, 0x98, 0x98, 0x98, 0x98, 0x98, 0x98, 0x96, 0x95, 0x80, 0x80, 0x80, 0x7f, 0x80, 0x80, 0x80, 0x80, 0x80, 0x80, 0x80, 0x7f, 0x7f, 0x7f, 0x7f, 0x7f, 0x7f, 0x7f, 0x7f, 0x95, 0x98, 0x98, 0x98, 0x95, 0x95, 0x95, 0x96, 0x98, 0x98, 0x98, 0x9f, 0x98, 0x9f, 0x96, 0x98, 0x9f, 0x9f, 0x9f, 0x9f, 0x9f, 0x9f, 0x9f, 0x9f, 0xa0, 0xb9, 0xa0, 0xa0, 0xb9, 0xa0, 0xa0, 0xa0, 0xba, 0xba, 0xba, 0xba, 0xb9, 0xa0, 0xa0, 0xb9, 0xba, 0xb9, 0xb9, 0xb9, 0xb9, 0xb9, 0xba, 0xb9, 0xb9, 0xb9, 0xb9, 0xba, 0xba, 0xba, 0xba, 0xbc, 0xbf, 0xbf, 0xbc, 0xbf, 0xbf, 0xbf, 0xe0, 0xbf, 0xe0, 0xe0, 0xe0, 0xe0, 0xe0, 0xe0, 0xe0, 0xe7, 0xe7, 0xe7, 0xe7, 0xe8, 0xe9, 0xe7, 0xe2, 0xe0, 0xe2, 0xe7, 0xe2, 0xe0, 0xe2, 0xe7, 0xe7, 0xe7, 0xe7, 0xe7, 0xea, 0xec, 0xea, 0xea, 0xf3, 0xf3, 0xed, 0xed, 0xf8, 0xf9, 0xf8, 0xf9, 0xf9, 0xf9, 0xf9, 0xfe, 0xf9, 0xf9, 0xfe, 0xfe, 0xfe, 0xff, 0xfe, 0xfe, 0xfe, 0xfe, 0xfe, 0xfe, 0xfe, 0xfe, 0xfe, 0xfe, 0xfe, 0xfe, 0xfe, 0xfe, 0xfe, 0xfe, 0xfe, 0xfe, 0xfe, 0xfe, 0xfe, 0xfe, 0xfe, 0xfe, 0xfe, 0xfe, 0xfe, 0xfe, 0xfe, 0xfe, 0xfe, 0xfe, 0xfe, 0xfe, 0xf9, 0xf9, 0xf9, 0xf9, 0xf8, 0xf8, 0xf9, 0xf9, 0xf8, 0xee, 0xf8, 0xee, 0xf8, 0xec, 0xea, 0xec, 0xec, 0xec, 0xe9, 0xe9, 0xe8, 0xe8, 0xe8, 0xe2, 0xe0, 0xe2, 0xe0, 0xe0, 0xbf, 0xbf, 0xbc, 0xbc, 0xba, 0xba, 0xbc, 0xbc, 0xb9, 0xb9, 0xba, 0xb9, 0xb9, 0xa0, 0xa0, 0xa0, 0xa0, 0xb9, 0xb9, 0xa0, 0x9f, 0x9f, 0x9f, 0x9f, 0xa0, 0xa0, 0x9f, 0x9f, 0x9f, 0x98, 0x97, 0x98, 0x97, 0x97, 0x98, 0x98, 0x98, 0x98, 0x98, 0x98, 0x98, 0x95, 0x80, 0x80, 0x95, 0x80, 0x78, 0x7f, 0x78, 0x80, 0x95,
  0xed, 0xec, 0xec, 0xea, 0xed, 0xed, 0xec, 0xec, 0xe8, 0xe7, 0xe2, 0xe2, 0xe0, 0xbf, 0xb3, 0xb3, 0xb6, 0xbb, 0xbe, 0xe0, 0xe0, 0xbf, 0xbc, 0xbc, 0xbc, 0xbc, 0xbf, 0xbc, 0xbc, 0xbc, 0xbc, 0xba, 0xba, 0xbc, 0xbc, 0xba, 0xba, 0xb9, 0xb9, 0xbc, 0xba, 0xb9, 0xb9, 0xb9, 0xb9, 0xba, 0xb3, 0xb9, 0xb9, 0xb9, 0xa0, 0xa0, 0xb3, 0xb3, 0xb3, 0xb9, 0xb9, 0xb9, 0xa0, 0x9f, 0x98, 0x96, 0x96, 0x97, 0x98, 0x9f, 0x9f, 0x9f, 0x9f, 0x9f, 0x9f, 0x98, 0x98, 0x98, 0x98, 0x96, 0x95, 0x95, 0x95, 0x95, 0x95, 0x95, 0x95, 0x95, 0x95, 0x95, 0x95, 0x80, 0x80, 0x80, 0x7f, 0x80, 0x7f, 0x78, 0x7f, 0x80, 0x95, 0x95, 0x95, 0x95, 0x95, 0x96, 0x96, 0x98, 0x98, 0x9f, 0xa0, 0x9f, 0x9f, 0x98, 0x98, 0x9f, 0x9f, 0xa0, 0xa0, 0xa0, 0x9f, 0x9f, 0xb9, 0xba, 0xbc, 0xb9, 0xb9, 0xb9, 0xb9, 0xb9, 0xba, 0xba, 0xbc, 0xbc, 0xbc, 0xbc, 0xba, 0xb9, 0xbc, 0xbf, 0xba, 0xb9, 0xb9, 0xba, 0xba, 0xb9, 0xb9, 0xba, 0xba, 0xba, 0xba, 0xbc, 0xba, 0xbc, 0xbf, 0xbf, 0xbc, 0xba, 0xbc, 0xbf, 0xbf, 0xbf, 0xbf, 0xe2, 0xe7, 0xe7, 0xe2, 0xe0, 0xe0, 0xe7, 0xe8, 0xe8, 0xe7, 0xe7, 0xe8, 0xe8, 0xe8, 0xe9, 0xe7, 0xe7, 0xe2, 0xe0, 0xe0, 0xe2, 0xe2, 0xe0, 0xe0, 0xbf, 0xe0, 0xe0, 0xe0, 0xe2, 0xe8, 0xf3, 0xec, 0xec, 0xed, 0xf8, 0xf9, 0xf9, 0xf9, 0xf8, 0xf8, 0xf9, 0xfe, 0xfe, 0xf9, 0xfe, 0xf9, 0xfe, 0xfe, 0xfe, 0xfe, 0xfe, 0xfe, 0xfe, 0xfe, 0xfe, 0xfe, 0xfe, 0xfe, 0xfe, 0xfe, 0xfe, 0xfe, 0xfe, 0xfe, 0xfe, 0xfe, 0xfe, 0xfe, 0xfe, 0xfe, 0xf9, 0xfe, 0xfe, 0xfe, 0xfe, 0xfe, 0xfe, 0xfe, 0xfe, 0xfe, 0xfa, 0xf9, 0xf9, 0xf9, 0xf9, 0xf9, 0xf9, 0xf9, 0xfc, 0xf9, 0xf3, 0xf3, 0xee, 0xed, 0xed, 0xea, 0xea, 0xe8, 0xeb, 0xea, 0xe2, 0xe2, 0xe2, 0xe4, 0xe7, 0xe4, 0xe4, 0xe4, 0xe2, 0xe0, 0xbf, 0xbf, 0xbf, 0xbf, 0xbf, 0xbc, 0xbc, 0xba, 0xba, 0xbc, 0xbf, 0xba, 0xb9, 0xb9, 0xb9, 0xb9, 0xb9, 0xb9, 0xb9, 0xa0, 0xa0, 0xb9, 0xa0, 0xa0, 0xa0, 0xa0, 0x9f, 0x9f, 0x9f, 0x9f, 0x98, 0x9f, 0xa0, 0x9f, 0x9f, 0x9f, 0x98, 0x98, 0x9f, 0x9f, 0x98, 0x95, 0x80, 0x80, 0x80, 0x7f, 0x7f, 0x80, 0x80, 0x80, 0x80,
  0xed, 0xec, 0xec, 0xea, 0xed, 0xea, 0xea, 0xec, 0xea, 0xe9, 0xe8, 0xe8, 0xe4, 0xbf, 0xb9, 0xb4, 0xbe, 0xbf, 0xbc, 0xbf, 0xe0, 0xbf, 0xbf, 0xbf, 0xbf, 0xbc, 0xbf, 0xbc, 0xbc, 0xbc, 0xbc, 0xbc, 0xba, 0xba, 0xbc, 0xba, 0xbc, 0xbc, 0xba, 0xbc, 0xba, 0xb9, 0xb9, 0xba, 0xba, 0xba, 0xb9, 0xba, 0xba, 0xba, 0xb9, 0xb9, 0xb9, 0xb3, 0xa0, 0xb3, 0xb9, 0xb9, 0xb9, 0x98, 0x96, 0x96, 0x95, 0x96, 0x98, 0x98, 0x9f, 0x9f, 0x9f, 0x9f, 0x9f, 0x98, 0x98, 0x98, 0x98, 0x98, 0x96, 0x95, 0x95, 0x95, 0x95, 0x98, 0x95, 0x95, 0x95, 0x95, 0x95, 0x80, 0x80, 0x80, 0x7f, 0x80, 0x7f, 0x7f, 0x80, 0x95, 0x95, 0x95, 0x95, 0x96, 0x98, 0x98, 0x98, 0x98, 0x98, 0x9f, 0xa0, 0x9f, 0x9f, 0x9f, 0x9f, 0xa0, 0xa0, 0xa0, 0xb9, 0xb9, 0xb9, 0xb9, 0xb9, 0xb9, 0xb9, 0xba, 0xba, 0xb9, 0xba, 0xbc, 0xbf, 0xbc, 0xbc, 0xbc, 0xbc, 0xbc, 0xbc, 0xbc, 0xbc, 0xbf, 0xbf, 0xba, 0xb9, 0xbc, 0xbc, 0xba, 0xbc, 0xbc, 0xbc, 0xba, 0xbc, 0xbc, 0xbc, 0xbc, 0xbf, 0xbc, 0xbc, 0xbf, 0xbf, 0xbf, 0xbf, 0xbc, 0xbf, 0xe0, 0xe7, 0xe7, 0xe2, 0xe0, 0xe2, 0xe2, 0xe0, 0xe2, 0xe7, 0xe7, 0xe8, 0xe7, 0xe7, 0xe9, 0xe9, 0xe9, 0xe7, 0xe2, 0xe0, 0xe0, 0xe2, 0xe2, 0xbf, 0xbc, 0xbc, 0xbc, 0xbf, 0xbf, 0xe2, 0xe8, 0xeb, 0xeb, 0xf3, 0xf3, 0xf8, 0xfc, 0xf9, 0xf9, 0xf8, 0xf9, 0xfe, 0xfe, 0xf9, 0xf9, 0xf9, 0xf9, 0xfe, 0xfe, 0xfe, 0xfe, 0xfe, 0xfe, 0xfe, 0xfe, 0xfe, 0xfe, 0xfe, 0xff, 0xfe, 0xfa, 0xfa, 0xfa, 0xfa, 0xfa, 0xfe, 0xfe, 0xfe, 0xfe, 0xfe, 0xfe, 0xfe, 0xfe, 0xfe, 0xfe, 0xff, 0xfb, 0xfa, 0xf9, 0xf9, 0xf9, 0xfa, 0xfa, 0xf9, 0xf9, 0xfc, 0xfe, 0xf9, 0xf9, 0xf8, 0xed, 0xed, 0xed, 0xec, 0xe8, 0xe7, 0xe7, 0xe0, 0xe7, 0xeb, 0xe0, 0xe0, 0xe2, 0xe2, 0xe0, 0xe2, 0xe0, 0xe0, 0xe0, 0xe0, 0xe0, 0xbf, 0xbc, 0xbf, 0xe0, 0xbf, 0xbc, 0xbc, 0xbc, 0xbc, 0xbf, 0xbc, 0xbc, 0xba, 0xb9, 0xb9, 0xb9, 0xb9, 0xb9, 0xa0, 0xb9, 0xb9, 0xb9, 0xa0, 0xb9, 0xb9, 0xa0, 0xa0, 0x9f, 0x9f, 0x98, 0x9f, 0xa0, 0xa0, 0xa0, 0x9f, 0x9f, 0x98, 0x98, 0x98, 0x98, 0x98, 0x95, 0x95, 0x98, 0x80, 0x7f, 0x95, 0x98, 0x98, 0x95,
  0xed, 0xea, 0xec, 0xed, 0xed, 0xea, 0xea, 0xed, 0xec, 0xeb, 0xe9, 0xe9, 0xe7, 0xe0, 0xbe, 0xbe, 0xdf, 0xe4, 0xe0, 0xbf, 0xe0, 0xe0, 0xe0, 0xbf, 0xbf, 0xbf, 0xbf, 0xbf, 0xbf, 0xbf, 0xbc, 0xbf, 0xbc, 0xba, 0xbc, 0xba, 0xbc, 0xbf, 0xba, 0xba, 0xba, 0xb9, 0xb9, 0xba, 0xba, 0xb9, 0xbc, 0xbc, 0xba, 0xba, 0xba, 0xba, 0xb9, 0xb3, 0xb9, 0xb9, 0xb9, 0xb9, 0xa0, 0x9f, 0x98, 0x97, 0x96, 0x98, 0x9f, 0x9f, 0x98, 0x9f, 0xa0, 0xa0, 0x9f, 0x9f, 0x9f, 0x9f, 0x9f, 0x98, 0x98, 0x98, 0x98, 0x95, 0x95, 0x95, 0x80, 0x95, 0x95, 0x95, 0x80, 0x7f, 0x7f, 0x80, 0x7f, 0x7f, 0x7f, 0x7f, 0x80, 0x80, 0x80, 0x98, 0x98, 0x98, 0x9f, 0xa0, 0x9f, 0x9f, 0x9f, 0x9f, 0xa0, 0xa0, 0xa0, 0x9f, 0xa0, 0xb9, 0xb9, 0xb9, 0xa0, 0xb9, 0xbc, 0xba, 0xb9, 0xb9, 0xba, 0xba, 0xbc, 0xbc, 0xbc, 0xbc, 0xbf, 0xbc, 0xbc, 0xbc, 0xbc, 0xbc, 0xbc, 0xbf, 0xbf, 0xbf, 0xbf, 0xbf, 0xbc, 0xbc, 0xbc, 0xbc, 0xbc, 0xbc, 0xbc, 0xba, 0xbc, 0xbc, 0xbc, 0xbc, 0xbf, 0xbf, 0xe0, 0xe0, 0xbf, 0xbf, 0xe0, 0xbf, 0xbc, 0xbf, 0xbf, 0xe0, 0xe0, 0xe2, 0xe0, 0xe0, 0xe0, 0xe0, 0xe7, 0xe0, 0xe2, 0xe7, 0xe7, 0xe7, 0xe4, 0xe7, 0xe8, 0xe7, 0xe4, 0xe7, 0xe2, 0xbf, 0xba, 0xa0, 0x9f, 0xb9, 0xbc, 0xbf, 0xe7, 0xe7, 0xe7, 0xe9, 0xec, 0xeb, 0xea, 0xec, 0xf3, 0xf8, 0xf9, 0xf8, 0xf8, 0xf9, 0xf9, 0xf9, 0xf9, 0xf9, 0xfe, 0xf9, 0xfa, 0xfe, 0xfe, 0xff, 0xfe, 0xfe, 0xfa, 0xfe, 0xfa, 0xfa, 0xfa, 0xf9, 0xf9, 0xfe, 0xff, 0xfe, 0xfa, 0xfe, 0xfe, 0xfe, 0xff, 0xff, 0xfe, 0xf9, 0xf9, 0xfe, 0xfa, 0xf9, 0xf9, 0xf9, 0xf9, 0xf9, 0xf8, 0xf8, 0xf9, 0xf9, 0xf9, 0xf9, 0xf9, 0xf9, 0xf3, 0xed, 0xed, 0xed, 0xec, 0xe7, 0xe7, 0xe7, 0xe0, 0xe0, 0xe2, 0xbf, 0xbf, 0xe0, 0xe0, 0xdf, 0xbf, 0xdf, 0xbe, 0xbf, 0xe0, 0xe0, 0xbf, 0xbf, 0xe0, 0xe0, 0xbc, 0xba, 0xbf, 0xbf, 0xbc, 0xbc, 0xbc, 0xbc, 0xbc, 0xba, 0xb9, 0xb9, 0xb9, 0xa0, 0xa0, 0xb9, 0xa0, 0xb9, 0xa0, 0xb9, 0xb9, 0xb9, 0xa0, 0xa0, 0xa0, 0xa0, 0xa0, 0xa0, 0xa0, 0xa0, 0x9f, 0x9d, 0x9f, 0x98, 0x98, 0x98, 0x9f, 0x98, 0x98, 0x98, 0x98, 0x98, 0x98, 0x9f, 0x9f, 0x98,
  0xea, 0xec, 0xed, 0xed, 0xed, 0xed, 0xec, 0xed, 0xec, 0xe9, 0xe9, 0xe9, 0xe4, 0xe4, 0xe1, 0xdf, 0xdf, 0xe3, 0xe4, 0xe2, 0xe7, 0xe7, 0xe0, 0xe0, 0xbf, 0xbf, 0xbf, 0xbf, 0xbf, 0xbf, 0xbc, 0xbc, 0xbc, 0xba, 0xba, 0xba, 0xba, 0xbc, 0xba, 0xba, 0xba, 0xb9, 0xb9, 0xb9, 0xba, 0xba, 0xbf, 0xbc, 0xb9, 0xb9, 0xba, 0xba, 0xba, 0xb9, 0xba, 0xba, 0xb9, 0xb9, 0xa0, 0xa0, 0x9f, 0x98, 0x98, 0x9f, 0xa0, 0x9f, 0x98, 0x98, 0xa0, 0xa0, 0x9f, 0xa0, 0x9f, 0x9f, 0x98, 0x98, 0x98, 0x98, 0x98, 0x95, 0x95, 0x80, 0x80, 0x80, 0x80, 0x80, 0x7f, 0x7f, 0x7f, 0x80, 0x7f, 0x7f, 0x80, 0x7f, 0x7f, 0x80, 0x95, 0x98, 0x9f, 0x9f, 0xa0, 0xa0, 0xa0, 0xa0, 0x9f, 0xa0, 0xb9, 0xb9, 0xb9, 0xb9, 0xb9, 0xb9, 0xbc, 0xb9, 0xb9, 0xb9, 0xbc, 0xbc, 0xbc, 0xbc, 0xbc, 0xbc, 0xbf, 0xbc, 0xbc, 0xbf, 0xbc, 0xbc, 0xbc, 0xbc, 0xbf, 0xbf, 0xbf, 0xbf, 0xe2, 0xe0, 0xe0, 0xbf, 0xbf, 0xbc, 0xbc, 0xbf, 0xbf, 0xbc, 0xbc, 0xbc, 0xbc, 0xbf, 0xbc, 0xbf, 0xbf, 0xbf, 0xe0, 0xbf, 0xbf, 0xe0, 0xe0, 0xbf, 0xbc, 0xbf, 0xbf, 0xe0, 0xe0, 0xe2, 0xe0, 0xe0, 0xe0, 0xe0, 0xe0, 0xbf, 0xe0, 0xe7, 0xe8, 0xe9, 0xe2, 0xe2, 0xe4, 0xe7, 0xe9, 0xe8, 0xe0, 0xba, 0xa0, 0x9d, 0x96, 0xa0, 0xba, 0xe0, 0xe7, 0xe7, 0xe8, 0xe9, 0xe9, 0xe9, 0xe7, 0xe8, 0xea, 0xf3, 0xf3, 0xed, 0xed, 0xf9, 0xfc, 0xfe, 0xfe, 0xf9, 0xf9, 0xf9, 0xfe, 0xfe, 0xfe, 0xfe, 0xff, 0xfb, 0xfa, 0xfe, 0xfa, 0xfa, 0xfe, 0xf9, 0xf9, 0xfe, 0xff, 0xff, 0xfa, 0xfe, 0xfe, 0xfe, 0xfe, 0xfe, 0xfe, 0xf9, 0xf9, 0xf9, 0xf8, 0xf9, 0xf9, 0xf9, 0xf9, 0xf8, 0xf8, 0xf8, 0xee, 0xee, 0xf8, 0xf9, 0xf8, 0xf9, 0xf8, 0xf3, 0xed, 0xed, 0xec, 0xe7, 0xe2, 0xe7, 0xe7, 0xe0, 0xe0, 0xbf, 0xbf, 0xbf, 0xbf, 0xbf, 0xbf, 0xbf, 0xbe, 0xbf, 0xe0, 0xbf, 0xbf, 0xe0, 0xe0, 0xe0, 0xbf, 0xbc, 0xbf, 0xbf, 0xbf, 0xe0, 0xbc, 0xba, 0xba, 0xbc, 0xba, 0xba, 0xb9, 0xb9, 0xb9, 0xb9, 0xb9, 0xb9, 0xb9, 0xa0, 0xb9, 0xb9, 0xb9, 0xb9, 0xb9, 0xb9, 0xb9, 0xb9, 0xb9, 0xb9, 0x9f, 0x9f, 0x9f, 0x9f, 0x98, 0x9f, 0xa0, 0xa0, 0x9f, 0x98, 0x98, 0x9f, 0x98, 0x9f, 0x9f, 0x9f,
};

const uint8_t (*BEAR320x240_01)[BEAR320x240_01_WIDTH][BEAR320x240_01_COMPONENTS] = (const uint8_t (*)[BEAR320x240_01_WIDTH][BEAR320x240_01_COMPONENTS])&(BEAR320x240_01_map[256 * 4]);
const uint8_t (*BEAR320x240_01_cm)[4] = (const uint8_t (*)[4])&(BEAR320x240_01_map[0]);

#endif
